"REPORT_ID","Stats Area","Suburb","Postcode","LGA Name","Total Units","Total Cas","Total Fats","Total SI","Total MI","Year","Month","Day","Time","Area Speed","Position Type","Horizontal Align","Vertical Align","Other Feat","Road Surface","Moisture Cond","Weather Cond","DayNight","Crash Type","Unit Resp","Entity Code","CSEF Severity","Traffic Ctrls","DUI Involved","Drugs Involved","ACCLOC_X","ACCLOC_Y","UNIQUE_LOC"
"2012-1318-27/05/2021","2 Metropolitan","BROOKLYN PARK","5032","CITY OF WEST TORRENS",2,0,0,0,0,2012,"January","Tuesday","12:50 pm","060","T-Junction","Straight road","Level","Not Applicable","Sealed","Dry","Not Raining","Daylight","Right Angle","02","Driver Rider","1: PDO","No Control","","",1324141.55,1669861.03,"13241421669861"
"2012-1319-27/05/2021","2 Metropolitan","HACKHAM WEST","5163","CITY OF ONKAPARINGA",4,0,0,0,0,2012,"January","Tuesday","08:30 am","050","Not Divided","Straight road","Slope","Not Applicable","Sealed","Dry","Not Raining","Daylight","Hit Fixed Object","01","Driver Rider","1: PDO","No Control","","",1320578.25,1646633.1,"13205781646633"
"2012-1320-27/05/2021","2 Metropolitan","ASCOT PARK","5043","CC MARION.                    ",2,0,0,0,0,2012,"January","Tuesday","01:30 pm","060","T-Junction","Straight road","Level","Not Applicable","Sealed","Dry","Not Raining","Daylight","Right Angle","02","Driver Rider","1: PDO","No Control","","",1324893.73,1663749.1,"13248941663749"
"2012-1321-27/05/2021","2 Metropolitan","GOLDEN GROVE","5125","CITY OF TEA TREE GULLY",2,0,0,0,0,2012,"January","Tuesday","02:05 pm","060","Cross Road","Straight road","Level","Not Applicable","Sealed","Dry","Not Raining","Daylight","Right Turn","02","Driver Rider","1: PDO","Traffic Signals","","",1337574.1,1685175.27,"13375741685175"
"2012-1322-27/05/2021","3 Country","BARMERA","5345","THE BERRI BARMERA COUNCIL",2,0,0,0,0,2012,"January","Tuesday","01:00 pm","050","T-Junction","Straight road","Level","Not Applicable","Sealed","Dry","Not Raining","Daylight","Hit Fixed Object","01","Driver Rider","1: PDO","No Control","","",1502559.23,1737586.77,"15025591737587"
"2012-1323-27/05/2021","3 Country","MOSQUITO HILL","5214","ALEXANDRINA COUNCIL",3,2,0,0,2,2012,"January","Monday","07:55 pm","100","Not Divided","CURVED, VIEW OBSCURED","Level","Not Applicable","Sealed","Dry","Not Raining","Daylight","Hit Object on Road","01","Driver Rider","2: MI","No Control","","",1332067.35,1618494.19,"13320671618494"
"2012-1324-27/05/2021","3 Country","FURNER","5280","WATTLE RANGE COUNCIL",2,0,0,0,0,2012,"January","Tuesday","02:00 pm","110","Not Divided","Straight road","Level","Not Applicable","Sealed","Dry","Not Raining","Daylight","Hit Fixed Object","01","Driver Rider","1: PDO","No Control","","",1462830.51,1392700.45,"14628311392700"
"2012-1325-27/05/2021","3 Country","STRATHALBYN","5255","ALEXANDRINA COUNCIL",2,1,0,0,1,2012,"January","Monday","10:10 pm","060","Not Divided","CURVED, VIEW OPEN","Level","Driveway or Entrance","Sealed","Dry","Not Raining","Night","Hit Fixed Object","01","Driver Rider","2: MI","No Control","","",1354208.9,1634135.59,"13542091634136"
"2012-1326-27/05/2021","3 Country","TOOPERANG","5255","ALEXANDRINA COUNCIL",1,1,0,1,0,2012,"January","Tuesday","11:50 am","080","Not Divided","CURVED, VIEW OBSCURED","Level","Bridge, Culvert, Causeway","Sealed","Dry","Not Raining","Daylight","Left Road - Out of Control","01","Driver Rider","3: SI","No Control","","",1338922.47,1621181.88,"13389221621182"
"2012-1327-27/05/2021","2 Metropolitan","NORWOOD","5067","CC OF NORWOOD,PAYNEHAM & ST PETERS",2,1,0,0,1,2012,"January","Monday","04:20 pm","060","T-Junction","Straight road","Level","Not Applicable","Sealed","Dry","Not Raining","Daylight","Right Angle","01","Driver Rider","2: MI","No Control","","",1330829.47,1671041.07,"13308291671041"
"2012-1328-27/05/2021","2 Metropolitan","TRINITY GARDENS","5068","CITY OF BURNSIDE",2,0,0,0,0,2012,"January","Tuesday","03:45 pm","060","Not Divided","Straight road","Level","Not Applicable","Sealed","Dry","Not Raining","Daylight","Rear End","02","Driver Rider","1: PDO","No Control","","",,,
"2012-1329-27/05/2021","3 Country","MOUNT GAMBIER","5290","CC MT.GAMBIER.                ",2,0,0,0,0,2012,"January","Monday","04:30 pm","060","Cross Road","CURVED, VIEW OPEN","Level","Not Applicable","Sealed","Dry","Not Raining","Daylight","Right Angle","01","Driver Rider","1: PDO","Roundabout","","",1510348.34,1340746.47,"15103481340746"
"2012-1330-27/05/2021","2 Metropolitan","NORWOOD","5067","CC OF NORWOOD,PAYNEHAM & ST PETERS",3,3,0,0,3,2012,"January","Tuesday","08:00 am","050","Cross Road","Straight road","Level","Not Applicable","Sealed","Dry","Not Raining","Daylight","Rear End","01","Driver Rider","2: MI","Traffic Signals","","",1331854.23,1671077.71,"13318541671078"
"2012-1331-27/05/2021","2 Metropolitan","WINGFIELD","5013","CITY OF PORT ADELAIDE ENFIELD",2,0,0,0,0,2012,"January","Monday","04:10 pm","060","Cross Road","Straight road","Level","Roadworks","Sealed","Dry","Not Raining","Daylight","Rear End","01","Driver Rider","1: PDO","Traffic Signals","","",1325515.62,1680217.62,"13255161680218"
"2012-1332-27/05/2021","2 Metropolitan","ST MARYS","5042","CC MITCHAM.                   ",2,0,0,0,0,2012,"January","Tuesday","08:15 am","070","Divided Road","Straight road","Slope","Not Applicable","Sealed","Dry","Not Raining","Daylight","Rear End","02","Driver Rider","1: PDO","No Control","","",,,
"2012-1333-27/05/2021","3 Country","PORT MACDONNELL","5291","DISTRICT COUNCIL OF GRANT",2,0,0,0,0,2012,"January","Monday","07:50 am","050","T-Junction","Straight road","Level","Not Applicable","Sealed","Dry","Not Raining","Daylight","Side Swipe","01","Driver Rider","1: PDO","No Control","","",1501701.5,1315484.02,"15017021315484"
"2012-1334-27/05/2021","2 Metropolitan","MILE END","5031","CITY OF WEST TORRENS",2,0,0,0,0,2012,"January","Tuesday","05:10 pm","050","T-Junction","Straight road","Level","Not Applicable","Sealed","Dry","Not Raining","Daylight","Right Turn","01","Driver Rider","1: PDO","Give Way Sign","","",1326275.89,1671296.45,"13262761671296"
"2012-1335-27/05/2021","3 Country","MOUNT GAMBIER","5290","CC MT.GAMBIER.                ",2,0,0,0,0,2012,"January","Tuesday","05:45 pm","060","T-Junction","Straight road","Level","Not Applicable","Sealed","Dry","Not Raining","Daylight","Rear End","02","Driver Rider","1: PDO","No Control","","",1511130.91,1339934.09,"15111311339934"
"2012-1336-27/05/2021","2 Metropolitan","PAYNEHAM","5070","CC OF NORWOOD,PAYNEHAM & ST PETERS",2,0,0,0,0,2012,"January","Tuesday","02:45 pm","060","Cross Road","Straight road","Level","Not Applicable","Sealed","Dry","Not Raining","Daylight","Rear End","02","Driver Rider","1: PDO","Traffic Signals","","",1332162.99,1673774.81,"13321631673775"
"2012-1337-27/05/2021","2 Metropolitan","KENSINGTON","5068","CC OF NORWOOD,PAYNEHAM & ST PETERS",2,0,0,0,0,2012,"January","Tuesday","06:20 pm","060","T-Junction","Straight road","Level","Not Applicable","Sealed","Dry","Not Raining","Daylight","Right Angle","02","Driver Rider","1: PDO","Stop Sign","","",1333074.66,1670438.91,"13330751670439"
"2012-1338-27/05/2021","2 Metropolitan","SEATON","5023","CITY OF CHARLES STURT",2,0,0,0,0,2012,"January","Tuesday","05:45 pm","060","Rail Xing","Straight road","Level","Not Applicable","Sealed","Dry","Not Raining","Daylight","Right Angle","02","Driver Rider","1: PDO","Traffic Signals","","",1320752.28,1674693.53,"13207521674694"
"2012-1339-27/05/2021","2 Metropolitan","PROSPECT","5082","CITY OF PROSPECT",3,0,0,0,0,2012,"January","Tuesday","06:00 pm","060","Divided Road","Straight road","Slope","Not Applicable","Sealed","Dry","Not Raining","Daylight","Rear End","01","Driver Rider","1: PDO","No Control","","",,,
"2012-1340-27/05/2021","1 City","ADELAIDE","5000","CITY OF ADELAIDE",2,0,0,0,0,2012,"January","Tuesday","05:15 pm","060","T-Junction","Straight road","Level","Not Applicable","Sealed","Dry","Not Raining","Daylight","Right Angle","02","Driver Rider","1: PDO","Traffic Signals","","",1329495.76,1671170.43,"13294961671170"
"2012-1341-27/05/2021","2 Metropolitan","WAYVILLE","5034","CITY OF UNLEY",2,1,0,0,1,2012,"January","Tuesday","06:06 pm","060","Cross Road","Straight road","Level","Not Applicable","Sealed","Dry","Not Raining","Daylight","Right Angle","02","Driver Rider","2: MI","Traffic Signals","","",1327426.25,1668913.54,"13274261668914"
"2012-1342-27/05/2021","2 Metropolitan","PARA HILLS","5096","CITY OF SALISBURY",2,1,0,0,1,2012,"January","Tuesday","04:20 pm","050","Not Divided","Straight road","Level","Not Applicable","Sealed","Dry","Not Raining","Daylight","Hit Pedestrian","01","Pedestrian","2: MI","No Control","","",,,
"2012-1343-27/05/2021","2 Metropolitan","DERNANCOURT","5090","CITY OF TEA TREE GULLY",2,1,0,0,1,2012,"January","Tuesday","09:00 pm","060","T-Junction","CURVED, VIEW OBSCURED","Slope","Not Applicable","Sealed","Dry","Not Raining","Night","Right Angle","01","Driver Rider","2: MI","No Control","","",1337020.96,1677952.45,"13370211677952"
"2012-1344-27/05/2021","2 Metropolitan","CROYDON PARK","5008","CITY OF PORT ADELAIDE ENFIELD",2,0,0,0,0,2012,"January","Tuesday","09:30 pm","060","Cross Road","Straight road","Level","Not Applicable","Sealed","Dry","Not Raining","Night","Right Angle","02","Driver Rider","1: PDO","Stop Sign","","",1326083.24,1675355.85,"13260831675356"
"2012-1345-27/05/2021","2 Metropolitan","GEPPS CROSS","5094","CITY OF PORT ADELAIDE ENFIELD",3,0,0,0,0,2012,"January","Tuesday","08:30 am","060","Divided Road","Straight road","Crest of Hill","Roadworks","Sealed","Dry","Not Raining","Daylight","Rear End","02","Driver Rider","1: PDO","No Control","","",,,
"2012-1346-27/05/2021","1 City","ADELAIDE","5000","CITY OF ADELAIDE",2,0,0,0,0,2012,"January","Wednesday","01:30 am","060","Cross Road","Straight road","Level","Not Applicable","Sealed","Dry","Not Raining","Night","Rear End","02","Driver Rider","1: PDO","Traffic Signals","","",1327395.61,1669542.05,"13273961669542"
"2012-1347-27/05/2021","3 Country","PORT WAKEFIELD","5550","WAKEFIELD REGIONAL COUNCIL",2,0,0,0,0,2012,"January","Wednesday","12:05 am","110","T-Junction","Straight road","Level","Not Applicable","Sealed","Dry","Not Raining","Night","Right Angle","01","Driver Rider","1: PDO","Give Way Sign","","",1290533.44,1756462.12,"12905331756462"
"2012-1348-27/05/2021","2 Metropolitan","MORPHETT VALE","5162","CITY OF ONKAPARINGA",2,0,0,0,0,2012,"January","Tuesday","04:00 am","050","Not Divided","CURVED, VIEW OPEN","Slope","Not Applicable","Sealed","Dry","Not Raining","Night","Hit Fixed Object","01","Driver Rider","1: PDO","No Control","","",1320223.85,1650214.17,"13202241650214"
"2012-1349-27/05/2021","2 Metropolitan","HAZELWOOD PARK","5066","CITY OF BURNSIDE",3,0,0,0,0,2012,"January","Wednesday","05:00 am","060","Not Divided","Straight road","Level","Not Applicable","Sealed","Dry","Not Raining","Night","Hit Fixed Object","01","Driver Rider","1: PDO","No Control","","",1333932.69,1669205.65,"13339331669206"
"2012-1350-27/05/2021","2 Metropolitan","WOODCROFT","5162","CITY OF ONKAPARINGA",2,0,0,0,0,2012,"January","Wednesday","12:30 am","080","Cross Road","Straight road","Level","Not Applicable","Sealed","Dry","Not Raining","Night","Right Turn","01","Driver Rider","1: PDO","Traffic Signals","","",1323088.23,1649921.53,"13230881649922"
"2012-1351-27/05/2021","2 Metropolitan","HILLBANK","5112","CITY OF PLAYFORD.",2,0,0,0,0,2012,"January","Wednesday","06:30 am","060","T-Junction","Straight road","Level","Not Applicable","Sealed","Dry","Not Raining","Daylight","Rear End","02","Driver Rider","1: PDO","Traffic Signals","","",1336371.28,1689664.55,"13363711689665"
"2012-1352-27/05/2021","2 Metropolitan","PLYMPTON","5038","CITY OF WEST TORRENS",3,0,0,0,0,2012,"January","Wednesday","08:30 am","060","Divided Road","Straight road","Level","Not Applicable","Sealed","Dry","Not Raining","Daylight","Rear End","01","Driver Rider","1: PDO","No Control","","",1324229.21,1666498.53,"13242291666499"
"2012-1353-27/05/2021","3 Country","PORT PIRIE WEST","5540","PT.PIRIE CITY & DIST. COUNCIL ",2,0,0,0,0,2012,"January","Wednesday","09:10 am","050","T-Junction","Straight road","Level","Not Applicable","Sealed","Dry","Not Raining","Daylight","Right Angle","02","Driver Rider","1: PDO","No Control","","",1279266.57,1864982.69,"12792671864983"
"2012-1354-27/05/2021","2 Metropolitan","PROSPECT","5082","CITY OF PROSPECT",2,0,0,0,0,2012,"January","Tuesday","11:00 am","050","Not Divided","Straight road","Level","Not Applicable","Sealed","Dry","Not Raining","Daylight","Hit Parked Vehicle","02","Driver Rider","1: PDO","No Control","","",1328324.48,1675012.41,"13283241675012"
"2012-1355-27/05/2021","2 Metropolitan","MODBURY","5092","CITY OF TEA TREE GULLY",2,0,0,0,0,2012,"January","Wednesday","08:50 am","060","Cross Road","Straight road","Level","Not Applicable","Sealed","Dry","Not Raining","Daylight","Right Turn","02","Driver Rider","1: PDO","Traffic Signals","","",1336876.73,1680834.99,"13368771680835"
"2012-1356-27/05/2021","2 Metropolitan","UNLEY","5061","CITY OF UNLEY",2,0,0,0,0,2012,"January","Wednesday","08:35 am","050","Not Divided","Straight road","Level","Not Applicable","Sealed","Dry","Not Raining","Daylight","Right Angle","01","Driver Rider","1: PDO","No Control","","",1328384.95,1667856.14,"13283851667856"
"2012-1357-27/05/2021","2 Metropolitan","ELIZABETH VALE","5112","CITY OF PLAYFORD.",2,0,0,0,0,2012,"January","Wednesday","08:20 am","060","T-Junction","Straight road","Level","Not Applicable","Sealed","Dry","Not Raining","Daylight","Side Swipe","01","Driver Rider","1: PDO","No Control","","",1334996.66,1689977.18,"13349971689977"
"2012-1358-27/05/2021","3 Country","PORT LINCOLN","5606","CC PT.LINCOLN.                ",2,0,0,0,0,2012,"January","Tuesday","01:15 pm","060","Not Divided","CURVED, VIEW OPEN","Level","Not Applicable","Sealed","Wet","Raining","Daylight","Hit Fixed Object","01","Driver Rider","1: PDO","No Control","","",1077088.03,1697725.28,"10770881697725"
"2012-1359-27/05/2021","2 Metropolitan","KLEMZIG","5087","CITY OF PORT ADELAIDE ENFIELD",2,1,0,0,1,2012,"January","Wednesday","09:30 am","060","Cross Road","Straight road","Level","Not Applicable","Sealed","Dry","Not Raining","Daylight","Rear End","02","Driver Rider","2: MI","Traffic Signals","","",1332072.8,1676595.28,"13320731676595"
"2012-1360-27/05/2021","2 Metropolitan","UNLEY","5061","CITY OF UNLEY",2,0,0,0,0,2012,"January","Tuesday","12:30 pm","050","Not Divided","Straight road","Level","Not Applicable","Sealed","Dry","Not Raining","Daylight","Hit Fixed Object","01","Driver Rider","1: PDO","No Control","","",,,
"2012-1361-27/05/2021","2 Metropolitan","ADELAIDE","5000","CITY OF WEST TORRENS",2,1,0,0,1,2012,"January","Wednesday","10:00 am","060","Divided Road","Straight road","Level","Not Applicable","Sealed","Dry","Not Raining","Daylight","Rear End","02","Driver Rider","2: MI","No Control","","",1326585.41,1671568.93,"13265851671569"
"2012-1362-27/05/2021","2 Metropolitan","ST AGNES","5097","CITY OF TEA TREE GULLY",2,0,0,0,0,2012,"January","Wednesday","09:45 am","060","Divided Road","Straight road","Level","Driveway or Entrance","Sealed","Dry","Not Raining","Daylight","Right Angle","02","Driver Rider","1: PDO","No Control","","",1339727.26,1681816.81,"13397271681817"
"2012-1363-27/05/2021","3 Country","COOBER PEDY","5723",,2,0,0,0,0,2012,"January","Wednesday","10:45 am","100","Not Divided","Straight road","Slope","Not Applicable","Unsealed","Dry","Not Raining","Daylight","Side Swipe","01","Driver Rider","1: PDO","No Control","","",994106.07,2396381.62,"09941062396382"
"2012-1364-27/05/2021","2 Metropolitan","NORWOOD","5067","CC OF NORWOOD,PAYNEHAM & ST PETERS",2,0,0,0,0,2012,"January","Wednesday","10:00 am","060","Multiple","Straight road","Level","Not Applicable","Sealed","Dry","Not Raining","Daylight","Rear End","02","Driver Rider","1: PDO","Roundabout","","",1330623.32,1670361.88,"13306231670362"
"2012-1365-27/05/2021","2 Metropolitan","GLENELG","5045","CITY OF HOLDFAST BAY",2,0,0,0,0,2012,"January","Tuesday","09:10 pm","050","Not Divided","Straight road","Level","Not Applicable","Sealed","Dry","Not Raining","Night","Hit Parked Vehicle","02","Driver Rider","1: PDO","No Control","","",,,
"2012-1366-27/05/2021","2 Metropolitan","MAGILL","5072","CC CAMPBELLTOWN.              ",2,0,0,0,0,2012,"January","Tuesday","02:30 pm","050","Cross Road","Straight road","Slope","Not Applicable","Sealed","Dry","Not Raining","Daylight","Right Angle","01","Driver Rider","1: PDO","Give Way Sign","","",1335884.33,1672274.47,"13358841672274"
"2012-1367-27/05/2021","2 Metropolitan","BROMPTON","5007","CITY OF CHARLES STURT",2,0,0,0,0,2012,"January","Wednesday","10:15 am","040","Cross Road","Straight road","Level","Not Applicable","Sealed","Dry","Not Raining","Daylight","Right Angle","01","Driver Rider","1: PDO","Stop Sign","","",1326399.8,1673628.84,"13264001673629"
"2012-1368-27/05/2021","2 Metropolitan","GAWLER","5118","CT GAWLER.                    ",2,1,0,0,1,2012,"January","Wednesday","07:05 am","050","T-Junction","Straight road","Level","Not Applicable","Sealed","Dry","Not Raining","Daylight","Rear End","01","Driver Rider","2: MI","Traffic Signals","","",1343360.57,1706588.67,"13433611706589"
"2012-1369-27/05/2021","2 Metropolitan","CAVAN","5094","CITY OF SALISBURY",2,1,0,0,1,2012,"January","Wednesday","07:10 am","070","T-Junction","Straight road","Level","Not Applicable","Sealed","Dry","Not Raining","Daylight","Rear End","02","Driver Rider","2: MI","No Control","","",1328919.42,1681623.93,"13289191681624"
"2012-1370-27/05/2021","1 City","ADELAIDE","5000","CITY OF ADELAIDE",2,0,0,0,0,2012,"January","Tuesday","05:20 pm","050","T-Junction","Straight road","Level","Not Applicable","Sealed","Dry","Not Raining","Daylight","Right Angle","02","Driver Rider","1: PDO","No Control","","",1328814.3,1670526.31,"13288141670526"
"2012-1371-27/05/2021","2 Metropolitan","GEPPS CROSS","5094","CITY OF PORT ADELAIDE ENFIELD",2,0,0,0,0,2012,"January","Wednesday","01:00 pm","060","Cross Road","Straight road","Level","Unknown","Sealed","Dry","Not Raining","Daylight","Side Swipe","02","Driver Rider","1: PDO","Traffic Signals","","",1327182.14,1679208.39,"13271821679208"
"2012-1372-27/05/2021","2 Metropolitan","HAZELWOOD PARK","5066","CITY OF BURNSIDE",2,0,0,0,0,2012,"January","Wednesday","10:00 am","050","Not Divided","Straight road","Level","Not Applicable","Sealed","Dry","Not Raining","Daylight","Hit Parked Vehicle","02","Driver Rider","1: PDO","No Control","","",1333827.4,1668976.67,"13338271668977"
"2012-1373-27/05/2021","2 Metropolitan","MALVERN","5061","CITY OF UNLEY",2,0,0,0,0,2012,"January","Wednesday","11:50 am","060","Pedestrian Crossing","Straight road","Slope","Not Applicable","Sealed","Dry","Not Raining","Daylight","Rear End","02","Driver Rider","1: PDO","Traffic Signals","","",1329120.82,1666997.3,"13291211666997"
"2012-1374-27/05/2021","2 Metropolitan","DRY CREEK","5094","CITY OF PORT ADELAIDE ENFIELD",3,4,0,0,4,2012,"January","Wednesday","12:15 pm","060","T-Junction","Straight road","Level","Not Applicable","Sealed","Dry","Not Raining","Daylight","Right Turn","02","Driver Rider","2: MI","No Control","","",1327321.79,1680197.21,"13273221680197"
"2012-1375-27/05/2021","2 Metropolitan","ENFIELD","5085","CITY OF PORT ADELAIDE ENFIELD",4,1,0,0,1,2012,"January","Wednesday","11:00 am","060","T-Junction","Straight road","Slope","Not Applicable","Sealed","Dry","Not Raining","Daylight","Rear End","01","Driver Rider","2: MI","No Control","","",1328834.38,1677689.93,"13288341677690"
"2012-1376-27/05/2021","2 Metropolitan","SALISBURY PLAIN","5109","CITY OF SALISBURY",2,0,0,0,0,2012,"January","Wednesday","11:00 am","080","Divided Road","Straight road","Level","Not Applicable","Sealed","Dry","Not Raining","Daylight","Hit Fixed Object","09","Other","1: PDO","No Control","","",1335363.79,1688045.5,"13353641688046"
"2012-1377-27/05/2021","2 Metropolitan","LONSDALE","5160","CITY OF ONKAPARINGA",2,1,0,0,1,2012,"January","Wednesday","12:40 pm","070","Not Divided","Straight road","Level","Not Applicable","Sealed","Dry","Not Raining","Daylight","Side Swipe","01","Driver Rider","2: MI","No Control","","",1318397.43,1649788.33,"13183971649788"
"2012-1378-27/05/2021","2 Metropolitan","WATTLE PARK","5066","CITY OF BURNSIDE",2,1,0,0,1,2012,"January","Wednesday","09:40 am","060","Not Divided","Straight road","Level","Driveway or Entrance","Sealed","Dry","Not Raining","Daylight","Rear End","02","Driver Rider","2: MI","No Control","","",1335460.66,1670585.95,"13354611670586"
"2012-1379-27/05/2021","2 Metropolitan","PROSPECT","5082","CITY OF PROSPECT",2,0,0,0,0,2012,"January","Wednesday","12:25 pm","060","Cross Road","Straight road","Level","Not Applicable","Sealed","Dry","Not Raining","Daylight","Right Angle","02","Driver Rider","1: PDO","Traffic Signals","","",1328862.28,1676441.72,"13288621676442"
"2012-1380-27/05/2021","1 City","NORTH ADELAIDE","5006","CITY OF ADELAIDE",2,0,0,0,0,2012,"January","Wednesday","02:00 pm","050","Not Divided","Straight road","Level","Not Applicable","Sealed","Dry","Not Raining","Daylight","Side Swipe","01","Driver Rider","1: PDO","No Control","","",,,
"2012-1381-27/05/2021","3 Country","HILL RIVER","5453","CLARE AND GILBERT VALLEYS DISTRICT COUNCIL",2,0,0,0,0,2012,"January","Saturday","07:30 am","100","Not Divided","Straight road","Crest of Hill","Not Applicable","Unsealed","Dry","Not Raining","Daylight","Hit Animal","02","Animal","1: PDO","No Control","","",1340054.05,1796445.16,"13400541796445"
"2012-1382-27/05/2021","2 Metropolitan","PROSPECT","5082","CITY OF PROSPECT",2,0,0,0,0,2012,"January","Wednesday","01:30 pm","050","Cross Road","Straight road","Level","Not Applicable","Sealed","Dry","Not Raining","Daylight","Rear End","02","Driver Rider","1: PDO","Stop Sign","","",1328094.44,1674947.97,"13280941674948"
"2012-1383-27/05/2021","3 Country","NORMANVILLE","5204","DC YANKALILLA.                ",2,0,0,0,0,2012,"January","Wednesday","02:30 pm","060","Not Divided","Straight road","Level","Driveway or Entrance","Sealed","Dry","Not Raining","Daylight","Right Angle","01","Driver Rider","1: PDO","No Control","","",1300687.3,1613327.66,"13006871613328"
"2012-1384-27/05/2021","2 Metropolitan","SALISBURY","5108","CITY OF SALISBURY",2,2,0,0,2,2012,"January","Wednesday","02:25 pm","025","Divided Road","Straight road","Level","Roadworks","Sealed","Dry","Not Raining","Daylight","Side Swipe","01","Driver Rider","2: MI","No Control","","",1333554.38,1689515.5,"13335541689516"
"2012-1385-27/05/2021","2 Metropolitan","OVINGHAM","5082","CITY OF CHARLES STURT",2,0,0,0,0,2012,"January","Wednesday","10:00 am","060","Divided Road","Straight road","Level","Not Applicable","Sealed","Dry","Not Raining","Daylight","Rear End","02","Driver Rider","1: PDO","No Control","","",,,
"2012-1386-27/05/2021","2 Metropolitan","ST GEORGES","5064","CITY OF BURNSIDE",4,0,0,0,0,2012,"January","Tuesday","10:30 pm","060","Divided Road","Straight road","Slope","Driveway or Entrance","Sealed","Dry","Not Raining","Night","Right Angle","01","Driver Rider","1: PDO","No Control","","",1332351.9,1667812.22,"13323521667812"
"2012-1387-27/05/2021","2 Metropolitan","PARAFIELD","5106","CITY OF SALISBURY",2,0,0,0,0,2012,"January","Wednesday","01:00 pm","080","Divided Road","Straight road","Level","Not Applicable","Sealed","Dry","Not Raining","Daylight","Rear End","02","Driver Rider","1: PDO","No Control","","",,,
"2012-1388-27/05/2021","2 Metropolitan","UNDERDALE","5032","CITY OF WEST TORRENS",2,0,0,0,0,2012,"January","Wednesday","02:20 pm","060","T-Junction","Straight road","Level","Not Applicable","Sealed","Dry","Not Raining","Daylight","Rear End","01","Driver Rider","1: PDO","Traffic Signals","","",1323855.47,1670942.23,"13238551670942"
"2012-1389-27/05/2021","2 Metropolitan","EDWARDSTOWN","5039","CC MARION.                    ",2,0,0,0,0,2012,"January","Wednesday","03:40 pm","050","Not Divided","Straight road","Level","Not Applicable","Sealed","Dry","Not Raining","Daylight","Side Swipe","02","Driver Rider","1: PDO","No Control","","",,,
"2012-1390-27/05/2021","2 Metropolitan","CRAIGMORE","5114","CITY OF PLAYFORD.",2,0,0,0,0,2012,"January","Tuesday","01:00 pm","050","Not Divided","Straight road","Level","Not Applicable","Sealed","Dry","Not Raining","Daylight","Hit Parked Vehicle","01","Driver Rider","1: PDO","No Control","","",1338809.79,1694870.18,"13388101694870"
"2012-1391-27/05/2021","3 Country","KAPUNDA","5373","LIGHT REGIONAL COUNCIL",2,0,0,0,0,2012,"January","Tuesday","04:00 pm","050","Not Divided","Straight road","Level","Driveway or Entrance","Sealed","Dry","Not Raining","Daylight","Hit Fixed Object","01","Driver Rider","1: PDO","No Control","","",,,
"2012-1392-27/05/2021","2 Metropolitan","GEPPS CROSS","5094","CITY OF PORT ADELAIDE ENFIELD",2,0,0,0,0,2012,"January","Monday","05:50 pm","060","Cross Road","Straight road","Level","Not Applicable","Sealed","Dry","Not Raining","Daylight","Rear End","01","Driver Rider","1: PDO","Traffic Signals","","",1330372.74,1679303.24,"13303731679303"
"2012-1393-27/05/2021","2 Metropolitan","ELIZABETH DOWNS","5113","CITY OF PLAYFORD.",2,0,0,0,0,2012,"January","Wednesday","04:25 pm","050","T-Junction","Straight road","Level","Not Applicable","Sealed","Dry","Not Raining","Daylight","Rear End","02","Driver Rider","1: PDO","No Control","","",1337998.36,1696450.86,"13379981696451"
"2012-1394-27/05/2021","2 Metropolitan","PORT ADELAIDE","5015","CITY OF PORT ADELAIDE ENFIELD",2,0,0,0,0,2012,"January","Wednesday","04:30 pm","050","Not Divided","Straight road","Level","Not Applicable","Sealed","Dry","Not Raining","Daylight","Side Swipe","02","Driver Rider","1: PDO","No Control","","",1320226.25,1679717.76,"13202261679718"
"2012-1395-27/05/2021","2 Metropolitan","ST PETERS","5069","CC OF NORWOOD,PAYNEHAM & ST PETERS",2,0,0,0,0,2012,"January","Wednesday","03:45 pm","050","Not Divided","Straight road","Level","Not Applicable","Sealed","Dry","Not Raining","Daylight","Hit Parked Vehicle","01","Driver Rider","1: PDO","No Control","","",1331247.4,1672701.68,"13312471672702"
"2012-1396-27/05/2021","1 City","ADELAIDE","5000","CITY OF ADELAIDE",2,1,0,0,1,2012,"January","Wednesday","04:40 pm","060","T-Junction","Straight road","Level","Not Applicable","Sealed","Dry","Not Raining","Daylight","Rear End","02","Driver Rider","2: MI","Traffic Signals","","",1327382.28,1670486.86,"13273821670487"
"2012-1397-27/05/2021","3 Country","WHYALLA PLAYFORD","5600","CC WHYALLA.                   ",2,0,0,0,0,2012,"January","Wednesday","05:20 pm","080","Cross Road","Straight road","Level","Not Applicable","Sealed","Dry","Not Raining","Daylight","Rear End","01","Driver Rider","1: PDO","Traffic Signals","","",1240129.79,1885528.94,"12401301885529"
"2012-1398-27/05/2021","3 Country","VICTOR HARBOR","5211","DC VICTOR HARBOR.             ",3,0,0,0,0,2012,"January","Wednesday","05:00 pm","050","Not Divided","Straight road","Level","Driveway or Entrance","Sealed","Dry","Not Raining","Daylight","Right Angle","01","Driver Rider","1: PDO","No Control","","",1328096.37,1600922.07,"13280961600922"
"2012-1399-27/05/2021","2 Metropolitan","GLENELG NORTH","5045","CITY OF HOLDFAST BAY",2,0,0,0,0,2012,"January","Wednesday","05:50 pm","060","Cross Road","Straight road","Level","Not Applicable","Sealed","Dry","Not Raining","Daylight","Rear End","02","Driver Rider","1: PDO","Traffic Signals","","",1321009.59,1665321.55,"13210101665322"