"REPORT_ID","Stats Area","Suburb","Postcode","LGA Name","Total Units","Total Cas","Total Fats","Total SI","Total MI","Year","Month","Day","Time","Area Speed","Position Type","Horizontal Align","Vertical Align","Other Feat","Road Surface","Moisture Cond","Weather Cond","DayNight","Crash Type","Unit Resp","Entity Code","CSEF Severity","Traffic Ctrls","DUI Involved","Drugs Involved","ACCLOC_X","ACCLOC_Y","UNIQUE_LOC"
"2012-1564-27/05/2021","3 Country","PORT LINCOLN","5606","CC PT.LINCOLN.                ",2,0,0,0,0,2012,"January","Saturday","06:20 pm","050","Cross Road","Straight road","Level","Not Applicable","Sealed","Dry","Not Raining","Daylight","Rear End","01","Driver Rider","1: PDO","Stop Sign","","",1079607.87,1698103.65,"10796081698104"
"2012-1565-27/05/2021","3 Country","GULNARE","5471","NORTHERN AREAS DISTRICT COUNCIL",2,0,0,0,0,2012,"January","Friday","03:55 pm","110","Not Divided","Straight road","Crest of Hill","Not Applicable","Sealed","Dry","Not Raining","Daylight","Side Swipe","01","Driver Rider","1: PDO","No Control","","",1317717.9,1834986.83,"13177181834987"
"2012-1566-27/05/2021","2 Metropolitan","FULHAM","5024","CITY OF WEST TORRENS",2,0,0,0,0,2012,"January","Friday","05:15 pm","060","Cross Road","CURVED, VIEW OPEN","Level","Road hump or Slow point","Sealed","Dry","Not Raining","Daylight","Hit Fixed Object","01","Driver Rider","1: PDO","Traffic Signals","","",1320990.35,1670844.64,"13209901670845"
"2012-1567-27/05/2021","2 Metropolitan","BELLEVUE HEIGHTS","5050","CC MITCHAM.                   ",2,1,0,0,1,2012,"January","Saturday","11:30 am","060","T-Junction","Straight road","Level","Not Applicable","Sealed","Dry","Not Raining","Daylight","Right Turn","02","Driver Rider","2: MI","No Control","","",1326322.42,1660404.87,"13263221660405"
"2012-1568-27/05/2021","2 Metropolitan","GLENELG SOUTH","5045","CITY OF HOLDFAST BAY",2,0,0,0,0,2012,"January","Saturday","07:15 pm","050","T-Junction","Straight road","Level","Not Applicable","Sealed","Dry","Not Raining","Daylight","Right Angle","02","Driver Rider","1: PDO","No Control","","",1320643.58,1663759.3,"13206441663759"
"2012-1569-27/05/2021","2 Metropolitan","KUDLA","5115","CT GAWLER.                    ",2,0,0,0,0,2012,"January","Saturday","06:40 pm","080","T-Junction","Straight road","Level","Not Applicable","Sealed","Dry","Not Raining","Daylight","Right Angle","02","Driver Rider","1: PDO","No Control","","",1339091.52,1700467.37,"13390921700467"
"2012-1570-27/05/2021","2 Metropolitan","GEPPS CROSS","5094","CITY OF PORT ADELAIDE ENFIELD",2,1,0,0,1,2012,"January","Saturday","07:35 pm","060","Multiple","Straight road","Level","Not Applicable","Sealed","Dry","Not Raining","Daylight","Right Angle","01","Driver Rider","2: MI","Traffic Signals","","",1328810.92,1679280.6,"13288111679281"
"2012-1571-27/05/2021","1 City","ADELAIDE","5000","CITY OF ADELAIDE",4,0,0,0,0,2012,"January","Saturday","11:55 pm","060","T-Junction","Straight road","Level","Not Applicable","Sealed","Dry","Not Raining","Night","Rear End","02","Driver Rider","1: PDO","Give Way Sign","","",1327377.74,1670639.77,"13273781670640"
"2012-1572-27/05/2021","2 Metropolitan","ADELAIDE","5069","CC OF NORWOOD,PAYNEHAM & ST PETERS",2,0,0,0,0,2012,"January","Friday","04:30 pm","060","Cross Road","Straight road","Level","Not Applicable","Sealed","Dry","Not Raining","Daylight","Rear End","01","Driver Rider","1: PDO","Traffic Signals","","",1329888.83,1671303.97,"13298891671304"
"2012-1573-27/05/2021","3 Country","HAYBOROUGH","5211","DC VICTOR HARBOR.             ",2,0,0,0,0,2012,"January","Sunday","01:29 am","050","Not Divided","Straight road","Slope","Not Applicable","Sealed","Dry","Not Raining","Night","Hit Fixed Object","01","Driver Rider","1: PDO","No Control","","",,,
"2012-1574-27/05/2021","2 Metropolitan","ELIZABETH NORTH","5113","CITY OF PLAYFORD.",2,0,0,0,0,2012,"January","Sunday","01:40 am","060","Not Divided","Straight road","Level","Road hump or Slow point","Sealed","Dry","Not Raining","Night","Hit Fixed Object","01","Driver Rider","1: PDO","No Control","","",1336009.47,1694901.39,"13360091694901"
"2012-1575-27/05/2021","2 Metropolitan","GILBERTON","5081","WALKERVILLE TOWN COUNCIL",3,0,0,0,0,2012,"January","Sunday","03:50 am","050","Not Divided","Straight road","Slope","Not Applicable","Sealed","Dry","Not Raining","Night","Hit Parked Vehicle","01","Driver Rider","1: PDO","No Control","","",1329716.76,1673722.69,"13297171673723"
"2012-1576-27/05/2021","2 Metropolitan","ELIZABETH DOWNS","5113","CITY OF PLAYFORD.",2,0,0,0,0,2012,"January","Sunday","02:40 am","080","Divided Road","Straight road","Level","Not Applicable","Sealed","Dry","Not Raining","Night","Hit Fixed Object","01","Driver Rider","1: PDO","No Control","Y","",,,
"2012-1577-27/05/2021","2 Metropolitan","HENLEY BEACH","5022","CITY OF CHARLES STURT",3,0,0,0,0,2012,"January","Saturday","01:55 pm","050","Not Divided","Straight road","Level","Not Applicable","Sealed","Dry","Not Raining","Daylight","Hit Parked Vehicle","01","Driver Rider","1: PDO","No Control","","",,,
"2012-1578-27/05/2021","2 Metropolitan","TEA TREE GULLY","5091","CITY OF TEA TREE GULLY",3,1,0,0,1,2012,"January","Sunday","02:15 am","050","Not Divided","Straight road","Slope","Not Applicable","Sealed","Dry","Not Raining","Night","Hit Fixed Object","01","Driver Rider","2: MI","No Control","","",1340627.05,1681605.66,"13406271681606"
"2012-1579-27/05/2021","2 Metropolitan","HENLEY BEACH","5022","CITY OF CHARLES STURT",2,0,0,0,0,2012,"January","Saturday","02:20 pm","050","Cross Road","Straight road","Level","Not Applicable","Sealed","Dry","Not Raining","Daylight","Right Angle","02","Driver Rider","1: PDO","Give Way Sign","","",1319819.85,1672943.36,"13198201672943"
"2012-1580-27/05/2021","2 Metropolitan","ALDINGA","5173","CITY OF ONKAPARINGA",2,0,0,0,0,2012,"January","Sunday","05:45 am","080","Divided Road","Straight road","Level","Not Applicable","Sealed","Dry","Not Raining","Night","Hit Animal","02","Animal","1: PDO","No Control","","",,,
"2012-1581-27/05/2021","3 Country","MOUNT GAMBIER","5290","CC MT.GAMBIER.                ",2,0,0,0,0,2012,"January","Sunday","06:45 am","050","Not Divided","Straight road","Level","Not Applicable","Sealed","Dry","Not Raining","Daylight","Hit Parked Vehicle","02","Driver Rider","1: PDO","No Control","","",1510598.96,1339699.28,"15105991339699"
"2012-1582-27/05/2021","3 Country","MOUNT GAMBIER","5290","CC MT.GAMBIER.                ",2,1,0,0,1,2012,"January","Sunday","08:23 am","060","Cross Road","Straight road","Level","Not Applicable","Sealed","Dry","Not Raining","Daylight","Right Angle","01","Driver Rider","2: MI","Give Way Sign","","",1510823.28,1341793.03,"15108231341793"
"2012-1583-27/05/2021","2 Metropolitan","ELIZABETH EAST","5112","CITY OF PLAYFORD.",2,0,0,0,0,2012,"January","Sunday","10:00 am","060","T-Junction","Straight road","Level","Not Applicable","Sealed","Dry","Not Raining","Daylight","Right Angle","01","Driver Rider","1: PDO","No Control","","",1336770.65,1692817.59,"13367711692818"
"2012-1584-27/05/2021","1 City","NORTH ADELAIDE","5006","CITY OF ADELAIDE",2,1,0,0,1,2012,"January","Sunday","03:00 am","050","Cross Road","Straight road","Level","Not Applicable","Sealed","Dry","Not Raining","Night","Right Turn","01","Driver Rider","2: MI","Traffic Signals","","",1328428.41,1671809.75,"13284281671810"
"2012-1585-27/05/2021","2 Metropolitan","LOCKLEYS","5032","CITY OF WEST TORRENS",2,0,0,0,0,2012,"January","Saturday","08:20 am","060","T-Junction","Straight road","Level","Not Applicable","Sealed","Dry","Not Raining","Daylight","Right Angle","02","Driver Rider","1: PDO","No Control","","",1321144.53,1669976.2,"13211451669976"
"2012-1586-27/05/2021","1 City","ADELAIDE","5000","CITY OF ADELAIDE",2,0,0,0,0,2012,"January","Sunday","12:10 am","050","Not Divided","Straight road","Level","Not Applicable","Sealed","Dry","Not Raining","Night","Hit Parked Vehicle","02","Driver Rider","1: PDO","No Control","","",,,
"2012-1587-27/05/2021","2 Metropolitan","TORRENSVILLE","5031","CITY OF WEST TORRENS",2,0,0,0,0,2012,"January","Sunday","09:30 am","060","Divided Road","Straight road","Level","Not Applicable","Sealed","Dry","Not Raining","Daylight","Rear End","01","Driver Rider","1: PDO","No Control","","",1325740.83,1670973.12,"13257411670973"
"2012-1588-27/05/2021","2 Metropolitan","INGLE FARM","5098","CITY OF SALISBURY",2,0,0,0,0,2012,"January","Sunday","11:55 am","060","Not Divided","Straight road","Slope","Not Applicable","Sealed","Dry","Not Raining","Daylight","Side Swipe","01","Driver Rider","1: PDO","No Control","","",,,
"2012-1589-27/05/2021","2 Metropolitan","PLYMPTON","5038","CITY OF WEST TORRENS",2,0,0,0,0,2012,"January","Saturday","03:45 pm","060","Cross Road","Straight road","Level","Not Applicable","Sealed","Dry","Not Raining","Daylight","Side Swipe","02","Driver Rider","1: PDO","Traffic Signals","","",1324227.3,1666580.54,"13242271666581"
"2012-1590-27/05/2021","2 Metropolitan","SURREY DOWNS","5126","CITY OF TEA TREE GULLY",2,0,0,0,0,2012,"January","Saturday","09:30 pm","050","Not Divided","Straight road","Slope","Driveway or Entrance","Sealed","Dry","Not Raining","Night","Hit Fixed Object","01","Driver Rider","1: PDO","No Control","","",1338656.07,1684072.88,"13386561684073"
"2012-1591-27/05/2021","2 Metropolitan","VALE PARK","5081","WALKERVILLE TOWN COUNCIL",2,1,0,0,1,2012,"January","Sunday","10:10 am","060","Cross Road","Straight road","Slope","Not Applicable","Sealed","Dry","Not Raining","Daylight","Rear End","02","Driver Rider","2: MI","Traffic Signals","","",1330645.93,1675348.15,"13306461675348"
"2012-1592-27/05/2021","2 Metropolitan","DARLINGTON","5042","CITY OF ONKAPARINGA",2,0,0,0,0,2012,"January","Tuesday","05:15 pm","070","Cross Road","Straight road","Level","Not Applicable","Sealed","Dry","Not Raining","Daylight","Rear End","02","Driver Rider","1: PDO","Traffic Signals","","",1324428.24,1659710.67,"13244281659711"
"2012-1593-27/05/2021","2 Metropolitan","DEVON PARK","5008","CITY OF CHARLES STURT",2,0,0,0,0,2012,"January","Sunday","01:40 pm","050","Not Divided","Straight road","Level","Not Applicable","Sealed","Dry","Not Raining","Daylight","Head On","02","Driver Rider","1: PDO","No Control","","",1327095.53,1674789.36,"13270961674789"
"2012-1594-27/05/2021","2 Metropolitan","GREENACRES","5086","CITY OF PORT ADELAIDE ENFIELD",2,0,0,0,0,2012,"January","Sunday","01:15 pm","050","Cross Road","Straight road","Level","Not Applicable","Sealed","Dry","Not Raining","Daylight","Right Angle","02","Driver Rider","1: PDO","Give Way Sign","","",1331793.38,1677157.13,"13317931677157"
"2012-1595-27/05/2021","2 Metropolitan","LEABROOK","5068","CITY OF BURNSIDE",2,2,0,0,2,2012,"January","Sunday","02:05 pm","060","Cross Road","Straight road","Level","Not Applicable","Sealed","Dry","Not Raining","Daylight","Right Turn","02","Driver Rider","2: MI","Traffic Signals","","",1333899.19,1670462.72,"13338991670463"
"2012-1596-27/05/2021","2 Metropolitan","HOVE","5048","CITY OF HOLDFAST BAY",2,1,0,0,1,2012,"January","Sunday","02:48 pm","060","Rail Crossing","Straight road","Level","Not Applicable","Sealed","Dry","Not Raining","Daylight","Rear End","02","Driver Rider","2: MI","Rail Xing-Traffic Signals","","",1321124.92,1661292.05,"13211251661292"
"2012-1597-27/05/2021","2 Metropolitan","DAVOREN PARK","5113","CITY OF PLAYFORD.",2,0,0,0,0,2012,"January","Saturday","05:18 pm","060","Cross Road","Straight road","Level","Not Applicable","Sealed","Dry","Not Raining","Daylight","Right Angle","02","Driver Rider","1: PDO","Roundabout","","",1335599.18,1696373.36,"13355991696373"
"2012-1598-27/05/2021","2 Metropolitan","ADELAIDE AIRPORT","5950","CITY OF WEST TORRENS",2,2,0,0,2,2012,"January","Saturday","08:03 pm","050","Not Divided","Straight road","Level","Not Applicable","Sealed","Dry","Not Raining","Daylight","Hit Fixed Object","01","Driver Rider","2: MI","No Control","","",1322413.58,1669960.57,"13224141669961"
"2012-1599-27/05/2021","1 City","ADELAIDE","5000","CITY OF ADELAIDE",2,0,0,0,0,2012,"January","Sunday","03:30 pm","040","T-Junction","Straight road","Level","Not Applicable","Sealed","Dry","Not Raining","Daylight","Rear End","02","Driver Rider","1: PDO","Traffic Signals","","",1327887.47,1671117.96,"13278871671118"
"2012-1600-27/05/2021","2 Metropolitan","MUNNO PARA","5115","CITY OF PLAYFORD.",2,0,0,0,0,2012,"January","Sunday","03:10 pm","080","Divided Road","Straight road","Level","Not Applicable","Sealed","Dry","Not Raining","Daylight","Side Swipe","02","Driver Rider","1: PDO","No Control","","",1338645.51,1698561.56,"13386461698562"
"2012-1601-27/05/2021","2 Metropolitan","DARLINGTON","5047","CITY OF ONKAPARINGA",2,0,0,0,0,2012,"January","Sunday","04:00 pm","060","Cross Road","Straight road","Level","Not Applicable","Sealed","Dry","Not Raining","Daylight","Rear End","01","Driver Rider","1: PDO","Traffic Signals","","",1324432.96,1659694.42,"13244331659694"
"2012-1602-27/05/2021","3 Country","PALMER","5237","MID MURRAY DISTRICT COUNCIL",1,1,0,0,1,2012,"January","Sunday","04:00 pm","100","Not Divided","CURVED, VIEW OPEN","Crest of Hill","Not Applicable","Sealed","Dry","Not Raining","Daylight","Roll Over","01","Driver Rider","2: MI","No Control","","Y",,,
"2012-1603-27/05/2021","2 Metropolitan","ROSSLYN PARK","5072","CITY OF BURNSIDE",2,0,0,0,0,2012,"January","Sunday","04:30 pm","060","Not Divided","Straight road","Slope","Not Applicable","Sealed","Dry","Not Raining","Daylight","Hit Parked Vehicle","02","Driver Rider","1: PDO","No Control","","",1335947.07,1671168.45,"13359471671168"
"2012-1604-27/05/2021","2 Metropolitan","SEMAPHORE","5019","CITY OF PORT ADELAIDE ENFIELD",3,0,0,0,0,2012,"January","Sunday","04:20 pm","040","Cross Road","Straight road","Level","Not Applicable","Sealed","Dry","Not Raining","Daylight","Rear End","01","Driver Rider","1: PDO","Traffic Signals","","",1318227.43,1680640.39,"13182271680640"
"2012-1605-27/05/2021","2 Metropolitan","TORRENS PARK","5062","CC MITCHAM.                   ",2,0,0,0,0,2012,"January","Tuesday","10:30 pm","060","Cross Road","CURVED, VIEW OPEN","Crest of Hill","Road hump or Slow point","Sealed","Dry","Not Raining","Night","Hit Fixed Object","01","Driver Rider","1: PDO","Roundabout","","",1330012.26,1664229.64,"13300121664230"
"2012-1606-27/05/2021","2 Metropolitan","KURRALTA PARK","5035","CITY OF UNLEY",2,0,0,0,0,2012,"January","Saturday","04:00 pm","060","Interchange","Straight road","Level","Not Applicable","Sealed","Dry","Not Raining","Daylight","Right Turn","01","Driver Rider","1: PDO","Traffic Signals","","",1325838.75,1667742.18,"13258391667742"
"2012-1607-27/05/2021","2 Metropolitan","MILE END","5031","CITY OF WEST TORRENS",2,0,0,0,0,2012,"January","Sunday","03:10 pm","060","Divided Road","Straight road","Level","Not Applicable","Sealed","Dry","Not Raining","Daylight","Rear End","02","Driver Rider","1: PDO","No Control","","",1325742.84,1670892.43,"13257431670892"
"2012-1608-27/05/2021","2 Metropolitan","GOLDEN GROVE","5127","CITY OF TEA TREE GULLY",2,2,0,0,2,2012,"January","Sunday","05:20 pm","060","T-Junction","Straight road","Level","Not Applicable","Sealed","Dry","Not Raining","Daylight","Rear End","02","Driver Rider","2: MI","Traffic Signals","","",1337391.8,1685011.91,"13373921685012"
"2012-1609-27/05/2021","2 Metropolitan","ECHUNGA","5153","DC MT.BARKER.                 ",2,0,0,0,0,2012,"January","Sunday","04:50 pm","050","Cross Road","Straight road","Level","Unknown","Sealed","Dry","Not Raining","Daylight","Rear End","02","Driver Rider","1: PDO","Give Way Sign","","",1345392.92,1649855.14,"13453931649855"
"2012-1610-27/05/2021","3 Country","PENOLA","5277","WATTLE RANGE COUNCIL",2,0,0,0,0,2012,"January","Friday","04:45 pm","050","Cross Road","Straight road","Level","Not Applicable","Sealed","Dry","Not Raining","Daylight","Right Angle","01","Driver Rider","1: PDO","Give Way Sign","","",1517738.75,1390080.97,"15177391390081"
"2012-1611-27/05/2021","2 Metropolitan","COWANDILLA","5033","CITY OF WEST TORRENS",2,0,0,0,0,2012,"January","Sunday","05:45 pm","060","Cross Road","Straight road","Level","Not Applicable","Sealed","Dry","Not Raining","Daylight","Right Turn","02","Driver Rider","1: PDO","Traffic Signals","","",1324135.56,1670033.53,"13241361670034"
"2012-1612-27/05/2021","2 Metropolitan","LEABROOK","5068","CITY OF BURNSIDE",2,1,0,0,1,2012,"January","Friday","11:25 pm","060","Cross Road","Straight road","Level","Not Applicable","Sealed","Dry","Not Raining","Night","Right Turn","01","Driver Rider","2: MI","Traffic Signals","","",1333899.19,1670462.72,"13338991670463"
"2012-1613-27/05/2021","2 Metropolitan","WESTBOURNE PARK","5041","CC MITCHAM.                   ",2,0,0,0,0,2012,"January","Saturday","09:45 pm","060","Cross Road","Straight road","Level","Not Applicable","Sealed","Dry","Not Raining","Night","Right Turn","02","Driver Rider","1: PDO","Traffic Signals","","",1327507.88,1666202.96,"13275081666203"
"2012-1614-27/05/2021","2 Metropolitan","FLINDERS PARK","5025","CITY OF CHARLES STURT",2,0,0,0,0,2012,"January","Sunday","08:00 pm","050","Cross Road","Straight road","Level","Not Applicable","Sealed","Dry","Not Raining","Daylight","Right Angle","02","Driver Rider","1: PDO","No Control","","",1323551.11,1672388.4,"13235511672388"
"2012-1615-27/05/2021","2 Metropolitan","COROMANDEL EAST","5157","CITY OF ONKAPARINGA",2,1,0,1,0,2012,"January","Sunday","05:05 pm","060","Not Divided","CURVED, VIEW OBSCURED","Level","Driveway or Entrance","Sealed","Dry","Not Raining","Daylight","Rear End","02","Driver Rider","3: SI","No Control","","",1333970.3,1657173.45,"13339701657173"
"2012-1616-27/05/2021","2 Metropolitan","TEA TREE GULLY","5091","CITY OF TEA TREE GULLY",4,1,1,0,0,2012,"January","Sunday","04:10 pm","080","Not Divided","CURVED, VIEW OPEN","Slope","Not Applicable","Sealed","Dry","Not Raining","Daylight","Hit Fixed Object","01","Driver Rider","4: Fatal","No Control","Y","",1341954.24,1681430.34,"13419541681430"
"2012-1617-27/05/2021","2 Metropolitan","GLENELG","5045","CITY OF HOLDFAST BAY",2,0,0,0,0,2012,"January","Saturday","10:22 pm","050","Not Divided","Straight road","Level","Not Applicable","Sealed","Dry","Not Raining","Night","Hit Parked Vehicle","01","Driver Rider","1: PDO","No Control","","",1320310.33,1664659.95,"13203101664660"
"2012-1618-27/05/2021","3 Country","SEDDON","5223","KANGAROO ISLAND COUNCIL",1,0,0,0,0,2012,"January","Sunday","06:20 pm","110","Cross Road","Straight road","Level","Not Applicable","Unsealed","Dry","Not Raining","Daylight","Roll Over","01","Driver Rider","1: PDO","No Control","","",1212263.09,1576870.13,"12122631576870"
"2012-1619-27/05/2021","2 Metropolitan","PENFIELD","5121","CITY OF PLAYFORD.",2,0,0,0,0,2012,"January","Friday","10:35 pm","060","Cross Road","Straight road","Level","Not Applicable","Sealed","Dry","Not Raining","Night","Right Angle","02","Driver Rider","1: PDO","Stop Sign","","",1334450.71,1695787.2,"13344511695787"
"2012-1620-27/05/2021","2 Metropolitan","SALISBURY","5108","CITY OF SALISBURY",2,0,0,0,0,2012,"January","Saturday","07:45 pm","060","Not Divided","Straight road","Level","Not Applicable","Sealed","Dry","Not Raining","Daylight","Side Swipe","02","Driver Rider","1: PDO","No Control","","",1333168.02,1688436.05,"13331681688436"
"2012-1621-27/05/2021","2 Metropolitan","MANNINGHAM","5086","CITY OF PORT ADELAIDE ENFIELD",2,0,0,0,0,2012,"January","Sunday","07:40 pm","060","Multiple","Straight road","Level","Not Applicable","Sealed","Dry","Not Raining","Daylight","Rear End","01","Driver Rider","1: PDO","Traffic Signals","","",1330452.56,1676521.37,"13304531676521"
"2012-1622-27/05/2021","2 Metropolitan","KIDMAN PARK","5025","CITY OF CHARLES STURT",2,2,0,0,2,2012,"January","Sunday","06:30 pm","060","T-Junction","Straight road","Level","Not Applicable","Sealed","Dry","Not Raining","Daylight","Right Turn","01","Driver Rider","2: MI","Traffic Signals","","",1322537.88,1672228.09,"13225381672228"
"2012-1623-27/05/2021","2 Metropolitan","DARLINGTON","5047","CITY OF ONKAPARINGA",3,0,0,0,0,2012,"January","Sunday","09:00 pm","060","Cross Road","Straight road","Bottom of Hill","Not Applicable","Sealed","Dry","Not Raining","Night","Rear End","01","Driver Rider","1: PDO","Traffic Signals","","",1324432.96,1659694.42,"13244331659694"
"2012-1624-27/05/2021","2 Metropolitan","SALISBURY DOWNS","5108","CITY OF SALISBURY",2,1,0,0,1,2012,"January","Sunday","04:50 pm","060","T-Junction","Straight road","Level","Not Applicable","Sealed","Dry","Not Raining","Daylight","Right Angle","02","Driver Rider","2: MI","No Control","","",1331221.27,1687000.32,"13312211687000"
"2012-1625-27/05/2021","2 Metropolitan","PROSPECT","5082","CITY OF PROSPECT",2,0,0,0,0,2012,"January","Sunday","08:15 am","060","Not Divided","Straight road","Level","Not Applicable","Sealed","Dry","Not Raining","Daylight","Rear End","02","Driver Rider","1: PDO","No Control","","",,,
"2012-1626-27/05/2021","2 Metropolitan","SEMAPHORE PARK","5019","CITY OF CHARLES STURT",2,1,0,0,1,2012,"January","Monday","12:40 am","050","Not Divided","Straight road","Level","Not Applicable","Sealed","Dry","Not Raining","Night","Hit Fixed Object","01","Driver Rider","2: MI","No Control","","",1317826.66,1679011.57,"13178271679012"
"2012-1627-27/05/2021","2 Metropolitan","WARRADALE","5046","CC MARION.                    ",3,0,0,0,0,2012,"January","Sunday","04:55 am","060","Divided Road","CURVED, VIEW OPEN","Level","Not Applicable","Sealed","Dry","Not Raining","Night","Hit Fixed Object","01","Driver Rider","1: PDO","No Control","Y","",1322724.1,1661564.61,"13227241661565"
"2012-1628-27/05/2021","2 Metropolitan","BEVERLEY","5009","CITY OF CHARLES STURT",2,0,0,0,0,2012,"January","Monday","07:30 am","060","T-Junction","Straight road","Level","Not Applicable","Sealed","Dry","Not Raining","Daylight","Rear End","02","Driver Rider","1: PDO","Traffic Signals","","",1324202.16,1673179.38,"13242021673179"
"2012-1629-27/05/2021","3 Country","PORT LINCOLN","5606","CC PT.LINCOLN.                ",2,0,0,0,0,2012,"January","Monday","08:25 am","040","Not Divided","Straight road","Level","Not Applicable","Sealed","Dry","Not Raining","Daylight","Hit Parked Vehicle","01","Driver Rider","1: PDO","No Control","","",1078110.29,1699011.22,"10781101699011"
"2012-1630-27/05/2021","2 Metropolitan","DULWICH","5065","CITY OF BURNSIDE",2,0,0,0,0,2012,"January","Monday","07:35 am","060","T-Junction","Straight road","Level","Not Applicable","Sealed","Dry","Not Raining","Daylight","Rear End","02","Driver Rider","1: PDO","No Control","","",1330656.29,1669532.66,"13306561669533"
"2012-1631-27/05/2021","2 Metropolitan","PROSPECT","5082","CITY OF PROSPECT",2,1,0,1,0,2012,"January","Sunday","02:05 pm","050","Not Divided","Straight road","Level","Not Applicable","Sealed","Dry","Not Raining","Daylight","Hit Parked Vehicle","01","Driver Rider","3: SI","No Control","Y","",1328517.92,1674306.31,"13285181674306"
"2012-1632-27/05/2021","2 Metropolitan","MORPHETT VALE","5162","CITY OF ONKAPARINGA",2,0,0,0,0,2012,"January","Sunday","10:40 am","060","Cross Road","Straight road","Level","Not Applicable","Sealed","Dry","Not Raining","Daylight","Rear End","01","Driver Rider","1: PDO","Traffic Signals","","",1320810.01,1648695.32,"13208101648695"
"2012-1633-27/05/2021","3 Country","CADELL","5321","MID MURRAY DISTRICT COUNCIL",2,0,0,0,0,2012,"January","Sunday","04:50 pm","110","Not Divided","Straight road","Slope","Not Applicable","Sealed","Wet","Not Raining","Daylight","Side Swipe","02","Driver Rider","1: PDO","No Control","","",,,
"2012-1634-27/05/2021","3 Country","PORT AUGUSTA","5700","CC PT.AUGUSTA.                ",2,2,0,0,2,2012,"January","Sunday","12:30 pm","050","T-Junction","Straight road","Level","Not Applicable","Sealed","Dry","Not Raining","Daylight","Rear End","02","Driver Rider","2: MI","Give Way Sign","","",1260482.35,1941476.75,"12604821941477"
"2012-1635-27/05/2021","3 Country","CURRENCY CREEK","5214","ALEXANDRINA COUNCIL",2,0,0,0,0,2012,"January","Sunday","09:00 pm","100","Not Divided","Straight road","Level","Not Applicable","Unsealed","Dry","Not Raining","Night","Hit Fixed Object","01","Driver Rider","1: PDO","No Control","","",,,
"2012-1636-27/05/2021","3 Country","WAROOKA","5577","YORKE PENINSULA COUNCIL",2,0,0,0,0,2012,"January","Saturday","02:00 pm","100","Cross Road","Straight road","Level","Not Applicable","Sealed","Dry","Not Raining","Daylight","Rear End","02","Driver Rider","1: PDO","Give Way Sign","","",1202024.37,1667505.3,"12020241667505"
"2012-1637-27/05/2021","2 Metropolitan","EDWARDSTOWN","5039","CC MARION.                    ",2,0,0,0,0,2012,"January","Monday","10:40 am","060","T-Junction","Straight road","Level","Not Applicable","Sealed","Dry","Not Raining","Daylight","Side Swipe","02","Driver Rider","1: PDO","Stop Sign","","",1325940.6,1664032.65,"13259411664033"
"2012-1638-27/05/2021","2 Metropolitan","CAMPBELLTOWN","5074","CC CAMPBELLTOWN.              ",2,0,0,0,0,2012,"January","Monday","10:45 am","025","Divided Road","Straight road","Level","Roadworks","Sealed","Dry","Not Raining","Daylight","Rear End","02","Driver Rider","1: PDO","No Control","","",,,
"2012-1639-27/05/2021","2 Metropolitan","MANNINGHAM","5086","CITY OF PORT ADELAIDE ENFIELD",2,0,0,0,0,2012,"January","Saturday","05:30 pm","060","Multiple","Straight road","Level","Road hump or Slow point","Sealed","Dry","Not Raining","Daylight","Side Swipe","01","Driver Rider","1: PDO","Traffic Signals","","",1330452.56,1676521.37,"13304531676521"
"2012-1640-27/05/2021","2 Metropolitan","KURRALTA PARK","5037","CITY OF WEST TORRENS",2,0,0,0,0,2012,"January","Monday","07:15 am","060","Interchange","Straight road","Level","Not Applicable","Sealed","Dry","Not Raining","Daylight","Side Swipe","02","Driver Rider","1: PDO","Traffic Signals","","",1325778.82,1667707.32,"13257791667707"
"2012-1641-27/05/2021","2 Metropolitan","HAZELWOOD PARK","5066","CITY OF BURNSIDE",2,1,0,0,1,2012,"January","Sunday","05:30 pm","060","Divided Road","Straight road","Slope","Not Applicable","Sealed","Dry","Not Raining","Daylight","Hit Object on Road","01","Driver Rider","2: MI","No Control","","",1333825.87,1669091.48,"13338261669091"
"2012-1642-27/05/2021","2 Metropolitan","CLARENDON","5157","CITY OF ONKAPARINGA",1,1,0,0,1,2012,"January","Monday","10:00 am","080","Not Divided","Straight road","Slope","Not Applicable","Sealed","Dry","Not Raining","Daylight","Roll Over","01","Driver Rider","2: MI","No Control","","",1331232.33,1649128.76,"13312321649129"
"2012-1643-27/05/2021","2 Metropolitan","SALISBURY","5108","CITY OF SALISBURY",2,1,0,0,1,2012,"January","Saturday","02:40 pm","060","Cross Road","Straight road","Level","Road hump or Slow point","Sealed","Dry","Not Raining","Daylight","Rear End","02","Driver Rider","2: MI","Traffic Signals","","",1332782.42,1688511.32,"13327821688511"
"2012-1644-27/05/2021","3 Country","BACK VALLEY","5211","DC VICTOR HARBOR.             ",2,1,0,1,0,2012,"January","Sunday","12:00 pm","100","Not Divided","CURVED, VIEW OBSCURED","Level","Not Applicable","Sealed","Dry","Not Raining","Daylight","Hit Fixed Object","01","Driver Rider","3: SI","No Control","","",1318020.63,1600594.12,"13180211600594"
"2012-1645-27/05/2021","3 Country","ALTONA","5351","THE BAROSSA COUNCIL.",2,0,0,0,0,2012,"January","Friday","01:15 pm","090","Not Divided","Straight road","Level","Driveway or Entrance","Sealed","Dry","Not Raining","Daylight","Hit Fixed Object","01","Driver Rider","1: PDO","No Control","","",,,
"2012-1646-27/05/2021","2 Metropolitan","WOODVILLE GARDENS","5012","CITY OF PORT ADELAIDE ENFIELD",2,0,0,0,0,2012,"January","Monday","11:30 am","050","Cross Road","Straight road","Level","Not Applicable","Sealed","Dry","Not Raining","Daylight","Right Angle","01","Driver Rider","1: PDO","Stop Sign","","",1324711.91,1677490.7,"13247121677491"