"REPORT_ID","Stats Area","Suburb","Postcode","LGA Name","Total Units","Total Cas","Total Fats","Total SI","Total MI","Year","Month","Day","Time","Area Speed","Position Type","Horizontal Align","Vertical Align","Other Feat","Road Surface","Moisture Cond","Weather Cond","DayNight","Crash Type","Unit Resp","Entity Code","CSEF Severity","Traffic Ctrls","DUI Involved","Drugs Involved","ACCLOC_X","ACCLOC_Y","UNIQUE_LOC"
"2012-3779-27/05/2021","2 Metropolitan","DAW PARK","5041","CC MITCHAM.                   ",2,0,0,0,0,2012,"February","Tuesday","05:25 pm","060","Cross Road","Straight road","Level","Not Applicable","Sealed","Dry","Not Raining","Daylight","Side Swipe","01","Driver Rider","1: PDO","Stop Sign","","",1327551.9,1664534.85,"13275521664535"
"2012-3780-27/05/2021","2 Metropolitan","KILBURN","5084","CITY OF PORT ADELAIDE ENFIELD",3,0,0,0,0,2012,"February","Tuesday","04:55 pm","060","Divided Road","Straight road","Level","Not Applicable","Sealed","Dry","Not Raining","Daylight","Rear End","01","Driver Rider","1: PDO","No Control","","",,,
"2012-3781-27/05/2021","2 Metropolitan","HALLETT COVE","5158","CC MARION.                    ",2,0,0,0,0,2012,"February","Tuesday","02:40 pm","080","Divided Road","Straight road","Level","Not Applicable","Sealed","Dry","Not Raining","Daylight","Hit Fixed Object","01","Driver Rider","1: PDO","No Control","","",,,
"2012-3782-27/05/2021","2 Metropolitan","MODBURY","5092","CITY OF TEA TREE GULLY",2,0,0,0,0,2012,"February","Tuesday","07:30 pm","060","Cross Road","Straight road","Level","Not Applicable","Sealed","Dry","Not Raining","Daylight","Hit Fixed Object","01","Driver Rider","1: PDO","Roundabout","","",1336861.38,1680619.07,"13368611680619"
"2012-3783-27/05/2021","3 Country","WHYALLA STUART","5608","CC WHYALLA.                   ",2,0,0,0,0,2012,"February","Tuesday","06:25 am","050","Not Divided","Straight road","Level","Driveway or Entrance","Sealed","Dry","Not Raining","Night","Hit Fixed Object","01","Driver Rider","1: PDO","No Control","","",1235278.36,1885175.7,"12352781885176"
"2012-3784-27/05/2021","2 Metropolitan","MARRYATVILLE","5068","CC OF NORWOOD,PAYNEHAM & ST PETERS",2,0,0,0,0,2012,"February","Tuesday","11:00 pm","060","Not Divided","Straight road","Level","Not Applicable","Sealed","Dry","Not Raining","Night","Hit Fixed Object","01","Driver Rider","1: PDO","No Control","","",1332565.88,1670424.28,"13325661670424"
"2012-3785-27/05/2021","2 Metropolitan","STIRLING","5152","THE ADELAIDE HILLS COUNCIL",2,2,0,0,2,2012,"February","Wednesday","06:30 am","050","Not Divided","CURVED, VIEW OPEN","Slope","Not Applicable","Sealed","Wet","Raining","Night","Head On","01","Driver Rider","2: MI","No Control","","",1337578.8,1661035.12,"13375791661035"
"2012-3786-27/05/2021","2 Metropolitan","TONSLEY","5042","CC MARION.                    ",3,0,0,0,0,2012,"February","Tuesday","04:00 pm","060","T-Junction","Straight road","Level","Not Applicable","Sealed","Dry","Not Raining","Daylight","Rear End","02","Driver Rider","1: PDO","Traffic Signals","","",1326000.31,1661650.3,"13260001661650"
"2012-3787-27/05/2021","2 Metropolitan","PROSPECT","5082","CITY OF PROSPECT",2,0,0,0,0,2012,"February","Saturday","01:10 pm","040","Not Divided","Straight road","Slope","Not Applicable","Sealed","Dry","Not Raining","Daylight","Rear End","02","Driver Rider","1: PDO","No Control","","",1328035.69,1675445.26,"13280361675445"
"2012-3788-27/05/2021","2 Metropolitan","MORPHETT VALE","5162","CITY OF ONKAPARINGA",2,0,0,0,0,2012,"February","Wednesday","07:05 am","050","Divided Road","Straight road","Level","Driveway or Entrance","Sealed","Wet","Raining","Daylight","Right Turn","01","Driver Rider","1: PDO","No Control","","",1320744.1,1650889.99,"13207441650890"
"2012-3789-27/05/2021","2 Metropolitan","MORPHETT VALE","5162","CITY OF ONKAPARINGA",3,0,0,0,0,2012,"February","Tuesday","01:40 pm","050","Divided Road","Straight road","Level","Driveway or Entrance","Sealed","Dry","Not Raining","Daylight","Right Angle","02","Driver Rider","1: PDO","No Control","","",1320744.1,1650889.96,"13207441650890"
"2012-3790-27/05/2021","2 Metropolitan","DULWICH","5065","CITY OF BURNSIDE",2,0,0,0,0,2012,"February","Tuesday","04:00 pm","060","T-Junction","Straight road","Level","Not Applicable","Sealed","Dry","Not Raining","Daylight","Right Angle","02","Driver Rider","1: PDO","No Control","","",1331360.79,1669028.13,"13313611669028"
"2012-3791-27/05/2021","2 Metropolitan","ELIZABETH SOUTH","5112","CITY OF SALISBURY",2,0,0,0,0,2012,"February","Wednesday","06:30 am","050","Divided Road","Straight road","Level","Roadworks","Sealed","Dry","Not Raining","Night","Side Swipe","02","Driver Rider","1: PDO","Rail Xing - Boom","","",1333158.44,1689926.42,"13331581689926"
"2012-3792-27/05/2021","3 Country","KADINA","5554","COPPER COAST DISTRICT COUNCIL",2,0,0,0,0,2012,"February","Wednesday","08:40 am","050","Cross Road","Straight road","Level","Not Applicable","Sealed","Wet","Raining","Daylight","Right Angle","01","Driver Rider","1: PDO","Give Way Sign","","",1250461.72,1779902.44,"12504621779902"
"2012-3793-27/05/2021","2 Metropolitan","MUNNO PARA DOWNS","5115","CITY OF PLAYFORD.",1,1,0,0,1,2012,"February","Thursday","07:50 am","060","Not Divided","Straight road","Level","Not Applicable","Unsealed","Dry","Not Raining","Daylight","Roll Over","01","Driver Rider","2: MI","No Control","","",,,
"2012-3794-27/05/2021","2 Metropolitan","NOVAR GARDENS","5040","CITY OF WEST TORRENS",2,0,0,0,0,2012,"February","Wednesday","09:00 am","060","T-Junction","Straight road","Level","Not Applicable","Sealed","Wet","Raining","Daylight","Side Swipe","02","Driver Rider","1: PDO","No Control","","",1321905.82,1667269.23,"13219061667269"
"2012-3795-27/05/2021","2 Metropolitan","GLENELG EAST","5045","CITY OF HOLDFAST BAY",2,0,0,0,0,2012,"February","Tuesday","05:19 pm","050","Not Divided","Straight road","Level","Road hump or Slow point","Sealed","Dry","Not Raining","Daylight","Hit Fixed Object","01","Driver Rider","1: PDO","No Control","","",,,
"2012-3796-27/05/2021","2 Metropolitan","KLEMZIG","5087","CITY OF PORT ADELAIDE ENFIELD",2,0,0,0,0,2012,"February","Tuesday","07:20 pm","060","Divided Road","Straight road","Level","Not Applicable","Sealed","Dry","Not Raining","Daylight","Side Swipe","01","Driver Rider","1: PDO","No Control","","",1332206.63,1676708.99,"13322071676709"
"2012-3797-27/05/2021","2 Metropolitan","ALDINGA","5173","CITY OF ONKAPARINGA",2,0,0,0,0,2012,"February","Wednesday","08:00 am","100","Divided Road","CURVED, VIEW OPEN","Level","Not Applicable","Sealed","Wet","Raining","Daylight","Hit Fixed Object","01","Driver Rider","1: PDO","No Control","","",,,
"2012-3798-27/05/2021","2 Metropolitan","INGLE FARM","5098","CITY OF SALISBURY",2,1,0,0,1,2012,"February","Wednesday","09:15 am","070","Not Divided","Straight road","Level","Not Applicable","Sealed","Wet","Raining","Daylight","Rear End","02","Driver Rider","2: MI","No Control","","",1332309.43,1681703.31,"13323091681703"
"2012-3799-27/05/2021","2 Metropolitan","DOVER GARDENS","5048","CC MARION.                    ",2,2,0,0,2,2012,"February","Tuesday","07:30 am","060","Cross Road","Straight road","Level","Not Applicable","Sealed","Dry","Not Raining","Daylight","Right Turn","02","Driver Rider","2: MI","Traffic Signals","","",1322777.1,1660604.93,"13227771660605"
"2012-3800-27/05/2021","1 City","ADELAIDE","5000","CITY OF ADELAIDE",2,0,0,0,0,2012,"February","Wednesday","09:15 am","050","Cross Road","Straight road","Level","Not Applicable","Sealed","Dry","Not Raining","Daylight","Right Angle","01","Driver Rider","1: PDO","Stop Sign","","",1327749.82,1670495.92,"13277501670496"
"2012-3801-27/05/2021","2 Metropolitan","ELIZABETH EAST","5112","CITY OF PLAYFORD.",2,0,0,0,0,2012,"February","Wednesday","09:00 am","080","Divided Road","Straight road","Level","Not Applicable","Sealed","Wet","Raining","Daylight","Rear End","01","Driver Rider","1: PDO","No Control","","",1336026.44,1692626.17,"13360261692626"
"2012-3802-27/05/2021","2 Metropolitan","SALISBURY","5108","CITY OF SALISBURY",2,0,0,0,0,2012,"February","Wednesday","09:25 am","050","T-Junction","CURVED, VIEW OPEN","Level","Not Applicable","Sealed","Wet","Raining","Daylight","Right Angle","02","Driver Rider","1: PDO","No Control","","",1333204.55,1688263.83,"13332051688264"
"2012-3803-27/05/2021","2 Metropolitan","PARKSIDE","5063","CITY OF UNLEY",2,0,0,0,0,2012,"February","Tuesday","03:40 pm","060","Divided Road","Straight road","Level","Not Applicable","Sealed","Dry","Not Raining","Daylight","Rear End","02","Driver Rider","1: PDO","No Control","","",1329094.46,1668964.88,"13290941668965"
"2012-3804-27/05/2021","2 Metropolitan","MEDINDIE","5081","WALKERVILLE TOWN COUNCIL",3,0,0,0,0,2012,"February","Wednesday","09:40 am","060","T-Junction","Straight road","Level","Not Applicable","Sealed","Wet","Raining","Daylight","Right Turn","01","Driver Rider","1: PDO","No Control","","",1328545.74,1673867.55,"13285461673868"
"2012-3805-27/05/2021","2 Metropolitan","GILLES PLAINS","5086","CITY OF TEA TREE GULLY",2,0,0,0,0,2012,"February","Wednesday","10:45 am","060","Divided Road","Straight road","Level","Not Applicable","Sealed","Wet","Raining","Daylight","Hit Parked Vehicle","02","Driver Rider","1: PDO","No Control","","",1334645.34,1678503.57,"13346451678504"
"2012-3806-27/05/2021","3 Country","MURRAY BRIDGE","5253","RC MURRAY BRIDGE.             ",2,0,0,0,0,2012,"February","Wednesday","11:20 am","050","Not Divided","Straight road","Slope","Not Applicable","Sealed","Wet","Raining","Daylight","Side Swipe","02","Driver Rider","1: PDO","No Control","","",1389296.71,1646916.28,"13892971646916"
"2012-3807-27/05/2021","3 Country","NURIOOTPA","5355","THE BAROSSA COUNCIL.",2,0,0,0,0,2012,"February","Wednesday","11:10 am","080","Not Divided","Straight road","Level","Driveway or Entrance","Sealed","Wet","Raining","Daylight","Side Swipe","02","Driver Rider","1: PDO","No Control","","",1367551.5,1719161.89,"13675521719162"
"2012-3808-27/05/2021","3 Country","MOUNT GAMBIER","5290","CC MT.GAMBIER.                ",2,1,0,0,1,2012,"February","Wednesday","10:50 am","050","Cross Road","Straight road","Level","Not Applicable","Sealed","Dry","Not Raining","Daylight","Right Angle","01","Driver Rider","2: MI","Roundabout","","",1509634.67,1340149.1,"15096351340149"
"2012-3809-27/05/2021","2 Metropolitan","BOWDEN","5007","CITY OF CHARLES STURT",2,0,0,0,0,2012,"January","Sunday","09:00 am","040","Cross Road","Straight road","Level","Not Applicable","Sealed","Wet","Raining","Daylight","Right Angle","01","Driver Rider","1: PDO","Stop Sign","","",1326634.76,1673115.24,"13266351673115"
"2012-3810-27/05/2021","2 Metropolitan","ELIZABETH","5112","CITY OF PLAYFORD.",2,1,0,0,1,2012,"February","Wednesday","09:00 am","080","Divided Road","Straight road","Level","Not Applicable","Sealed","Wet","Raining","Daylight","Rear End","02","Driver Rider","2: MI","No Control","","",,,
"2012-3811-27/05/2021","2 Metropolitan","REYNELLA","5161","CITY OF ONKAPARINGA",2,0,0,0,0,2012,"February","Wednesday","11:30 am","050","T-Junction","CURVED, VIEW OPEN","Slope","Not Applicable","Sealed","Wet","Raining","Daylight","Rear End","01","Driver Rider","1: PDO","No Control","","",1320916.34,1651724.69,"13209161651725"
"2012-3812-27/05/2021","2 Metropolitan","MILLSWOOD","5034","CITY OF UNLEY",2,1,0,0,1,2012,"February","Wednesday","09:25 am","060","T-Junction","Straight road","Level","Not Applicable","Sealed","Wet","Raining","Daylight","Right Angle","02","Driver Rider","2: MI","No Control","","",1327471.19,1667469.51,"13274711667470"
"2012-3813-27/05/2021","3 Country","PORT WAKEFIELD","5550","WAKEFIELD REGIONAL COUNCIL",2,0,0,0,0,2012,"February","Wednesday","11:15 am","050","Divided Road","Straight road","Level","Not Applicable","Sealed","Wet","Raining","Daylight","Rear End","02","Driver Rider","1: PDO","No Control","","",1290188.94,1754260.49,"12901891754260"
"2012-3814-27/05/2021","2 Metropolitan","MAGILL","5072","CC CAMPBELLTOWN.              ",2,0,0,0,0,2012,"February","Wednesday","08:05 am","060","Cross Road","Straight road","Level","Not Applicable","Sealed","Wet","Raining","Daylight","Right Angle","02","Driver Rider","1: PDO","Stop Sign","","",1335465.09,1672536.89,"13354651672537"
"2012-3815-27/05/2021","2 Metropolitan","UNDERDALE","5032","CITY OF WEST TORRENS",2,0,0,0,0,2012,"February","Wednesday","08:42 am","060","T-Junction","Straight road","Level","Not Applicable","Sealed","Wet","Raining","Daylight","Rear End","02","Driver Rider","1: PDO","No Control","","",1323841.43,1671334.04,"13238411671334"
"2012-3816-27/05/2021","3 Country","HAWKER","5434","THE FLINDERS RANGES COUNCIL.",1,1,0,1,0,2012,"February","Saturday","07:00 pm","100","Not Divided","Straight road","Level","Not Applicable","Unsealed","Dry","Not Raining","Daylight","Roll Over","01","Driver Rider","3: SI","No Control","","",1330199.6,2004629.73,"13302002004630"
"2012-3817-27/05/2021","2 Metropolitan","MITCHELL PARK","5043","CC MARION.                    ",2,0,0,0,0,2012,"February","Tuesday","08:30 am","050","Not Divided","Straight road","Level","Not Applicable","Sealed","Dry","Not Raining","Daylight","Right Angle","01","Driver Rider","1: PDO","No Control","","",1324907.66,1660700.4,"13249081660700"
"2012-3818-27/05/2021","2 Metropolitan","DOVER GARDENS","5048","CC MARION.                    ",2,0,0,0,0,2012,"February","Wednesday","12:45 pm","060","T-Junction","Straight road","Level","Not Applicable","Sealed","Wet","Raining","Daylight","Side Swipe","02","Driver Rider","1: PDO","No Control","","",1322604.77,1659372.19,"13226051659372"
"2012-3819-27/05/2021","2 Metropolitan","CLOVELLY PARK","5042","CC MARION.                    ",2,0,0,0,0,2012,"February","Wednesday","11:45 am","070","Divided Road","Straight road","Level","Not Applicable","Sealed","Wet","Raining","Daylight","Rear End","02","Driver Rider","1: PDO","No Control","","",1325742.88,1661045.04,"13257431661045"
"2012-3820-27/05/2021","3 Country","WHYALLA NORRIE","5608","CC WHYALLA.                   ",2,1,0,0,1,2012,"February","Wednesday","12:30 pm","060","T-Junction","Straight road","Level","Not Applicable","Sealed","Wet","Raining","Daylight","Right Angle","02","Driver Rider","2: MI","No Control","","",1235982.34,1884248.05,"12359821884248"
"2012-3821-27/05/2021","2 Metropolitan","ST MARYS","5042","CC MITCHAM.                   ",2,0,0,0,0,2012,"February","Wednesday","08:15 am","060","Cross Road","Straight road","Level","Not Applicable","Sealed","Dry","Not Raining","Daylight","Right Turn","02","Driver Rider","1: PDO","Traffic Signals","","",1325962.44,1663322.78,"13259621663323"
"2012-3822-27/05/2021","2 Metropolitan","SEATON","5023","CITY OF CHARLES STURT",2,0,0,0,0,2012,"February","Wednesday","12:20 pm","060","Cross Road","Straight road","Level","Not Applicable","Sealed","Wet","Raining","Daylight","Hit Fixed Object","01","Driver Rider","1: PDO","Traffic Signals","","",,,
"2012-3823-27/05/2021","3 Country","MURRAY BRIDGE","5253","RC MURRAY BRIDGE.             ",2,0,0,0,0,2012,"February","Wednesday","11:30 am","050","Not Divided","Straight road","Level","Not Applicable","Sealed","Wet","Raining","Daylight","Side Swipe","01","Driver Rider","1: PDO","No Control","","",1388917.56,1646835.49,"13889181646835"
"2012-3824-27/05/2021","2 Metropolitan","EDEN HILLS","5050","CC MITCHAM.                   ",2,0,0,0,0,2012,"February","Sunday","09:30 am","060","Cross Road","Straight road","Slope","Not Applicable","Sealed","Wet","Raining","Daylight","Right Turn","02","Driver Rider","1: PDO","Give Way Sign","","",1328601.75,1659659.81,"13286021659660"
"2012-3825-27/05/2021","2 Metropolitan","KILKENNY","5009","CITY OF CHARLES STURT",3,0,0,0,0,2012,"February","Wednesday","11:45 am","050","Cross Road","Straight road","Level","Not Applicable","Sealed","Wet","Raining","Daylight","Right Angle","02","Driver Rider","1: PDO","Give Way Sign","","",1324159.74,1675435.53,"13241601675436"
"2012-3826-27/05/2021","2 Metropolitan","EDWARDSTOWN","5039","CC MARION.                    ",4,0,0,0,0,2012,"February","Wednesday","01:35 pm","060","Divided Road","Straight road","Crest of Hill","Bridge, Culvert, Causeway","Sealed","Wet","Raining","Daylight","Rear End","02","Driver Rider","1: PDO","No Control","","",1325874.1,1666145.14,"13258741666145"
"2012-3827-27/05/2021","2 Metropolitan","PORT ADELAIDE","5015","CITY OF PORT ADELAIDE ENFIELD",2,1,0,0,1,2012,"February","Saturday","11:50 am","050","Multiple","Straight road","Level","Not Applicable","Sealed","Dry","Not Raining","Daylight","Rear End","02","Driver Rider","2: MI","Traffic Signals","","",1319913.15,1679917.94,"13199131679918"
"2012-3828-27/05/2021","2 Metropolitan","HAMPSTEAD GARDENS","5086","CITY OF PORT ADELAIDE ENFIELD",2,0,0,0,0,2012,"February","Wednesday","10:45 am","060","T-Junction","Straight road","Level","Not Applicable","Sealed","Wet","Raining","Daylight","Right Angle","02","Driver Rider","1: PDO","Stop Sign","","",1331523.2,1676587.57,"13315231676588"
"2012-3829-27/05/2021","2 Metropolitan","LARGS BAY","5016","CITY OF PORT ADELAIDE ENFIELD",3,0,0,0,0,2012,"February","Wednesday","01:10 pm","060","Cross Road","Straight road","Level","Not Applicable","Sealed","Wet","Raining","Daylight","Side Swipe","01","Driver Rider","1: PDO","Stop Sign","","",1319742.63,1682102.3,"13197431682102"
"2012-3830-27/05/2021","3 Country","KADINA","5554","COPPER COAST DISTRICT COUNCIL",2,0,0,0,0,2012,"February","Wednesday","02:30 pm","050","Not Divided","Straight road","Level","Not Applicable","Sealed","Wet","Raining","Daylight","Side Swipe","01","Driver Rider","1: PDO","No Control","","",1250053.21,1779636.55,"12500531779637"
"2012-3831-27/05/2021","2 Metropolitan","UNLEY","5061","CITY OF UNLEY",2,0,0,0,0,2012,"February","Wednesday","11:00 am","060","T-Junction","Straight road","Level","Not Applicable","Sealed","Wet","Raining","Daylight","Rear End","02","Driver Rider","1: PDO","Traffic Signals","","",1329086.84,1667942.21,"13290871667942"
"2012-3832-27/05/2021","2 Metropolitan","CRAIGMORE","5114","CITY OF PLAYFORD.",3,0,0,0,0,2012,"February","Wednesday","01:45 pm","060","T-Junction","Straight road","Level","Not Applicable","Sealed","Wet","Raining","Daylight","Hit Fixed Object","01","Driver Rider","1: PDO","Give Way Sign","","",1338397.88,1694502.8,"13383981694503"
"2012-3833-27/05/2021","2 Metropolitan","PROSPECT","5082","CITY OF PROSPECT",2,1,0,0,1,2012,"February","Wednesday","12:40 pm","060","Divided Road","Straight road","Level","Not Applicable","Sealed","Wet","Raining","Daylight","Rear End","02","Driver Rider","2: MI","No Control","","",1328861.69,1676469.37,"13288621676469"
"2012-3834-27/05/2021","2 Metropolitan","WOODVILLE NORTH","5012","CITY OF CHARLES STURT",2,0,0,0,0,2012,"February","Wednesday","02:30 pm","060","Cross Road","Straight road","Level","Not Applicable","Sealed","Wet","Raining","Daylight","Rear End","01","Driver Rider","1: PDO","Traffic Signals","","",1323535.02,1676767,"13235351676767"
"2012-3835-27/05/2021","2 Metropolitan","PROSPECT","5082","CITY OF PROSPECT",2,0,0,0,0,2012,"February","Wednesday","02:00 pm","050","Divided Road","Straight road","Level","Not Applicable","Sealed","Wet","Raining","Daylight","Hit Parked Vehicle","02","Driver Rider","1: PDO","No Control","","",,,
"2012-3836-27/05/2021","3 Country","PORT AUGUSTA","5700","CC PT.AUGUSTA.                ",2,0,0,0,0,2012,"February","Tuesday","04:00 pm","060","Cross Road","Straight road","Level","Not Applicable","Sealed","Dry","Not Raining","Daylight","Side Swipe","02","Driver Rider","1: PDO","Traffic Signals","","",1258668.44,1943220.29,"12586681943220"
"2012-3837-27/05/2021","2 Metropolitan","MITCHELL PARK","5043","CC MARION.                    ",2,0,0,0,0,2012,"February","Wednesday","03:30 pm","060","T-Junction","Straight road","Level","Not Applicable","Sealed","Wet","Raining","Daylight","Right Angle","02","Driver Rider","1: PDO","No Control","","",1324908.09,1660687.37,"13249081660687"
"2012-3838-27/05/2021","2 Metropolitan","REGENCY PARK","5010","CITY OF PORT ADELAIDE ENFIELD",2,0,0,0,0,2012,"February","Saturday","05:12 pm","060","Divided Road","Straight road","Level","Driveway or Entrance","Sealed","Dry","Not Raining","Daylight","Side Swipe","02","Driver Rider","1: PDO","No Control","","",1326134.83,1676367.56,"13261351676368"
"2012-3839-27/05/2021","2 Metropolitan","GREENHILL","5140","THE ADELAIDE HILLS COUNCIL",2,0,0,0,0,2012,"February","Wednesday","11:00 am","080","Not Divided","Straight road","Slope","Not Applicable","Sealed","Wet","Raining","Daylight","Hit Fixed Object","01","Driver Rider","1: PDO","No Control","","",1338348.79,1666765.32,"13383491666765"
"2012-3840-27/05/2021","2 Metropolitan","GREEN FIELDS","5107","CITY OF SALISBURY",2,0,0,0,0,2012,"February","Wednesday","01:30 pm","090","T-Junction","Straight road","Level","Not Applicable","Sealed","Wet","Raining","Daylight","Rear End","01","Driver Rider","1: PDO","Traffic Signals","","",1328674.22,1685896.53,"13286741685897"
"2012-3841-27/05/2021","3 Country","GUMERACHA","5233","THE ADELAIDE HILLS COUNCIL",3,0,0,0,0,2012,"February","Wednesday","09:40 am","100","Not Divided","CURVED, VIEW OPEN","Crest of Hill","Not Applicable","Sealed","Wet","Raining","Daylight","Hit Fixed Object","01","Driver Rider","1: PDO","No Control","","",,,
"2012-3842-27/05/2021","2 Metropolitan","ELIZABETH EAST","5112","CITY OF PLAYFORD.",2,0,0,0,0,2012,"February","Wednesday","01:20 pm","060","Cross Road","Straight road","Slope","Not Applicable","Sealed","Wet","Raining","Daylight","Rear End","01","Driver Rider","1: PDO","Roundabout","","",1336896.21,1693032.29,"13368961693032"
"2012-3843-27/05/2021","2 Metropolitan","ELIZABETH NORTH","5113","CITY OF PLAYFORD.",2,0,0,0,0,2012,"February","Wednesday","10:00 am","080","Divided Road","Straight road","Level","Not Applicable","Sealed","Wet","Raining","Daylight","Rear End","01","Driver Rider","1: PDO","No Control","","",1336890.76,1695383.02,"13368911695383"
"2012-3844-27/05/2021","2 Metropolitan","OLD REYNELLA","5161","CITY OF ONKAPARINGA",2,0,0,0,0,2012,"February","Wednesday","07:45 am","080","Divided Road","Straight road","Level","Not Applicable","Sealed","Wet","Raining","Daylight","Side Swipe","01","Driver Rider","1: PDO","No Control","","",1322999.88,1652733.94,"13230001652734"
"2012-3845-27/05/2021","3 Country","PORT LINCOLN","5606","CC PT.LINCOLN.                ",2,0,0,0,0,2012,"February","Friday","12:15 pm","050","Divided Road","Straight road","Level","Not Applicable","Sealed","Dry","Not Raining","Daylight","Rear End","01","Driver Rider","1: PDO","No Control","","",1078602.5,1698362.79,"10786031698363"
"2012-3846-27/05/2021","2 Metropolitan","THEBARTON","5031","CITY OF WEST TORRENS",2,0,0,0,0,2012,"February","Wednesday","04:00 pm","060","Divided Road","Straight road","Level","Not Applicable","Sealed","Wet","Raining","Daylight","Rear End","02","Driver Rider","1: PDO","No Control","","",1326563.52,1671792.84,"13265641671793"
"2012-3847-27/05/2021","1 City","ADELAIDE","5000","CITY OF ADELAIDE",2,0,0,0,0,2012,"February","Wednesday","02:45 pm","050","Cross Road","Straight road","Level","Not Applicable","Sealed","Wet","Raining","Daylight","Side Swipe","01","Driver Rider","1: PDO","Traffic Signals","","",1329235.83,1670846.58,"13292361670847"
"2012-3848-27/05/2021","3 Country","PORT PIRIE","5540","PT.PIRIE CITY & DIST. COUNCIL ",2,0,0,0,0,2012,"February","Wednesday","04:30 pm","050","Divided Road","Straight road","Level","Driveway or Entrance","Sealed","Wet","Raining","Daylight","Right Angle","02","Driver Rider","1: PDO","No Control","","",,,
"2012-3849-27/05/2021","3 Country","WALTOWA","5264","COORONG DISTRICT COUNCIL",1,1,0,0,1,2012,"February","Wednesday","01:15 pm","100","Not Divided","Straight road","Level","Not Applicable","Unsealed","Wet","Raining","Daylight","Roll Over","01","Driver Rider","2: MI","No Control","","",1402944.66,1591525.52,"14029451591526"
"2012-3850-27/05/2021","3 Country","RENMARK","5341","DC RENMARK PARINGA            ",2,2,0,2,0,2012,"February","Wednesday","04:48 pm","100","Not Divided","CURVED, VIEW OBSCURED","Level","Not Applicable","Sealed","Wet","Raining","Daylight","Head On","01","Driver Rider","3: SI","No Control","","",,,
"2012-3851-27/05/2021","2 Metropolitan","SALISBURY EAST","5109","CITY OF SALISBURY",3,0,0,0,0,2012,"February","Wednesday","01:50 pm","080","Divided Road","CURVED, VIEW OPEN","Level","Not Applicable","Sealed","Wet","Raining","Daylight","Hit Fixed Object","01","Driver Rider","1: PDO","No Control","","",1333403.25,1685533.61,"13334031685534"
"2012-3852-27/05/2021","2 Metropolitan","OLD NOARLUNGA","5169","CITY OF ONKAPARINGA",2,1,0,0,1,2012,"February","Wednesday","05:45 am","060","Cross Road","Straight road","Level","Not Applicable","Sealed","Wet","Raining","Night","Right Turn","01","Driver Rider","2: MI","Traffic Signals","","",1318114,1642829.74,"13181141642830"
"2012-3853-27/05/2021","3 Country","IRON KNOB","5601",,1,0,0,0,0,2012,"February","Monday","08:00 pm","110","Not Divided","Straight road","Level","Not Applicable","Sealed","Dry","Not Raining","Night","Roll Over","01","Driver Rider","1: PDO","No Control","","",1209491.68,1923086.77,"12094921923087"
"2012-3854-27/05/2021","2 Metropolitan","PARALOWIE","5108","CITY OF SALISBURY",4,0,0,0,0,2012,"February","Wednesday","03:15 pm","050","Not Divided","Straight road","Level","Not Applicable","Sealed","Wet","Raining","Daylight","Hit Parked Vehicle","01","Driver Rider","1: PDO","No Control","","",1328700.27,1689296.75,"13287001689297"
"2012-3855-27/05/2021","2 Metropolitan","KILKENNY","5009","CITY OF CHARLES STURT",2,1,0,0,1,2012,"February","Wednesday","03:30 pm","060","Divided Road","Straight road","Level","Driveway or Entrance","Sealed","Wet","Raining","Daylight","Side Swipe","01","Driver Rider","2: MI","No Control","","",1323977.49,1676513.33,"13239771676513"
"2012-3856-27/05/2021","2 Metropolitan","KLEMZIG","5087","CITY OF PORT ADELAIDE ENFIELD",3,0,0,0,0,2012,"February","Wednesday","04:15 pm","060","Not Divided","Straight road","Level","Not Applicable","Sealed","Wet","Raining","Daylight","Rear End","02","Driver Rider","1: PDO","No Control","","",,,
"2012-3857-27/05/2021","3 Country","WHYALLA STUART","5608","CC WHYALLA.                   ",2,0,0,0,0,2012,"February","Wednesday","04:00 pm","060","T-Junction","Straight road","Level","Not Applicable","Sealed","Wet","Raining","Daylight","Right Angle","01","Driver Rider","1: PDO","No Control","","",1235284.13,1883906.32,"12352841883906"
"2012-3858-27/05/2021","2 Metropolitan","HAPPY VALLEY","5159","CITY OF ONKAPARINGA",3,0,0,0,0,2012,"February","Wednesday","02:50 pm","080","Not Divided","Straight road","Level","Not Applicable","Sealed","Wet","Raining","Daylight","Rear End","02","Driver Rider","1: PDO","No Control","","",,,
"2012-3859-27/05/2021","2 Metropolitan","MAWSON LAKES","5095","CITY OF SALISBURY",2,0,0,0,0,2012,"February","Wednesday","05:10 pm","070","Divided Road","Straight road","Level","Unknown","Sealed","Wet","Raining","Daylight","Rear End","02","Driver Rider","1: PDO","No Control","","",,,
"2012-3860-27/05/2021","2 Metropolitan","GILBERTON","5081","WALKERVILLE TOWN COUNCIL",2,0,0,0,0,2012,"February","Tuesday","07:00 pm","060","Cross Road","Straight road","Level","Not Applicable","Sealed","Dry","Not Raining","Daylight","Right Angle","02","Driver Rider","1: PDO","Give Way Sign","","",1329607.43,1673849.64,"13296071673850"
"2012-3861-27/05/2021","2 Metropolitan","SALISBURY EAST","5109","CITY OF SALISBURY",2,0,0,0,0,2012,"February","Wednesday","01:35 pm","080","Divided Road","Straight road","Level","Not Applicable","Sealed","Wet","Raining","Daylight","Rear End","02","Driver Rider","1: PDO","No Control","","",,,