"REPORT_ID","Stats Area","Suburb","Postcode","LGA Name","Total Units","Total Cas","Total Fats","Total SI","Total MI","Year","Month","Day","Time","Area Speed","Position Type","Horizontal Align","Vertical Align","Other Feat","Road Surface","Moisture Cond","Weather Cond","DayNight","Crash Type","Unit Resp","Entity Code","CSEF Severity","Traffic Ctrls","DUI Involved","Drugs Involved","ACCLOC_X","ACCLOC_Y","UNIQUE_LOC"
"2012-3862-27/05/2021","2 Metropolitan","SALISBURY DOWNS","5108","CITY OF SALISBURY",2,0,0,0,0,2012,"February","Wednesday","03:50 pm","060","T-Junction","Straight road","Level","Not Applicable","Sealed","Wet","Raining","Daylight","Right Turn","02","Driver Rider","1: PDO","No Control","","",1332105.28,1687658.25,"13321051687658"
"2012-3863-27/05/2021","2 Metropolitan","PARK HOLME","5043","CC MARION.                    ",2,0,0,0,0,2012,"February","Wednesday","11:10 am","060","Cross Road","Straight road","Level","Not Applicable","Sealed","Wet","Raining","Daylight","Rear End","02","Driver Rider","1: PDO","Traffic Signals","","",1324332.9,1663286.92,"13243331663287"
"2012-3864-27/05/2021","2 Metropolitan","FLINDERS PARK","5025","CITY OF CHARLES STURT",3,1,0,0,1,2012,"February","Wednesday","03:00 pm","060","T-Junction","Straight road","Level","Not Applicable","Sealed","Wet","Raining","Daylight","Rear End","02","Driver Rider","2: MI","Traffic Signals","","",1324133.87,1673170.2,"13241341673170"
"2012-3865-27/05/2021","2 Metropolitan","BOLIVAR","5110","CITY OF SALISBURY",3,0,0,0,0,2012,"February","Wednesday","05:27 pm","090","Divided Road","Straight road","Level","Not Applicable","Unsealed","Wet","Raining","Daylight","Rear End","01","Driver Rider","1: PDO","Traffic Signals","","",,,
"2012-3866-27/05/2021","2 Metropolitan","FELIXSTOW","5070","CC OF NORWOOD,PAYNEHAM & ST PETERS",2,0,0,0,0,2012,"February","Wednesday","04:15 pm","060","T-Junction","Straight road","Level","Not Applicable","Sealed","Wet","Raining","Daylight","Rear End","02","Driver Rider","1: PDO","No Control","","",1333512.38,1674404.2,"13335121674404"
"2012-3867-27/05/2021","2 Metropolitan","CAVAN","5094","CITY OF SALISBURY",5,0,0,0,0,2012,"February","Wednesday","05:30 pm","070","Divided Road","Straight road","Level","Not Applicable","Sealed","Wet","Raining","Daylight","Rear End","01","Driver Rider","1: PDO","No Control","","",1328736.23,1681064.03,"13287361681064"
"2012-3868-27/05/2021","2 Metropolitan","DRY CREEK","5094","CITY OF SALISBURY",3,0,0,0,0,2012,"February","Wednesday","05:30 pm","080","Not Divided","Straight road","Level","Bridge, Culvert, Causeway","Sealed","Wet","Raining","Daylight","Rear End","01","Driver Rider","1: PDO","No Control","","",1328702.12,1682433.44,"13287021682433"
"2012-3869-27/05/2021","2 Metropolitan","SOMERTON PARK","5044","CITY OF HOLDFAST BAY",2,0,0,0,0,2012,"February","Wednesday","03:35 pm","060","T-Junction","Straight road","Level","Not Applicable","Sealed","Wet","Raining","Daylight","Right Angle","01","Driver Rider","1: PDO","No Control","","",1321325.65,1663006.7,"13213261663007"
"2012-3870-27/05/2021","2 Metropolitan","CAVAN","5094","CITY OF SALISBURY",2,0,0,0,0,2012,"February","Wednesday","05:10 pm","080","Divided Road","Straight road","Level","Not Applicable","Sealed","Wet","Raining","Daylight","Rear End","02","Driver Rider","1: PDO","No Control","","",,,
"2012-3871-27/05/2021","3 Country","MYPONGA","5202","DC YANKALILLA.                ",2,0,0,0,0,2012,"February","Wednesday","04:00 pm","100","Not Divided","CURVED, VIEW OBSCURED","Crest of Hill","Not Applicable","Sealed","Wet","Not Raining","Daylight","Head On","02","Driver Rider","1: PDO","No Control","","",,,
"2012-3872-27/05/2021","2 Metropolitan","PLYMPTON","5038","CITY OF WEST TORRENS",2,0,0,0,0,2012,"February","Wednesday","07:00 pm","060","Divided Road","Straight road","Level","Driveway or Entrance","Sealed","Dry","Not Raining","Daylight","Hit Parked Vehicle","02","Driver Rider","1: PDO","No Control","","",1324234.71,1666704.15,"13242351666704"
"2012-3873-27/05/2021","2 Metropolitan","ELIZABETH SOUTH","5112","CITY OF PLAYFORD.",2,0,0,0,0,2012,"February","Wednesday","06:50 am","040","Not Divided","Straight road","Level","Roadworks","Sealed","Wet","Raining","Night","Rear End","01","Driver Rider","1: PDO","No Control","","",,,
"2012-3874-27/05/2021","2 Metropolitan","HECTORVILLE","5073","CC CAMPBELLTOWN.              ",2,0,0,0,0,2012,"February","Wednesday","04:30 am","060","T-Junction","Straight road","Level","Not Applicable","Sealed","Wet","Raining","Night","Hit Fixed Object","01","Driver Rider","1: PDO","No Control","","",1335423.29,1674081.28,"13354231674081"
"2012-3875-27/05/2021","2 Metropolitan","PARALOWIE","5108","CITY OF SALISBURY",2,0,0,0,0,2012,"February","Wednesday","04:00 pm","060","T-Junction","Straight road","Level","Roadworks","Sealed","Wet","Raining","Daylight","Rear End","02","Driver Rider","1: PDO","No Control","","",1328705.81,1688989.4,"13287061688989"
"2012-3876-27/05/2021","2 Metropolitan","VALLEY VIEW","5093","CITY OF TEA TREE GULLY",2,0,0,0,0,2012,"February","Wednesday","04:56 pm","060","Cross Road","Straight road","Level","Not Applicable","Sealed","Wet","Raining","Daylight","Hit Fixed Object","01","Driver Rider","1: PDO","Traffic Signals","","",1335285.41,1679409.95,"13352851679410"
"2012-3877-27/05/2021","2 Metropolitan","POORAKA","5095","CITY OF SALISBURY",2,1,0,0,1,2012,"February","Wednesday","06:13 pm","060","T-Junction","Straight road","Level","Not Applicable","Sealed","Wet","Raining","Daylight","Right Turn","01","Driver Rider","2: MI","Traffic Signals","","",1331015.05,1680310.68,"13310151680311"
"2012-3878-27/05/2021","2 Metropolitan","COLLINSWOOD","5081","CITY OF PROSPECT",2,0,0,0,0,2012,"February","Wednesday","04:25 pm","060","T-Junction","Straight road","Level","Not Applicable","Sealed","Wet","Raining","Daylight","Right Turn","02","Driver Rider","1: PDO","No Control","","",1330284.03,1675048.18,"13302841675048"
"2012-3879-27/05/2021","2 Metropolitan","INGLE FARM","5098","CITY OF SALISBURY",2,1,0,0,1,2012,"February","Wednesday","05:25 pm","070","T-Junction","Straight road","Slope","Not Applicable","Sealed","Wet","Raining","Daylight","Right Turn","01","Driver Rider","2: MI","Traffic Signals","","",1332666.48,1681574.09,"13326661681574"
"2012-3880-27/05/2021","2 Metropolitan","FINDON","5023","CITY OF CHARLES STURT",2,4,0,0,4,2012,"February","Wednesday","06:20 pm","060","Not Divided","Straight road","Level","Driveway or Entrance","Sealed","Wet","Raining","Daylight","Right Angle","02","Driver Rider","2: MI","No Control","","",1322398.07,1673997.95,"13223981673998"
"2012-3881-27/05/2021","3 Country","MOUNT GAMBIER","5290","CC MT.GAMBIER.                ",2,1,0,0,1,2012,"February","Wednesday","06:40 pm","060","Not Divided","Straight road","Bottom of Hill","Driveway or Entrance","Sealed","Dry","Not Raining","Daylight","Right Angle","01","Driver Rider","2: MI","No Control","","",1510132.97,1340852.03,"15101331340852"
"2012-3882-27/05/2021","2 Metropolitan","HACKHAM WEST","5163","CITY OF ONKAPARINGA",2,0,0,0,0,2012,"February","Wednesday","03:55 pm","060","Cross Road","Straight road","Level","Not Applicable","Sealed","Wet","Raining","Daylight","Rear End","01","Driver Rider","1: PDO","Traffic Signals","","",1320828.65,1647530.89,"13208291647531"
"2012-3883-27/05/2021","2 Metropolitan","ST GEORGES","5064","CITY OF BURNSIDE",3,1,0,0,1,2012,"February","Wednesday","06:15 pm","060","T-Junction","Straight road","Slope","Median Opening (not at I/S)","Sealed","Wet","Raining","Daylight","Right Angle","01","Driver Rider","2: MI","No Control","","",1332359.97,1667270.69,"13323601667271"
"2012-3884-27/05/2021","2 Metropolitan","THEBARTON","5031","CITY OF WEST TORRENS",2,1,0,0,1,2012,"February","Wednesday","04:55 pm","050","Not Divided","Straight road","Level","Driveway or Entrance","Sealed","Wet","Raining","Daylight","Right Angle","02","Driver Rider","2: MI","No Control","","",1326157.23,1672332.61,"13261571672333"
"2012-3885-27/05/2021","3 Country","MONASH","5342","THE BERRI BARMERA COUNCIL",2,2,0,2,0,2012,"February","Wednesday","03:45 pm","110","Not Divided","Straight road","Level","Not Applicable","Sealed","Wet","Raining","Daylight","Rear End","02","Driver Rider","3: SI","No Control","","",1519379.91,1739422.6,"15193801739423"
"2012-3886-27/05/2021","2 Metropolitan","UNDERDALE","5032","CITY OF WEST TORRENS",2,0,0,0,0,2012,"February","Wednesday","04:45 pm","060","Divided Road","Straight road","Level","Not Applicable","Sealed","Wet","Raining","Daylight","Roll Over","02","Driver Rider","1: PDO","No Control","","",,,
"2012-3887-27/05/2021","2 Metropolitan","DOVER GARDENS","5048","CC MARION.                    ",2,0,0,0,0,2012,"February","Wednesday","08:45 am","060","Cross Road","CURVED, VIEW OPEN","Level","Not Applicable","Sealed","Dry","Not Raining","Daylight","Rear End","02","Driver Rider","1: PDO","Traffic Signals","","",1322777.1,1660604.93,"13227771660605"
"2012-3888-27/05/2021","2 Metropolitan","BELAIR","5052","CC MITCHAM.                   ",2,0,0,0,0,2012,"February","Wednesday","06:40 pm","060","T-Junction","Straight road","Slope","Not Applicable","Sealed","Wet","Raining","Daylight","Hit Fixed Object","01","Driver Rider","1: PDO","Stop Sign","","",1330556.85,1663179.26,"13305571663179"
"2012-3889-27/05/2021","2 Metropolitan","WOODVILLE GARDENS","5012","CITY OF PORT ADELAIDE ENFIELD",2,0,0,0,0,2012,"February","Wednesday","03:25 pm","050","T-Junction","Straight road","Level","Not Applicable","Sealed","Wet","Raining","Daylight","Hit Parked Vehicle","01","Driver Rider","1: PDO","Give Way Sign","","",1324741.03,1677658.03,"13247411677658"
"2012-3890-27/05/2021","1 City","NORTH ADELAIDE","5006","CITY OF ADELAIDE",2,1,0,1,0,2012,"February","Monday","07:20 am","060","Cross Road","CURVED, VIEW OPEN","Level","Not Applicable","Sealed","Dry","Not Raining","Daylight","Side Swipe","02","Driver Rider","3: SI","Traffic Signals","","",1328075.32,1673324.19,"13280751673324"
"2012-3891-27/05/2021","1 City","NORTH ADELAIDE","5006","CITY OF ADELAIDE",2,1,0,0,1,2012,"February","Wednesday","03:20 pm","050","Cross Road","Straight road","Level","Not Applicable","Sealed","Wet","Raining","Daylight","Right Angle","01","Driver Rider","2: MI","Traffic Signals","","",1328435.21,1672204.38,"13284351672204"
"2012-3892-27/05/2021","3 Country","MOUNT GAMBIER","5290","CC MT.GAMBIER.                ",2,0,0,0,0,2012,"February","Wednesday","08:00 pm","060","Divided Road","Straight road","Level","Not Applicable","Sealed","Dry","Not Raining","Night","Hit Fixed Object","01","Driver Rider","1: PDO","No Control","Y","",1508555.77,1341579.79,"15085561341580"
"2012-3893-27/05/2021","2 Metropolitan","FINDON","5023","CITY OF CHARLES STURT",2,0,0,0,0,2012,"February","Wednesday","06:25 pm","050","Not Divided","Straight road","Level","Not Applicable","Sealed","Wet","Raining","Daylight","Hit Object on Road","01","Driver Rider","1: PDO","No Control","Y","",1321675.43,1674246.01,"13216751674246"
"2012-3894-27/05/2021","3 Country","GAWLER BELT","5118","LIGHT REGIONAL COUNCIL",3,0,0,0,0,2012,"February","Wednesday","04:20 pm","110","T-Junction","Straight road","Level","Not Applicable","Sealed","Wet","Raining","Daylight","Hit Fixed Object","01","Driver Rider","1: PDO","No Control","","",1342931.05,1709158.17,"13429311709158"
"2012-3895-27/05/2021","2 Metropolitan","HAPPY VALLEY","5159","CITY OF ONKAPARINGA",2,0,0,0,0,2012,"February","Wednesday","06:55 pm","080","T-Junction","Straight road","Level","Not Applicable","Sealed","Wet","Raining","Daylight","Right Turn","01","Driver Rider","1: PDO","Traffic Signals","","",1324354.32,1656484.47,"13243541656484"
"2012-3896-27/05/2021","2 Metropolitan","ALDGATE","5154","THE ADELAIDE HILLS COUNCIL",2,3,0,0,3,2012,"February","Wednesday","06:30 pm","060","Not Divided","CURVED, VIEW OBSCURED","Slope","Not Applicable","Sealed","Wet","Raining","Daylight","Head On","02","Driver Rider","2: MI","No Control","","",1340096.09,1660642.79,"13400961660643"
"2012-3897-27/05/2021","2 Metropolitan","TORRENSVILLE","5031","CITY OF WEST TORRENS",3,1,0,0,1,2012,"February","Wednesday","06:25 pm","060","Divided Road","Straight road","Level","Not Applicable","Sealed","Wet","Raining","Daylight","Rear End","01","Driver Rider","2: MI","No Control","","",1325624.38,1671533.87,"13256241671534"
"2012-3898-27/05/2021","3 Country","MONASH","5342","THE BERRI BARMERA COUNCIL",1,1,0,0,1,2012,"February","Wednesday","06:50 pm","110","Not Divided","CURVED, VIEW OPEN","Level","Not Applicable","Sealed","Wet","Raining","Daylight","Roll Over","01","Driver Rider","2: MI","No Control","","",,,
"2012-3899-27/05/2021","2 Metropolitan","NORTH HAVEN","5018","CITY OF PORT ADELAIDE ENFIELD",2,0,0,0,0,2012,"February","Wednesday","09:10 pm","050","Divided Road","Straight road","Level","Driveway or Entrance","Sealed","Wet","Raining","Night","Hit Parked Vehicle","02","Driver Rider","1: PDO","No Control","","",1319706.25,1685756.05,"13197061685756"
"2012-3900-27/05/2021","2 Metropolitan","CHERRY GARDENS","5157","CITY OF ONKAPARINGA",2,1,1,0,0,2012,"February","Wednesday","09:51 pm","080","Not Divided","CURVED, VIEW OPEN","Level","Not Applicable","Sealed","Wet","Raining","Night","Head On","01","Driver Rider","4: Fatal","No Control","Y","",1334351.62,1656851.63,"13343521656852"
"2012-3901-27/05/2021","2 Metropolitan","MORPHETT VALE","5162","CITY OF ONKAPARINGA",3,0,0,0,0,2012,"February","Saturday","12:40 am","060","Not Divided","Straight road","Level","Bridge, Culvert, Causeway","Sealed","Dry","Not Raining","Night","Hit Fixed Object","01","Driver Rider","1: PDO","No Control","Y","",1321954.02,1649100.4,"13219541649100"
"2012-3902-27/05/2021","3 Country","WAITPINGA","5211","DC VICTOR HARBOR.             ",1,0,0,0,0,2012,"March","Thursday","04:40 am","100","Not Divided","CURVED, VIEW OPEN","Level","Not Applicable","Sealed","Wet","Unknown","Night","Roll Over","01","Driver Rider","1: PDO","No Control","","",,,
"2012-3903-27/05/2021","2 Metropolitan","WISTOW","5251","DC MT.BARKER.                 ",2,0,0,0,0,2012,"February","Wednesday","02:05 pm","080","Not Divided","CURVED, VIEW OPEN","Slope","Not Applicable","Sealed","Wet","Raining","Daylight","Hit Fixed Object","01","Driver Rider","1: PDO","No Control","","",1353269.38,1650092.02,"13532691650092"
"2012-3904-27/05/2021","1 City","ADELAIDE","5000","CITY OF ADELAIDE",2,0,0,0,0,2012,"March","Thursday","07:15 am","050","T-Junction","Straight road","Level","Not Applicable","Sealed","Dry","Not Raining","Daylight","Side Swipe","02","Driver Rider","1: PDO","No Control","","",1328290.05,1671126.96,"13282901671127"
"2012-3905-27/05/2021","2 Metropolitan","CROYDON PARK","5008","CITY OF PORT ADELAIDE ENFIELD",2,0,0,0,0,2012,"March","Thursday","05:45 am","060","Divided Road","Straight road","Level","Not Applicable","Sealed","Dry","Not Raining","Night","Hit Fixed Object","01","Driver Rider","1: PDO","No Control","","",1326070.67,1675649.68,"13260711675650"
"2012-3906-27/05/2021","3 Country","TUMBY BAY","5605","DC TUMBY BAY.                 ",2,0,0,0,0,2012,"February","Wednesday","02:30 pm","050","Cross Road","Straight road","Level","Not Applicable","Sealed","Wet","Not Raining","Daylight","Right Angle","01","Driver Rider","1: PDO","Give Way Sign","","",1101162.16,1736247.94,"11011621736248"
"2012-3907-27/05/2021","3 Country","HINDMARSH VALLEY","5211","DC VICTOR HARBOR.             ",2,0,0,0,0,2012,"March","Thursday","09:10 am","100","Not Divided","CURVED, VIEW OBSCURED","Bottom of Hill","Not Applicable","Sealed","Wet","Not Raining","Daylight","Hit Parked Vehicle","02","Driver Rider","1: PDO","No Control","","",,,
"2012-3908-27/05/2021","2 Metropolitan","DARLINGTON","5047","CITY OF ONKAPARINGA",2,1,0,0,1,2012,"February","Wednesday","09:10 am","070","Cross Road","Straight road","Slope","Not Applicable","Sealed","Wet","Raining","Daylight","Rear End","02","Driver Rider","2: MI","Traffic Signals","","",1324432.96,1659694.42,"13244331659694"
"2012-3909-27/05/2021","2 Metropolitan","WEST LAKES","5021","CITY OF PORT ADELAIDE ENFIELD",2,0,0,0,0,2012,"February","Wednesday","04:00 pm","060","Divided Road","Straight road","Level","Not Applicable","Sealed","Wet","Raining","Daylight","Rear End","02","Driver Rider","1: PDO","No Control","","",,,
"2012-3910-27/05/2021","2 Metropolitan","PARK HOLME","5043","CC MARION.                    ",2,0,0,0,0,2012,"February","Wednesday","03:56 pm","060","Cross Road","Straight road","Level","Not Applicable","Sealed","Wet","Raining","Daylight","Rear End","02","Driver Rider","1: PDO","Traffic Signals","","",1324332.9,1663286.92,"13243331663287"
"2012-3911-27/05/2021","2 Metropolitan","PANORAMA","5041","CC MITCHAM.                   ",3,0,0,0,0,2012,"February","Wednesday","02:00 pm","060","T-Junction","Straight road","Level","Not Applicable","Sealed","Wet","Raining","Daylight","Hit Fixed Object","01","Driver Rider","1: PDO","Traffic Signals","","",1327592.73,1663487.35,"13275931663487"
"2012-3912-27/05/2021","2 Metropolitan","GLENELG","5045","CITY OF HOLDFAST BAY",2,0,0,0,0,2012,"February","Wednesday","12:15 pm","050","Not Divided","Straight road","Level","Not Applicable","Sealed","Wet","Raining","Daylight","Hit Parked Vehicle","02","Driver Rider","1: PDO","No Control","","",1320440.63,1665104.45,"13204411665104"
"2012-3913-27/05/2021","2 Metropolitan","KESWICK","5035","CITY OF WEST TORRENS",2,1,0,0,1,2012,"March","Thursday","07:20 am","060","T-Junction","Straight road","Level","Not Applicable","Sealed","Dry","Not Raining","Daylight","Rear End","02","Driver Rider","2: MI","Give Way Sign","","",1326559.92,1668496.69,"13265601668497"
"2012-3914-27/05/2021","2 Metropolitan","POORAKA","5095","CITY OF SALISBURY",2,1,0,0,1,2012,"February","Wednesday","03:00 pm","080","Cross Road","Straight road","Level","Not Applicable","Sealed","Wet","Not Raining","Daylight","Rear End","02","Driver Rider","2: MI","Traffic Signals","","",1330465.1,1681818.42,"13304651681818"
"2012-3915-27/05/2021","1 City","NORTH ADELAIDE","5006","CITY OF ADELAIDE",2,0,0,0,0,2012,"March","Thursday","08:45 am","050","Not Divided","Straight road","Level","Not Applicable","Sealed","Dry","Not Raining","Daylight","Rear End","02","Driver Rider","1: PDO","No Control","","",,,
"2012-3916-27/05/2021","2 Metropolitan","GLYNDE","5070","CC OF NORWOOD,PAYNEHAM & ST PETERS",2,0,0,0,0,2012,"February","Wednesday","05:45 pm","050","Cross Road","Straight road","Level","Not Applicable","Sealed","Wet","Not Raining","Daylight","Right Angle","02","Driver Rider","1: PDO","Give Way Sign","","",1333293.42,1673636.42,"13332931673636"
"2012-3917-27/05/2021","2 Metropolitan","PANORAMA","5041","CC MITCHAM.                   ",2,0,0,0,0,2012,"February","Wednesday","12:40 pm","060","T-Junction","Straight road","Level","Not Applicable","Sealed","Wet","Raining","Daylight","Rear End","02","Driver Rider","1: PDO","Traffic Signals","","",1327579.6,1663487.39,"13275801663487"
"2012-3918-27/05/2021","2 Metropolitan","GLYNDE","5070","CC OF NORWOOD,PAYNEHAM & ST PETERS",2,0,0,0,0,2012,"February","Wednesday","06:00 pm","060","Divided Road","Straight road","Level","Not Applicable","Sealed","Wet","Raining","Daylight","Rear End","02","Driver Rider","1: PDO","No Control","","",1333756.09,1674514.4,"13337561674514"
"2012-3919-27/05/2021","1 City","ADELAIDE","5000","CITY OF ADELAIDE",2,0,0,0,0,2012,"March","Thursday","08:50 am","050","Not Divided","Straight road","Level","Not Applicable","Sealed","Dry","Not Raining","Daylight","Side Swipe","02","Driver Rider","1: PDO","No Control","","",1327465.45,1669849.85,"13274651669850"
"2012-3920-27/05/2021","3 Country","PORT WAKEFIELD","5550","WAKEFIELD REGIONAL COUNCIL",2,0,0,0,0,2012,"February","Wednesday","03:00 pm","110","Not Divided","CURVED, VIEW OPEN","Level","Not Applicable","Sealed","Wet","Raining","Daylight","Hit Fixed Object","01","Driver Rider","1: PDO","No Control","","",1291120.12,1756937.38,"12911201756937"
"2012-3921-27/05/2021","2 Metropolitan","PROSPECT","5082","CITY OF PROSPECT",2,1,0,0,1,2012,"March","Thursday","08:30 am","050","T-Junction","Straight road","Level","Not Applicable","Sealed","Dry","Not Raining","Daylight","Right Turn","02","Driver Rider","2: MI","Stop Sign","","",1328092.9,1675193.95,"13280931675194"
"2012-3922-27/05/2021","2 Metropolitan","BEDFORD PARK","5042","CC MITCHAM.                   ",2,0,0,0,0,2012,"March","Thursday","09:30 am","050","T-Junction","Straight road","Level","Not Applicable","Sealed","Dry","Not Raining","Daylight","Rear End","02","Driver Rider","1: PDO","Stop Sign","","",1325289.83,1659603.03,"13252901659603"
"2012-3923-27/05/2021","2 Metropolitan","MANSFIELD PARK","5012","CITY OF CHARLES STURT",2,0,0,0,0,2012,"February","Wednesday","05:50 pm","060","Divided Road","Straight road","Level","Not Applicable","Sealed","Wet","Not Raining","Daylight","Side Swipe","01","Driver Rider","1: PDO","No Control","","",,,
"2012-3924-27/05/2021","2 Metropolitan","DRY CREEK","5094","CITY OF SALISBURY",2,1,0,0,1,2012,"February","Wednesday","05:30 pm","080","Divided Road","Straight road","Level","Not Applicable","Sealed","Wet","Raining","Daylight","Rear End","02","Driver Rider","2: MI","No Control","","",,,
"2012-3925-27/05/2021","3 Country","LEIGH CREEK","5731",,2,1,0,0,1,2012,"February","Sunday","09:40 pm","100","Not Divided","CURVED, VIEW OPEN","Level","Driveway or Entrance","Unsealed","Wet","Not Raining","Night","Hit Fixed Object","01","Driver Rider","2: MI","No Control","","",1465732.75,2260145.91,"14657332260146"
"2012-3926-27/05/2021","3 Country","FREELING","5372","LIGHT REGIONAL COUNCIL",2,2,0,0,2,2012,"March","Thursday","08:30 am","100","Cross Road","Straight road","Crest of Hill","Not Applicable","Sealed","Dry","Not Raining","Daylight","Right Angle","01","Driver Rider","2: MI","Stop Sign","","",1350793.5,1722226.05,"13507941722226"
"2012-3927-27/05/2021","3 Country","WHYALLA PLAYFORD","5600","CC WHYALLA.                   ",2,0,0,0,0,2012,"March","Thursday","10:30 am","060","Cross Road","Straight road","Slope","Not Applicable","Sealed","Dry","Not Raining","Daylight","Right Turn","01","Driver Rider","1: PDO","Traffic Signals","","",1239353.75,1883264.01,"12393541883264"
"2012-3928-27/05/2021","2 Metropolitan","POORAKA","5095","CITY OF SALISBURY",2,0,0,0,0,2012,"March","Thursday","10:00 am","050","T-Junction","Straight road","Level","Not Applicable","Sealed","Wet","Raining","Daylight","Hit Fixed Object","01","Driver Rider","1: PDO","No Control","","",1332246.93,1682118.34,"13322471682118"
"2012-3929-27/05/2021","2 Metropolitan","PARALOWIE","5108","CITY OF SALISBURY",3,0,0,0,0,2012,"March","Thursday","08:50 am","025","Not Divided","Straight road","Level","Not Applicable","Sealed","Dry","Not Raining","Daylight","Hit Parked Vehicle","02","Driver Rider","1: PDO","No Control","","",1328627.18,1689490.74,"13286271689491"
"2012-3930-27/05/2021","2 Metropolitan","CAMDEN PARK","5038","CITY OF WEST TORRENS",2,0,0,0,0,2012,"March","Thursday","08:50 am","060","Divided Road","Straight road","Level","Not Applicable","Sealed","Dry","Not Raining","Daylight","Rear End","01","Driver Rider","1: PDO","No Control","","",,,
"2012-3931-27/05/2021","2 Metropolitan","PROSPECT","5082","CITY OF PROSPECT",2,0,0,0,0,2012,"February","Wednesday","03:05 pm","050","Not Divided","Straight road","Level","Not Applicable","Sealed","Wet","Raining","Daylight","Hit Parked Vehicle","01","Driver Rider","1: PDO","No Control","","",1328059.01,1676447.6,"13280591676448"
"2012-3932-27/05/2021","2 Metropolitan","PARADISE","5075","CC CAMPBELLTOWN.              ",2,0,0,0,0,2012,"February","Wednesday","06:05 pm","050","Not Divided","CURVED, VIEW OPEN","Level","Not Applicable","Sealed","Wet","Raining","Daylight","Rear End","02","Driver Rider","1: PDO","No Control","","",,,
"2012-3933-27/05/2021","2 Metropolitan","PARAFIELD GARDENS","5107","CITY OF SALISBURY",2,0,0,0,0,2012,"February","Wednesday","03:45 pm","060","T-Junction","Straight road","Level","Not Applicable","Sealed","Wet","Raining","Daylight","Rear End","02","Driver Rider","1: PDO","Traffic Signals","","",1330688.17,1685868.15,"13306881685868"
"2012-3934-27/05/2021","2 Metropolitan","GLENELG","5045","CITY OF HOLDFAST BAY",2,0,0,0,0,2012,"March","Thursday","12:45 pm","040","Cross Road","Straight road","Level","Not Applicable","Sealed","Dry","Not Raining","Daylight","Side Swipe","02","Driver Rider","1: PDO","Traffic Signals","","",1320797.13,1664894.03,"13207971664894"
"2012-3935-27/05/2021","2 Metropolitan","ENFIELD","5085","CITY OF PORT ADELAIDE ENFIELD",3,0,0,0,0,2012,"March","Thursday","12:40 pm","060","Divided Road","Straight road","Level","Driveway or Entrance","Sealed","Dry","Not Raining","Daylight","Rear End","01","Driver Rider","1: PDO","No Control","","",1328819.44,1678678.29,"13288191678678"
"2012-3936-27/05/2021","2 Metropolitan","TRINITY GARDENS","5068","CC OF NORWOOD,PAYNEHAM & ST PETERS",2,1,0,0,1,2012,"March","Thursday","11:50 am","060","T-Junction","Straight road","Level","Not Applicable","Sealed","Dry","Not Raining","Daylight","Right Turn","01","Driver Rider","2: MI","No Control","","",1332455.15,1671767.74,"13324551671768"
"2012-3937-27/05/2021","3 Country","MAITLAND","5573","YORKE PENINSULA COUNCIL",2,0,0,0,0,2012,"February","Wednesday","08:45 am","050","Not Divided","Straight road","Level","Driveway or Entrance","Sealed","Wet","Raining","Daylight","Right Angle","02","Driver Rider","1: PDO","No Control","","",1245978.97,1734681.34,"12459791734681"
"2012-3938-27/05/2021","2 Metropolitan","REGENCY PARK","5010","CITY OF PORT ADELAIDE ENFIELD",2,0,0,0,0,2012,"March","Thursday","01:55 pm","040","Divided Road","Straight road","Level","Roadworks","Sealed","Dry","Not Raining","Daylight","Rear End","01","Driver Rider","1: PDO","No Control","","",1326062.24,1676635.55,"13260621676636"
"2012-3939-27/05/2021","3 Country","MONASH","5342","THE BERRI BARMERA COUNCIL",3,1,0,1,0,2012,"February","Wednesday","02:00 pm","110","Not Divided","Straight road","Level","Not Applicable","Sealed","Wet","Raining","Daylight","Rear End","01","Driver Rider","3: SI","No Control","","",1519380.75,1739423.14,"15193811739423"
"2012-3940-27/05/2021","2 Metropolitan","PARKSIDE","5063","CITY OF UNLEY",2,1,0,0,1,2012,"March","Thursday","09:15 am","060","T-Junction","Straight road","Level","Not Applicable","Sealed","Dry","Not Raining","Daylight","Right Angle","02","Driver Rider","2: MI","Stop Sign","","",1330707.66,1668246.71,"13307081668247"
"2012-3941-27/05/2021","2 Metropolitan","GAWLER EAST","5118","CT GAWLER.                    ",2,0,0,0,0,2012,"March","Thursday","12:20 pm","050","Cross Road","Straight road","Slope","Road hump or Slow point","Sealed","Dry","Not Raining","Daylight","Rear End","02","Driver Rider","1: PDO","Roundabout","","",1343429.59,1706242.46,"13434301706242"
"2012-3942-27/05/2021","2 Metropolitan","SAMPSON FLAT","5114","CITY OF PLAYFORD.",2,0,0,0,0,2012,"February","Wednesday","11:00 am","100","Not Divided","CURVED, VIEW OBSCURED","Level","Not Applicable","Sealed","Wet","Raining","Daylight","Hit Fixed Object","01","Driver Rider","1: PDO","No Control","","",,,
"2012-3943-27/05/2021","2 Metropolitan","TORRENSVILLE","5031","CITY OF WEST TORRENS",2,2,0,0,2,2012,"March","Thursday","02:00 pm","060","Cross Road","Straight road","Level","Not Applicable","Sealed","Dry","Not Raining","Daylight","Rear End","02","Driver Rider","2: MI","Traffic Signals","","",1325746.9,1670988.92,"13257471670989"
"2012-3944-27/05/2021","2 Metropolitan","BROOKLYN PARK","5032","CITY OF WEST TORRENS",2,0,0,0,0,2012,"March","Thursday","09:30 am","060","T-Junction","Straight road","Level","Not Applicable","Sealed","Dry","Not Raining","Daylight","Side Swipe","02","Driver Rider","1: PDO","Traffic Signals","","",1324111.77,1670938.51,"13241121670939"