"REPORT_ID","Stats Area","Suburb","Postcode","LGA Name","Total Units","Total Cas","Total Fats","Total SI","Total MI","Year","Month","Day","Time","Area Speed","Position Type","Horizontal Align","Vertical Align","Other Feat","Road Surface","Moisture Cond","Weather Cond","DayNight","Crash Type","Unit Resp","Entity Code","CSEF Severity","Traffic Ctrls","DUI Involved","Drugs Involved","ACCLOC_X","ACCLOC_Y","UNIQUE_LOC"
"2012-4110-27/05/2021","2 Metropolitan","GEPPS CROSS","5094","CITY OF PORT ADELAIDE ENFIELD",2,0,0,0,0,2012,"March","Sunday","05:20 pm","060","Not Divided","Straight road","Slope","Not Applicable","Sealed","Dry","Not Raining","Daylight","Hit Fixed Object","01","Driver Rider","1: PDO","No Control","","",,,
"2012-4111-27/05/2021","2 Metropolitan","ELIZABETH EAST","5112","CITY OF PLAYFORD.",2,0,0,0,0,2012,"March","Monday","06:10 am","080","Divided Road","Straight road","Level","Not Applicable","Sealed","Dry","Not Raining","Night","Rear End","01","Driver Rider","1: PDO","No Control","","",1336153.55,1691042.39,"13361541691042"
"2012-4112-27/05/2021","2 Metropolitan","HENLEY BEACH SOUTH","5022","CITY OF CHARLES STURT",2,1,0,0,1,2012,"March","Monday","05:55 am","050","Multiple","Straight road","Level","Not Applicable","Sealed","Dry","Not Raining","Night","Right Angle","02","Driver Rider","2: MI","Roundabout","","",1319125.61,1670999.07,"13191261670999"
"2012-4113-27/05/2021","1 City","ADELAIDE","5000","CITY OF ADELAIDE",2,0,0,0,0,2012,"March","Sunday","05:15 pm","050","T-Junction","Straight road","Level","Not Applicable","Sealed","Dry","Not Raining","Daylight","Side Swipe","01","Driver Rider","1: PDO","No Control","","",1330086.47,1669767.81,"13300861669768"
"2012-4114-27/05/2021","2 Metropolitan","MACCLESFIELD","5153","DC MT.BARKER.                 ",2,0,0,0,0,2012,"March","Saturday","09:45 am","050","Not Divided","Straight road","Crest of Hill","Not Applicable","Sealed","Dry","Not Raining","Daylight","Hit Parked Vehicle","02","Driver Rider","1: PDO","No Control","","",1349672.07,1642322.3,"13496721642322"
"2012-4115-27/05/2021","2 Metropolitan","SEACLIFF","5049","CITY OF HOLDFAST BAY",2,0,0,0,0,2012,"February","Monday","07:00 pm","050","Cross Road","Straight road","Level","Not Applicable","Sealed","Dry","Not Raining","Daylight","Right Angle","02","Driver Rider","1: PDO","Give Way Sign","","",1320948.96,1658892.19,"13209491658892"
"2012-4116-27/05/2021","3 Country","GOOLWA","5214","ALEXANDRINA COUNCIL",2,0,0,0,0,2012,"March","Saturday","01:20 pm","050","Not Divided","Straight road","Level","Driveway or Entrance","Sealed","Dry","Not Raining","Daylight","Rear End","02","Driver Rider","1: PDO","No Control","","",1342937.38,1606013.57,"13429371606014"
"2012-4117-27/05/2021","2 Metropolitan","EASTWOOD","5063","CITY OF BURNSIDE",2,0,0,0,0,2012,"March","Sunday","02:30 pm","060","Divided Road","Straight road","Level","Not Applicable","Sealed","Dry","Not Raining","Daylight","Rear End","02","Driver Rider","1: PDO","No Control","","",,,
"2012-4118-27/05/2021","2 Metropolitan","MYLOR","5153","THE ADELAIDE HILLS COUNCIL",2,1,0,0,1,2012,"March","Sunday","09:45 am","080","Cross Road","CURVED, VIEW OBSCURED","Crest of Hill","Not Applicable","Sealed","Dry","Not Raining","Daylight","Right Angle","02","Driver Rider","2: MI","Stop Sign","","",1341070.04,1656654.98,"13410701656655"
"2012-4119-27/05/2021","2 Metropolitan","ELIZABETH SOUTH","5112","CITY OF PLAYFORD.",2,0,0,0,0,2012,"March","Monday","07:45 am","050","Not Divided","CURVED, VIEW OPEN","Level","Not Applicable","Sealed","Dry","Not Raining","Daylight","Roll Over","01","Driver Rider","1: PDO","No Control","","",1334638.45,1690621.9,"13346381690622"
"2012-4120-27/05/2021","2 Metropolitan","MARLESTON","5033","CITY OF WEST TORRENS",2,0,0,0,0,2012,"March","Monday","06:30 am","060","T-Junction","Straight road","Level","Not Applicable","Sealed","Dry","Not Raining","Night","Right Turn","01","Driver Rider","1: PDO","No Control","","",1325806.84,1668751.5,"13258071668752"
"2012-4121-27/05/2021","2 Metropolitan","KLEMZIG","5087","CITY OF PORT ADELAIDE ENFIELD",2,0,0,0,0,2012,"March","Monday","09:25 am","060","Cross Road","Straight road","Level","Not Applicable","Sealed","Dry","Not Raining","Daylight","Side Swipe","02","Driver Rider","1: PDO","Traffic Signals","","",1332072.8,1676595.28,"13320731676595"
"2012-4122-27/05/2021","2 Metropolitan","MILE END SOUTH","5031","CITY OF WEST TORRENS",2,0,0,0,0,2012,"March","Monday","07:00 am","050","Not Divided","Straight road","Level","Not Applicable","Sealed","Dry","Not Raining","Night","Right Angle","01","Driver Rider","1: PDO","No Control","","",1325973.55,1669261.97,"13259741669262"
"2012-4123-27/05/2021","3 Country","KOHINOOR","5223","KANGAROO ISLAND COUNCIL",2,0,0,0,0,2012,"March","Sunday","12:00 pm","110","Not Divided","CURVED, VIEW OBSCURED","Slope","Not Applicable","Sealed","Dry","Not Raining","Daylight","Rear End","02","Driver Rider","1: PDO","No Control","","",,,
"2012-4124-27/05/2021","3 Country","YEELANNA","5632","DC LOWER EYRE PENINSULA       ",2,0,0,0,0,2012,"March","Saturday","11:45 pm","100","Not Divided","Straight road","Level","Not Applicable","Unsealed","Dry","Not Raining","Night","Hit Fixed Object","09","Other","1: PDO","No Control","","",,,
"2012-4125-27/05/2021","2 Metropolitan","URRBRAE","5064","CC MITCHAM.                   ",2,1,0,0,1,2012,"March","Sunday","11:30 am","060","Cross Road","CURVED, VIEW OPEN","Level","Not Applicable","Sealed","Dry","Not Raining","Daylight","Rear End","02","Driver Rider","2: MI","Traffic Signals","","",1332373.16,1666370.92,"13323731666371"
"2012-4126-27/05/2021","2 Metropolitan","O'HALLORAN HILL","5158","CITY OF ONKAPARINGA",4,0,0,0,0,2012,"February","Tuesday","03:30 pm","080","Divided Road","Straight road","Level","Not Applicable","Sealed","Dry","Not Raining","Daylight","Side Swipe","01","Driver Rider","1: PDO","No Control","","",,,
"2012-4127-27/05/2021","2 Metropolitan","FULHAM","5024","CITY OF WEST TORRENS",2,0,0,0,0,2012,"March","Sunday","09:45 pm","060","Cross Road","Straight road","Level","Not Applicable","Sealed","Dry","Not Raining","Night","Right Turn","02","Driver Rider","1: PDO","Traffic Signals","","",1320980.59,1670855.57,"13209811670856"
"2012-4128-27/05/2021","3 Country","BALAKLAVA","5461","WAKEFIELD REGIONAL COUNCIL",2,0,0,0,0,2012,"March","Monday","10:45 am","050","Not Divided","Straight road","Level","Not Applicable","Sealed","Dry","Not Raining","Daylight","Hit Parked Vehicle","01","Driver Rider","1: PDO","No Control","","",,,
"2012-4129-27/05/2021","2 Metropolitan","PARK HOLME","5043","CC MARION.                    ",2,0,0,0,0,2012,"March","Sunday","03:00 am","060","Cross Road","Straight road","Level","Not Applicable","Sealed","Dry","Not Raining","Night","Hit Fixed Object","01","Driver Rider","1: PDO","Traffic Signals","","",1324303.15,1664014.49,"13243031664014"
"2012-4130-27/05/2021","2 Metropolitan","ROSE PARK","5067","CITY OF BURNSIDE",3,0,0,0,0,2012,"March","Monday","10:15 am","050","T-Junction","Straight road","Level","Not Applicable","Sealed","Dry","Not Raining","Daylight","Hit Parked Vehicle","01","Driver Rider","1: PDO","No Control","","",1331254.8,1670261.83,"13312551670262"
"2012-4131-27/05/2021","2 Metropolitan","SELLICKS BEACH","5174","CITY OF ONKAPARINGA",2,0,0,0,0,2012,"March","Sunday","04:50 am","100","Not Divided","Straight road","Level","Not Applicable","Sealed","Dry","Not Raining","Night","Hit Fixed Object","09","Other","1: PDO","No Control","","",,,
"2012-4132-27/05/2021","2 Metropolitan","PROSPECT","5082","CITY OF PROSPECT",2,0,0,0,0,2012,"March","Monday","09:40 am","060","Cross Road","Straight road","Bottom of Hill","Not Applicable","Sealed","Dry","Not Raining","Daylight","Hit Fixed Object","01","Driver Rider","1: PDO","Traffic Signals","","",1327236.23,1676392.98,"13272361676393"
"2012-4133-27/05/2021","2 Metropolitan","WEST LAKES","5021","CITY OF CHARLES STURT",2,1,0,0,1,2012,"March","Monday","09:13 am","060","Cross Road","Straight road","Level","Not Applicable","Sealed","Dry","Not Raining","Daylight","Right Turn","01","Driver Rider","2: MI","Traffic Signals","","",1319884.21,1676043.55,"13198841676044"
"2012-4134-27/05/2021","2 Metropolitan","ROSTREVOR","5073","CC CAMPBELLTOWN.              ",2,1,0,0,1,2012,"March","Monday","09:50 am","060","Cross Road","Straight road","Level","Not Applicable","Sealed","Dry","Not Raining","Daylight","Right Angle","01","Driver Rider","2: MI","Stop Sign","","",1335434.51,1673666.54,"13354351673667"
"2012-4135-27/05/2021","2 Metropolitan","INGLE FARM","5098","CITY OF SALISBURY",2,0,0,0,0,2012,"March","Monday","05:30 am","060","Cross Road","Straight road","Level","Not Applicable","Sealed","Dry","Not Raining","Night","Right Angle","02","Driver Rider","1: PDO","Stop Sign","","",1331807.38,1681390.84,"13318071681391"
"2012-4136-27/05/2021","2 Metropolitan","NEWTON","5074","CC CAMPBELLTOWN.              ",2,1,0,0,1,2012,"March","Monday","10:45 am","060","Cross Road","Straight road","Level","Not Applicable","Sealed","Dry","Not Raining","Daylight","Right Angle","01","Driver Rider","2: MI","Traffic Signals","","",1335409.35,1674554.22,"13354091674554"
"2012-4137-27/05/2021","2 Metropolitan","HUNTFIELD HEIGHTS","5163","CITY OF ONKAPARINGA",2,0,0,0,0,2012,"March","Monday","08:30 am","050","Not Divided","Straight road","Slope","Not Applicable","Sealed","Dry","Not Raining","Daylight","Hit Parked Vehicle","01","Driver Rider","1: PDO","No Control","","",1319451.06,1646225.32,"13194511646225"
"2012-4138-27/05/2021","2 Metropolitan","NORTH HAVEN","5018","CITY OF PORT ADELAIDE ENFIELD",2,0,0,0,0,2012,"March","Saturday","02:15 pm","050","Not Divided","Straight road","Level","Not Applicable","Sealed","Dry","Not Raining","Daylight","Hit Fixed Object","01","Driver Rider","1: PDO","No Control","","",1319835.5,1686526.16,"13198361686526"
"2012-4139-27/05/2021","3 Country","SUTTONTOWN","5291","CC MT.GAMBIER.                ",2,1,0,0,1,2012,"March","Monday","12:20 pm","060","Not Divided","Straight road","Level","Driveway or Entrance","Sealed","Dry","Not Raining","Daylight","Rear End","02","Driver Rider","2: MI","No Control","","",1507566.57,1342031.45,"15075671342031"
"2012-4140-27/05/2021","2 Metropolitan","YATTALUNGA","5114","CITY OF PLAYFORD.",2,1,0,1,0,2012,"March","Saturday","02:50 pm","100","Not Divided","Straight road","Slope","Not Applicable","Sealed","Dry","Not Raining","Daylight","Head On","02","Driver Rider","3: SI","No Control","","",1345200.7,1698312.92,"13452011698313"
"2012-4141-27/05/2021","2 Metropolitan","OAKLANDS PARK","5046","CC MARION.                    ",2,0,0,0,0,2012,"March","Monday","01:30 pm","060","Not Divided","Straight road","Level","Not Applicable","Sealed","Dry","Not Raining","Daylight","Rear End","01","Driver Rider","1: PDO","No Control","","",,,
"2012-4142-27/05/2021","2 Metropolitan","POORAKA","5095","CITY OF SALISBURY",2,0,0,0,0,2012,"March","Monday","08:30 am","080","T-Junction","Straight road","Level","Not Applicable","Sealed","Dry","Not Raining","Daylight","Right Angle","02","Driver Rider","1: PDO","Stop Sign","","",1331536.65,1683142.51,"13315371683143"
"2012-4143-27/05/2021","2 Metropolitan","GLENELG NORTH","5045","CITY OF HOLDFAST BAY",2,1,0,0,1,2012,"March","Monday","08:45 am","050","Not Divided","Straight road","Level","Not Applicable","Sealed","Dry","Not Raining","Daylight","Right Angle","01","Driver Rider","2: MI","No Control","","",1320932.72,1665796.17,"13209331665796"
"2012-4144-27/05/2021","2 Metropolitan","BLAIR ATHOL","5084","CITY OF PORT ADELAIDE ENFIELD",2,1,0,0,1,2012,"March","Monday","12:15 pm","060","T-Junction","Straight road","Level","Not Applicable","Sealed","Dry","Not Raining","Daylight","Rear End","02","Driver Rider","2: MI","No Control","","",1328835.31,1677646.82,"13288351677647"
"2012-4145-27/05/2021","2 Metropolitan","GLANDORE","5037","CC MARION.                    ",3,0,0,0,0,2012,"March","Monday","08:00 am","060","Not Divided","Straight road","Level","Not Applicable","Sealed","Dry","Not Raining","Daylight","Rear End","01","Driver Rider","1: PDO","No Control","","",,,
"2012-4146-27/05/2021","1 City","ADELAIDE","5000","CITY OF ADELAIDE",2,0,0,0,0,2012,"March","Saturday","01:45 pm","050","Not Divided","Straight road","Level","Not Applicable","Sealed","Dry","Not Raining","Daylight","Hit Parked Vehicle","02","Driver Rider","1: PDO","No Control","","",1328361.25,1670976.77,"13283611670977"
"2012-4147-27/05/2021","2 Metropolitan","REGENCY PARK","5010","CITY OF PORT ADELAIDE ENFIELD",2,0,0,0,0,2012,"March","Monday","11:45 am","070","Divided Road","Straight road","Level","Not Applicable","Sealed","Dry","Not Raining","Daylight","Side Swipe","02","Driver Rider","1: PDO","No Control","","",1325564.36,1678871.11,"13255641678871"
"2012-4148-27/05/2021","2 Metropolitan","FULHAM GARDENS","5024","CITY OF CHARLES STURT",3,0,0,0,0,2012,"March","Friday","04:30 pm","060","Cross Road","Straight road","Level","Not Applicable","Sealed","Dry","Not Raining","Daylight","Rear End","02","Driver Rider","1: PDO","Traffic Signals","","",1320660.26,1672376.02,"13206601672376"
"2012-4149-27/05/2021","2 Metropolitan","GLENELG NORTH","5045","CITY OF WEST TORRENS",2,0,0,0,0,2012,"March","Sunday","05:50 pm","060","T-Junction","Straight road","Level","Not Applicable","Sealed","Dry","Not Raining","Daylight","Rear End","02","Driver Rider","1: PDO","Traffic Signals","","",1320761.6,1666833.07,"13207621666833"
"2012-4150-27/05/2021","2 Metropolitan","HUMBUG SCRUB","5114","THE ADELAIDE HILLS COUNCIL",2,1,0,0,1,2012,"March","Sunday","04:45 pm","100","Not Divided","Straight road","Slope","Not Applicable","Unsealed","Dry","Not Raining","Daylight","Hit Fixed Object","01","Driver Rider","2: MI","No Control","","",,,
"2012-4151-27/05/2021","2 Metropolitan","BELAIR","5052","CC MITCHAM.                   ",3,0,0,0,0,2012,"March","Sunday","03:30 pm","060","Not Divided","Straight road","Slope","Not Applicable","Sealed","Dry","Not Raining","Daylight","Rear End","02","Driver Rider","1: PDO","No Control","","",,,
"2012-4152-27/05/2021","2 Metropolitan","DOVER GARDENS","5048","CC MARION.                    ",2,0,0,0,0,2012,"March","Sunday","12:50 pm","060","Cross Road","Straight road","Level","Not Applicable","Sealed","Dry","Not Raining","Daylight","Rear End","02","Driver Rider","1: PDO","Traffic Signals","","",1322777.1,1660604.93,"13227771660605"
"2012-4153-27/05/2021","2 Metropolitan","ELIZABETH GROVE","5112","CITY OF PLAYFORD.",3,0,0,0,0,2012,"March","Monday","03:20 pm","060","Cross Road","Straight road","Level","Not Applicable","Sealed","Dry","Not Raining","Daylight","Rear End","01","Driver Rider","1: PDO","Traffic Signals","","",1336102.24,1692239.97,"13361021692240"
"2012-4154-27/05/2021","2 Metropolitan","KINGS PARK","5034","CITY OF UNLEY",2,0,0,0,0,2012,"March","Monday","03:45 pm","060","Not Divided","Straight road","Level","Not Applicable","Sealed","Dry","Not Raining","Daylight","Hit Parked Vehicle","02","Driver Rider","1: PDO","No Control","","",1327501.12,1666433.84,"13275011666434"
"2012-4155-27/05/2021","2 Metropolitan","MAWSON LAKES","5095","CITY OF SALISBURY",3,1,0,0,1,2012,"March","Monday","08:00 am","080","Interchange","Straight road","Level","Not Applicable","Sealed","Dry","Not Raining","Daylight","Rear End","02","Driver Rider","2: MI","No Control","","",1328705.87,1683162.05,"13287061683162"
"2012-4156-27/05/2021","2 Metropolitan","WEST CROYDON","5008","CITY OF CHARLES STURT",2,0,0,0,0,2012,"March","Monday","08:35 am","050","Cross Road","Straight road","Level","Not Applicable","Sealed","Dry","Not Raining","Daylight","Right Angle","02","Driver Rider","1: PDO","Give Way Sign","","",1325483.95,1674560.2,"13254841674560"
"2012-4157-27/05/2021","2 Metropolitan","MORPHETT VALE","5162","CITY OF ONKAPARINGA",2,1,0,0,1,2012,"March","Monday","02:55 pm","060","Divided Road","Straight road","Level","Not Applicable","Sealed","Dry","Not Raining","Daylight","Hit Parked Vehicle","02","Driver Rider","2: MI","No Control","","",1320813.56,1648492.39,"13208141648492"
"2012-4158-27/05/2021","2 Metropolitan","BELAIR","5052","CC MITCHAM.                   ",2,1,0,0,1,2012,"March","Saturday","07:15 pm","060","Not Divided","Straight road","Level","Not Applicable","Sealed","Wet","Raining","Daylight","Hit Fixed Object","01","Driver Rider","2: MI","No Control","","",1332029.54,1660609.99,"13320301660610"
"2012-4159-27/05/2021","2 Metropolitan","OLD NOARLUNGA","5168","CITY OF ONKAPARINGA",2,0,0,0,0,2012,"March","Monday","04:00 pm","060","T-Junction","Straight road","Level","Not Applicable","Sealed","Dry","Not Raining","Daylight","Side Swipe","02","Driver Rider","1: PDO","No Control","","",1318015.8,1642677.35,"13180161642677"
"2012-4160-27/05/2021","2 Metropolitan","WOODVILLE NORTH","5012","CITY OF CHARLES STURT",2,0,0,0,0,2012,"March","Monday","04:15 pm","050","Not Divided","Straight road","Level","Not Applicable","Sealed","Dry","Not Raining","Daylight","Right Angle","02","Driver Rider","1: PDO","No Control","","",1323269.91,1677461.11,"13232701677461"
"2012-4161-27/05/2021","3 Country","MOUNT PLEASANT","5235","THE BAROSSA COUNCIL.",2,0,0,0,0,2012,"March","Friday","06:00 pm","060","T-Junction","Straight road","Level","Not Applicable","Sealed","Dry","Not Raining","Daylight","Rear End","02","Driver Rider","1: PDO","No Control","","",1368939.83,1685349.97,"13689401685350"
"2012-4162-27/05/2021","1 City","ADELAIDE","5000","CITY OF ADELAIDE",2,0,0,0,0,2012,"March","Monday","04:30 pm","050","Cross Road","Straight road","Level","Not Applicable","Sealed","Dry","Not Raining","Daylight","Rear End","02","Driver Rider","1: PDO","Traffic Signals","","",1327977.68,1670811.6,"13279781670812"
"2012-4163-27/05/2021","2 Metropolitan","SALISBURY DOWNS","5108","CITY OF SALISBURY",2,1,0,0,1,2012,"March","Monday","03:00 pm","060","Not Divided","Straight road","Level","Not Applicable","Sealed","Dry","Not Raining","Daylight","Rear End","02","Driver Rider","2: MI","No Control","","",,,
"2012-4164-27/05/2021","2 Metropolitan","ELIZABETH PARK","5113","CITY OF PLAYFORD.",3,0,0,0,0,2012,"March","Monday","04:00 pm","080","Divided Road","Straight road","Level","Not Applicable","Sealed","Dry","Not Raining","Daylight","Rear End","01","Driver Rider","1: PDO","No Control","","",1335919.31,1693407.56,"13359191693408"
"2012-4165-27/05/2021","3 Country","MOUNT GAMBIER","5290","CC MT.GAMBIER.                ",2,1,0,0,1,2012,"March","Monday","04:53 pm","060","T-Junction","Straight road","Level","Not Applicable","Sealed","Dry","Not Raining","Daylight","Side Swipe","02","Driver Rider","2: MI","No Control","","",1509039.26,1341358.61,"15090391341359"
"2012-4166-27/05/2021","2 Metropolitan","MAGILL","5072","CC CAMPBELLTOWN.              ",3,1,0,0,1,2012,"March","Friday","05:10 pm","050","Cross Road","Straight road","Level","Not Applicable","Sealed","Dry","Not Raining","Daylight","Right Angle","02","Driver Rider","2: MI","Give Way Sign","","",1335250.84,1672925.13,"13352511672925"
"2012-4167-27/05/2021","2 Metropolitan","BROOKLYN PARK","5032","CITY OF WEST TORRENS",2,1,0,1,0,2012,"March","Saturday","09:25 pm","060","T-Junction","Straight road","Level","Not Applicable","Sealed","Dry","Not Raining","Night","Hit Fixed Object","09","Other","3: SI","Traffic Signals","","",1324123.03,1670938.82,"13241231670939"
"2012-4168-27/05/2021","2 Metropolitan","WINGFIELD","5013","CITY OF PORT ADELAIDE ENFIELD",2,1,0,0,1,2012,"March","Monday","02:20 pm","040","Cross Road","Straight road","Level","Roadworks","Sealed","Dry","Not Raining","Daylight","Right Turn","01","Driver Rider","2: MI","No Control","","",1325504.27,1680412.17,"13255041680412"
"2012-4169-27/05/2021","2 Metropolitan","GLENELG EAST","5045","CITY OF HOLDFAST BAY",3,1,0,0,1,2012,"March","Monday","04:30 pm","060","Cross Road","Straight road","Level","Not Applicable","Sealed","Dry","Not Raining","Daylight","Rear End","02","Driver Rider","2: MI","Traffic Signals","","",1322636.62,1665410.15,"13226371665410"
"2012-4170-27/05/2021","2 Metropolitan","SOUTH PLYMPTON","5038","CC MARION.                    ",2,0,0,0,0,2012,"February","Sunday","04:50 pm","060","Cross Road","Straight road","Level","Not Applicable","Sealed","Dry","Not Raining","Daylight","Rear End","02","Driver Rider","1: PDO","Traffic Signals","","",1324247.86,1666104.37,"13242481666104"
"2012-4171-27/05/2021","2 Metropolitan","WALKERVILLE","5081","WALKERVILLE TOWN COUNCIL",2,0,0,0,0,2012,"March","Monday","05:30 pm","060","Not Divided","Straight road","Level","Not Applicable","Sealed","Dry","Not Raining","Daylight","Rear End","02","Driver Rider","1: PDO","No Control","","",,,
"2012-4172-27/05/2021","2 Metropolitan","GLENGOWRIE","5044","CC MARION.                    ",2,1,0,0,1,2012,"March","Monday","04:20 pm","050","Cross Road","Straight road","Level","Not Applicable","Sealed","Dry","Not Raining","Daylight","Rear End","02","Driver Rider","2: MI","No Control","","",1322220.88,1663451.89,"13222211663452"
"2012-4173-27/05/2021","2 Metropolitan","WOODVILLE","5011","CITY OF CHARLES STURT",2,1,0,0,1,2012,"March","Monday","04:50 pm","060","Divided Road","Straight road","Level","Not Applicable","Sealed","Dry","Not Raining","Daylight","Rear End","02","Driver Rider","2: MI","No Control","","",,,
"2012-4174-27/05/2021","2 Metropolitan","WINGFIELD","5013","CITY OF PORT ADELAIDE ENFIELD",2,1,0,0,1,2012,"March","Monday","04:40 pm","060","Cross Road","Straight road","Level","Not Applicable","Sealed","Dry","Not Raining","Daylight","Rear End","02","Driver Rider","2: MI","Traffic Signals","","",1323883.62,1680181.15,"13238841680181"
"2012-4175-27/05/2021","2 Metropolitan","HENLEY BEACH","5022","CITY OF CHARLES STURT",2,0,0,0,0,2012,"February","Wednesday","06:25 pm","060","Cross Road","Straight road","Level","Not Applicable","Sealed","Dry","Not Raining","Daylight","Right Angle","02","Driver Rider","1: PDO","Give Way Sign","","",1319815.31,1673045.48,"13198151673045"
"2012-4176-27/05/2021","2 Metropolitan","GLENELG EAST","5038","CITY OF WEST TORRENS",3,2,0,0,2,2012,"March","Monday","05:15 pm","060","Divided Road","Straight road","Level","Not Applicable","Sealed","Dry","Not Raining","Daylight","Rear End","02","Driver Rider","2: MI","No Control","","",1322666.7,1665405.93,"13226671665406"
"2012-4177-27/05/2021","2 Metropolitan","ELIZABETH EAST","5112","CITY OF PLAYFORD.",2,1,0,0,1,2012,"March","Monday","06:00 pm","060","T-Junction","Straight road","Level","Not Applicable","Sealed","Dry","Not Raining","Daylight","Right Angle","02","Driver Rider","2: MI","No Control","","",1336255.44,1692267.1,"13362551692267"
"2012-4178-27/05/2021","2 Metropolitan","COROMANDEL VALLEY","5051","CITY OF ONKAPARINGA",2,0,0,0,0,2012,"March","Monday","05:35 pm","060","T-Junction","Straight road","Slope","Not Applicable","Sealed","Dry","Not Raining","Daylight","Right Turn","02","Driver Rider","1: PDO","Stop Sign","","",1329735.39,1655825.3,"13297351655825"
"2012-4179-27/05/2021","2 Metropolitan","HEATHFIELD","5153","THE ADELAIDE HILLS COUNCIL",2,1,0,0,1,2012,"March","Monday","06:25 pm","060","Not Divided","CURVED, VIEW OBSCURED","Slope","Not Applicable","Sealed","Dry","Not Raining","Daylight","Head On","01","Driver Rider","2: MI","No Control","","",1338545.55,1658823.35,"13385461658823"
"2012-4180-27/05/2021","2 Metropolitan","NOARLUNGA CENTRE","5168","CITY OF ONKAPARINGA",3,0,0,0,0,2012,"March","Friday","11:30 am","070","T-Junction","Straight road","Level","Not Applicable","Sealed","Dry","Not Raining","Daylight","Rear End","01","Driver Rider","1: PDO","Traffic Signals","","",1318788.81,1647471.6,"13187891647472"
"2012-4181-27/05/2021","2 Metropolitan","WOODVILLE NORTH","5012","CITY OF CHARLES STURT",2,1,0,0,1,2012,"March","Monday","08:05 pm","060","Cross Road","Straight road","Level","Not Applicable","Sealed","Dry","Not Raining","Night","Right Angle","01","Driver Rider","2: MI","Give Way Sign","","",1323954.2,1677264.61,"13239541677265"
"2012-4182-27/05/2021","3 Country","NORTHERN HEIGHTS","5253","RC MURRAY BRIDGE.             ",2,0,0,0,0,2012,"March","Monday","11:15 pm","050","Not Divided","CURVED, VIEW OPEN","Crest of Hill","Not Applicable","Sealed","Dry","Not Raining","Night","Hit Fixed Object","01","Driver Rider","1: PDO","No Control","","",,,
"2012-4183-27/05/2021","2 Metropolitan","EDEN HILLS","5050","CC MITCHAM.                   ",2,0,0,0,0,2012,"March","Monday","04:40 pm","060","Not Divided","Straight road","Level","Not Applicable","Sealed","Dry","Not Raining","Daylight","Rear End","02","Driver Rider","1: PDO","No Control","","",1328723.5,1659769.02,"13287241659769"
"2012-4184-27/05/2021","1 City","ADELAIDE","5000","CITY OF ADELAIDE",2,0,0,0,0,2012,"March","Tuesday","08:15 am","050","Not Divided","Straight road","Level","Not Applicable","Sealed","Dry","Not Raining","Daylight","Right Angle","02","Driver Rider","1: PDO","No Control","","",1328562.38,1669726.32,"13285621669726"
"2012-4185-27/05/2021","2 Metropolitan","NORTH HAVEN","5018","CITY OF PORT ADELAIDE ENFIELD",2,0,0,0,0,2012,"March","Monday","12:10 pm","050","T-Junction","Straight road","Level","Not Applicable","Sealed","Dry","Not Raining","Daylight","Right Angle","02","Driver Rider","1: PDO","No Control","","",1319872.54,1685801.98,"13198731685802"
"2012-4186-27/05/2021","2 Metropolitan","PANORAMA","5041","CC MITCHAM.                   ",3,0,0,0,0,2012,"March","Tuesday","07:30 am","060","T-Junction","Straight road","Slope","Not Applicable","Sealed","Dry","Not Raining","Daylight","Rear End","01","Driver Rider","1: PDO","No Control","","",1327597.84,1662876.05,"13275981662876"
"2012-4187-27/05/2021","2 Metropolitan","MANNINGHAM","5086","CITY OF PORT ADELAIDE ENFIELD",2,0,0,0,0,2012,"March","Tuesday","08:30 am","060","Divided Road","Straight road","Level","Not Applicable","Sealed","Dry","Not Raining","Daylight","Side Swipe","02","Driver Rider","1: PDO","No Control","","",1330619.01,1676566.44,"13306191676566"
"2012-4188-27/05/2021","2 Metropolitan","MILE END","5031","CITY OF WEST TORRENS",2,1,0,0,1,2012,"March","Tuesday","08:40 am","050","Cross Road","Straight road","Level","Not Applicable","Sealed","Dry","Not Raining","Daylight","Right Angle","02","Driver Rider","2: MI","Give Way Sign","","",1326585.02,1670867.31,"13265851670867"
"2012-4189-27/05/2021","2 Metropolitan","MODBURY","5092","CITY OF TEA TREE GULLY",2,0,0,0,0,2012,"March","Monday","07:00 pm","060","Cross Road","CURVED, VIEW OPEN","Level","Not Applicable","Sealed","Dry","Not Raining","Daylight","Rear End","02","Driver Rider","1: PDO","Traffic Signals","","",1336176.33,1680596.93,"13361761680597"
"2012-4190-27/05/2021","2 Metropolitan","WILLASTON","5118","CT GAWLER.                    ",2,0,0,0,0,2012,"March","Tuesday","08:45 am","050","Not Divided","Straight road","Level","Not Applicable","Sealed","Dry","Not Raining","Daylight","Rear End","02","Driver Rider","1: PDO","No Control","","",1342882.9,1707456.58,"13428831707457"
"2012-4191-27/05/2021","3 Country","RISDON PARK","5540","PT.PIRIE CITY & DIST. COUNCIL ",2,0,0,0,0,2012,"March","Tuesday","08:40 am","050","Cross Road","Straight road","Level","Not Applicable","Sealed","Dry","Not Raining","Daylight","Right Angle","01","Driver Rider","1: PDO","Stop Sign","","",1279436.87,1863497.24,"12794371863497"
"2012-4192-27/05/2021","2 Metropolitan","WALKLEY HEIGHTS","5098","CITY OF PORT ADELAIDE ENFIELD",2,0,0,0,0,2012,"March","Monday","02:15 pm","060","Cross Road","Straight road","Slope","Not Applicable","Sealed","Dry","Not Raining","Daylight","Rear End","01","Driver Rider","1: PDO","Traffic Signals","","",1333300.77,1679336.63,"13333011679337"