"REPORT_ID","Stats Area","Suburb","Postcode","LGA Name","Total Units","Total Cas","Total Fats","Total SI","Total MI","Year","Month","Day","Time","Area Speed","Position Type","Horizontal Align","Vertical Align","Other Feat","Road Surface","Moisture Cond","Weather Cond","DayNight","Crash Type","Unit Resp","Entity Code","CSEF Severity","Traffic Ctrls","DUI Involved","Drugs Involved","ACCLOC_X","ACCLOC_Y","UNIQUE_LOC"
"2012-6097-27/05/2021","2 Metropolitan","KENT TOWN","5067","CC OF NORWOOD,PAYNEHAM & ST PETERS",2,1,0,0,1,2012,"April","Wednesday","04:40 pm","060","T-Junction","Straight road","Level","Not Applicable","Sealed","Dry","Not Raining","Daylight","Right Turn","02","Driver Rider","2: MI","No Control","","",1330616.72,1671435.25,"13306171671435"
"2012-6098-27/05/2021","2 Metropolitan","KLEMZIG","5087","CITY OF PORT ADELAIDE ENFIELD",2,0,0,0,0,2012,"April","Wednesday","05:30 pm","050","Not Divided","Straight road","Level","Not Applicable","Sealed","Dry","Not Raining","Daylight","Hit Parked Vehicle","02","Driver Rider","1: PDO","No Control","","",1332116.35,1675687.54,"13321161675688"
"2012-6099-27/05/2021","2 Metropolitan","UNLEY","5061","CITY OF UNLEY",4,0,0,0,0,2012,"April","Wednesday","03:11 pm","060","Divided Road","Straight road","Level","Not Applicable","Sealed","Dry","Not Raining","Daylight","Rear End","01","Driver Rider","1: PDO","No Control","","",1328592.7,1668950.37,"13285931668950"
"2012-6100-27/05/2021","2 Metropolitan","PROSPECT","5082","CITY OF PROSPECT",2,0,0,0,0,2012,"April","Wednesday","05:15 pm","060","T-Junction","Straight road","Level","Not Applicable","Sealed","Dry","Not Raining","Daylight","Rear End","02","Driver Rider","1: PDO","Traffic Signals","","",1328873.8,1676077.29,"13288741676077"
"2012-6101-27/05/2021","2 Metropolitan","EDWARDSTOWN","5039","CC MARION.                    ",2,0,0,0,0,2012,"April","Wednesday","05:34 pm","060","T-Junction","Straight road","Level","Not Applicable","Sealed","Dry","Not Raining","Daylight","Right Turn","02","Driver Rider","1: PDO","Traffic Signals","","",1325930.82,1664392.35,"13259311664392"
"2012-6102-27/05/2021","2 Metropolitan","MARLESTON","5033","CITY OF WEST TORRENS",2,1,0,0,1,2012,"April","Tuesday","05:10 pm","060","Not Divided","Straight road","Level","Not Applicable","Sealed","Dry","Not Raining","Daylight","Rear End","02","Driver Rider","2: MI","No Control","","",,,
"2012-6103-27/05/2021","2 Metropolitan","GEPPS CROSS","5094","CITY OF PORT ADELAIDE ENFIELD",2,1,0,0,1,2012,"April","Wednesday","05:40 pm","060","Divided Road","Straight road","Crest of Hill","Not Applicable","Sealed","Dry","Not Raining","Daylight","Hit Pedestrian","02","Pedestrian","2: MI","No Control","","",1330163.25,1679315.44,"13301631679315"
"2012-6104-27/05/2021","2 Metropolitan","NORTH HAVEN","5018","CITY OF PORT ADELAIDE ENFIELD",2,0,0,0,0,2012,"April","Wednesday","08:30 pm","050","Not Divided","Straight road","Level","Not Applicable","Sealed","Dry","Not Raining","Night","Right Angle","02","Driver Rider","1: PDO","No Control","","",1319171.01,1685331.22,"13191711685331"
"2012-6105-27/05/2021","2 Metropolitan","BIBARINGA","5118","CITY OF PLAYFORD.",2,0,0,0,0,2012,"April","Wednesday","07:05 pm","100","Not Divided","Straight road","Crest of Hill","Not Applicable","Sealed","Dry","Not Raining","Night","Head On","02","Driver Rider","1: PDO","No Control","","",1345415.66,1700374.3,"13454161700374"
"2012-6106-27/05/2021","2 Metropolitan","GEPPS CROSS","5094","CITY OF PORT ADELAIDE ENFIELD",2,0,0,0,0,2012,"April","Wednesday","06:00 pm","060","Not Divided","Straight road","Level","Not Applicable","Sealed","Dry","Not Raining","Daylight","Side Swipe","02","Driver Rider","1: PDO","No Control","","",,,
"2012-6107-27/05/2021","3 Country","BARMERA","5345","THE BERRI BARMERA COUNCIL",2,0,0,0,0,2012,"April","Thursday","01:10 am","050","Not Divided","Straight road","Level","Not Applicable","Sealed","Dry","Not Raining","Night","Hit Fixed Object","01","Driver Rider","1: PDO","No Control","Y","",,,
"2012-6108-27/05/2021","2 Metropolitan","PARACOMBE","5132","THE ADELAIDE HILLS COUNCIL",2,0,0,0,0,2012,"April","Thursday","12:30 am","060","Not Divided","Straight road","Slope","Not Applicable","Unsealed","Dry","Not Raining","Night","Hit Fixed Object","01","Driver Rider","1: PDO","No Control","","",,,
"2012-6109-27/05/2021","2 Metropolitan","VIRGINIA","5120","CITY OF PLAYFORD.",2,0,0,0,0,2012,"April","Wednesday","10:00 pm","080","Not Divided","Straight road","Level","Not Applicable","Sealed","Dry","Not Raining","Night","Hit Animal","02","Animal","1: PDO","No Control","","",,,
"2012-6110-27/05/2021","3 Country","APY","872",,1,0,0,0,0,2012,"April","Wednesday","03:00 pm","100","Not Divided","Straight road","Level","Not Applicable","Unsealed","Wet","Raining","Daylight","Roll Over","01","Driver Rider","1: PDO","No Control","","",422472.04,2632258.06,"04224722632258"
"2012-6111-27/05/2021","2 Metropolitan","NORWOOD","5067","CC OF NORWOOD,PAYNEHAM & ST PETERS",2,0,0,0,0,2012,"April","Wednesday","11:30 am","050","Not Divided","Straight road","Level","Not Applicable","Sealed","Dry","Not Raining","Daylight","Rear End","01","Driver Rider","1: PDO","No Control","","",,,
"2012-6112-27/05/2021","2 Metropolitan","EDWARDSTOWN","5039","CC MARION.                    ",2,0,0,0,0,2012,"April","Wednesday","02:40 pm","050","Not Divided","Straight road","Level","Driveway or Entrance","Sealed","Dry","Not Raining","Daylight","Right Angle","02","Driver Rider","1: PDO","No Control","","",1325204.42,1666033.17,"13252041666033"
"2012-6113-27/05/2021","2 Metropolitan","POORAKA","5095","CITY OF SALISBURY",2,0,0,0,0,2012,"April","Tuesday","02:30 pm","080","Divided Road","Straight road","Level","Not Applicable","Sealed","Dry","Not Raining","Daylight","Side Swipe","01","Driver Rider","1: PDO","No Control","","",1331556.42,1683167.4,"13315561683167"
"2012-6114-27/05/2021","2 Metropolitan","ROYSTON PARK","5070","CC OF NORWOOD,PAYNEHAM & ST PETERS",2,0,0,0,0,2012,"April","Thursday","08:45 am","050","Not Divided","Straight road","Level","Driveway or Entrance","Sealed","Dry","Not Raining","Daylight","Hit Parked Vehicle","02","Driver Rider","1: PDO","No Control","","",1331463.55,1673806.16,"13314641673806"
"2012-6115-27/05/2021","2 Metropolitan","ROYSTON PARK","5070","CC OF NORWOOD,PAYNEHAM & ST PETERS",2,1,0,0,1,2012,"April","Thursday","07:20 am","060","Not Divided","Straight road","Level","Not Applicable","Sealed","Dry","Not Raining","Daylight","Rear End","01","Driver Rider","2: MI","No Control","","",1331693.12,1673172.43,"13316931673172"
"2012-6116-27/05/2021","2 Metropolitan","FORESTVILLE","5035","CITY OF UNLEY",2,0,0,0,0,2012,"April","Thursday","10:00 am","050","Not Divided","Straight road","Level","Not Applicable","Sealed","Dry","Not Raining","Daylight","Side Swipe","01","Driver Rider","1: PDO","No Control","","",,,
"2012-6117-27/05/2021","2 Metropolitan","MODBURY HEIGHTS","5092","CITY OF TEA TREE GULLY",2,0,0,0,0,2012,"April","Thursday","09:03 am","060","T-Junction","CURVED, VIEW OPEN","Level","Not Applicable","Sealed","Dry","Not Raining","Daylight","Right Angle","01","Driver Rider","1: PDO","Roundabout","","",1336902.77,1682369.02,"13369031682369"
"2012-6118-27/05/2021","2 Metropolitan","PORT ADELAIDE","5015","CITY OF PORT ADELAIDE ENFIELD",2,0,0,0,0,2012,"April","Thursday","10:15 am","060","Divided Road","Straight road","Level","Not Applicable","Sealed","Dry","Not Raining","Daylight","Side Swipe","02","Driver Rider","1: PDO","No Control","","",1320981.5,1680290.93,"13209821680291"
"2012-6119-27/05/2021","2 Metropolitan","WINDSOR GARDENS","5087","CITY OF PORT ADELAIDE ENFIELD",2,1,0,0,1,2012,"April","Thursday","08:15 am","060","T-Junction","Straight road","Level","Not Applicable","Sealed","Dry","Not Raining","Daylight","Rear End","01","Driver Rider","2: MI","Traffic Signals","","",1334277.9,1677653.6,"13342781677654"
"2012-6120-27/05/2021","2 Metropolitan","HECTORVILLE","5073","CC CAMPBELLTOWN.              ",5,1,0,0,1,2012,"April","Thursday","08:40 am","060","T-Junction","Straight road","Level","Not Applicable","Sealed","Dry","Not Raining","Daylight","Rear End","02","Driver Rider","2: MI","Traffic Signals","","",1334554.18,1674532.6,"13345541674533"
"2012-6121-27/05/2021","2 Metropolitan","MORPHETT VALE","5162","CITY OF ONKAPARINGA",2,0,0,0,0,2012,"April","Wednesday","04:40 pm","060","Not Divided","CURVED, VIEW OPEN","Level","Not Applicable","Sealed","Dry","Not Raining","Daylight","Side Swipe","01","Driver Rider","1: PDO","No Control","","",,,
"2012-6122-27/05/2021","1 City","ADELAIDE","5000","CITY OF ADELAIDE",2,0,0,0,0,2012,"April","Thursday","09:30 am","050","Cross Road","Straight road","Level","Not Applicable","Sealed","Dry","Not Raining","Daylight","Side Swipe","01","Driver Rider","1: PDO","Traffic Signals","","",1327951.24,1669556.92,"13279511669557"
"2012-6123-27/05/2021","3 Country","KADINA","5554","COPPER COAST DISTRICT COUNCIL",2,0,0,0,0,2012,"April","Thursday","09:30 am","050","Cross Road","Straight road","Level","Not Applicable","Sealed","Dry","Not Raining","Daylight","Right Turn","02","Driver Rider","1: PDO","Give Way Sign","","",1250111.77,1779653.55,"12501121779654"
"2012-6124-27/05/2021","2 Metropolitan","TRINITY GARDENS","5068","CC OF NORWOOD,PAYNEHAM & ST PETERS",2,0,0,0,0,2012,"April","Thursday","09:30 am","060","T-Junction","Straight road","Level","Not Applicable","Sealed","Dry","Not Raining","Daylight","Side Swipe","02","Driver Rider","1: PDO","No Control","","",1332455.15,1671767.74,"13324551671768"
"2012-6125-27/05/2021","3 Country","CAMBRAI","5353","MID MURRAY DISTRICT COUNCIL",2,0,0,0,0,2012,"April","Thursday","08:27 am","050","Not Divided","Straight road","Level","Not Applicable","Sealed","Dry","Not Raining","Daylight","Side Swipe","02","Driver Rider","1: PDO","No Control","","",1391878.63,1698303.86,"13918791698304"
"2012-6126-27/05/2021","2 Metropolitan","SEAFORD","5169","CITY OF ONKAPARINGA",2,0,0,0,0,2012,"April","Thursday","09:45 am","050","T-Junction","Straight road","Level","Not Applicable","Sealed","Dry","Not Raining","Daylight","Right Angle","02","Driver Rider","1: PDO","No Control","","",1316730.19,1641625.01,"13167301641625"
"2012-6127-27/05/2021","2 Metropolitan","NOARLUNGA CENTRE","5168","CITY OF ONKAPARINGA",2,0,0,0,0,2012,"April","Thursday","08:45 am","070","Not Divided","Straight road","Level","Driveway or Entrance","Sealed","Dry","Not Raining","Daylight","Right Turn","02","Driver Rider","1: PDO","No Control","","",1318792.28,1647395.52,"13187921647396"
"2012-6128-27/05/2021","2 Metropolitan","KENSINGTON PARK","5068","CITY OF BURNSIDE",2,0,0,0,0,2012,"April","Thursday","11:30 am","060","T-Junction","Straight road","Level","Driveway or Entrance","Sealed","Dry","Not Raining","Daylight","Right Angle","01","Driver Rider","1: PDO","No Control","","",1333553.63,1671796.7,"13335541671797"
"2012-6129-27/05/2021","2 Metropolitan","MORPHETT VALE","5162","CITY OF ONKAPARINGA",2,0,0,0,0,2012,"April","Thursday","09:29 am","060","Cross Road","Straight road","Level","Not Applicable","Sealed","Dry","Not Raining","Daylight","Rear End","02","Driver Rider","1: PDO","Traffic Signals","","",1321231.61,1651032.91,"13212321651033"
"2012-6130-27/05/2021","2 Metropolitan","LONSDALE","5160","CITY OF ONKAPARINGA",3,0,0,0,0,2012,"April","Thursday","06:10 am","100","Divided Road","CURVED, VIEW OPEN","Bottom of Hill","Not Applicable","Sealed","Dry","Not Raining","Night","Other","02","Driver Rider","1: PDO","No Control","","",1318416.07,1652373.9,"13184161652374"
"2012-6131-27/05/2021","2 Metropolitan","EDWARDSTOWN","5039","CC MARION.                    ",4,3,0,0,3,2012,"April","Thursday","09:25 am","060","T-Junction","Straight road","Level","Not Applicable","Sealed","Dry","Not Raining","Daylight","Rear End","01","Driver Rider","2: MI","No Control","","",1325942.24,1663895.97,"13259421663896"
"2012-6132-27/05/2021","3 Country","MOUNT GAMBIER","5290","CC MT.GAMBIER.                ",2,0,0,0,0,2012,"April","Wednesday","09:30 pm","060","Cross Road","Straight road","Slope","Not Applicable","Sealed","Dry","Not Raining","Night","Rear End","02","Driver Rider","1: PDO","Roundabout","","",1510348.34,1340746.47,"15103481340746"
"2012-6133-27/05/2021","2 Metropolitan","INGLE FARM","5098","CITY OF SALISBURY",2,0,0,0,0,2012,"April","Thursday","10:23 am","070","Divided Road","Straight road","Level","Unknown","Sealed","Dry","Not Raining","Daylight","Side Swipe","02","Driver Rider","1: PDO","No Control","","",,,
"2012-6134-27/05/2021","2 Metropolitan","MAWSON LAKES","5095","CITY OF SALISBURY",2,2,0,0,2,2012,"April","Thursday","08:20 am","070","T-Junction","Straight road","Slope","Not Applicable","Sealed","Dry","Not Raining","Daylight","Rear End","02","Driver Rider","2: MI","No Control","","",1329835.02,1684326.36,"13298351684326"
"2012-6135-27/05/2021","2 Metropolitan","MAWSON LAKES","5095","CITY OF SALISBURY",2,1,0,0,1,2012,"April","Thursday","11:45 am","070","Cross Road","Straight road","Level","Not Applicable","Sealed","Dry","Not Raining","Daylight","Rear End","01","Driver Rider","2: MI","Traffic Signals","","",1329566.06,1684422.81,"13295661684423"
"2012-6136-27/05/2021","2 Metropolitan","MORPHETT VALE","5162","CITY OF ONKAPARINGA",2,0,0,0,0,2012,"April","Thursday","11:55 am","060","Divided Road","Straight road","Slope","Not Applicable","Sealed","Dry","Not Raining","Daylight","Rear End","02","Driver Rider","1: PDO","No Control","","",1320777.26,1649755.83,"13207771649756"
"2012-6137-27/05/2021","2 Metropolitan","WAYVILLE","5034","CITY OF UNLEY",2,0,0,0,0,2012,"April","Thursday","11:12 am","060","Cross Road","Straight road","Level","Not Applicable","Sealed","Dry","Not Raining","Daylight","Rear End","01","Driver Rider","1: PDO","Traffic Signals","","",1326893.44,1668904.96,"13268931668905"
"2012-6138-27/05/2021","3 Country","HAHNDORF","5245","DC MT.BARKER.                 ",2,0,0,0,0,2012,"April","Thursday","11:00 am","050","Not Divided","Straight road","Level","Not Applicable","Sealed","Dry","Not Raining","Daylight","Hit Parked Vehicle","01","Driver Rider","1: PDO","No Control","","",,,
"2012-6139-27/05/2021","2 Metropolitan","EVANSTON PARK","5116","CT GAWLER.                    ",3,2,0,0,2,2012,"April","Thursday","12:20 pm","050","Not Divided","Straight road","Level","Not Applicable","Sealed","Dry","Not Raining","Daylight","Hit Fixed Object","01","Driver Rider","2: MI","No Control","","",1342518.29,1703288.53,"13425181703289"
"2012-6140-27/05/2021","3 Country","YORKETOWN","5576","YORKE PENINSULA COUNCIL",2,2,0,1,1,2012,"April","Thursday","09:50 am","050","Multiple","Straight road","Level","Not Applicable","Sealed","Dry","Not Raining","Daylight","Right Angle","01","Driver Rider","3: SI","Give Way Sign","","",1237508.94,1662941.75,"12375091662942"
"2012-6141-27/05/2021","1 City","ADELAIDE","5000","CITY OF ADELAIDE",2,0,0,0,0,2012,"April","Thursday","12:30 pm","050","Cross Road","Straight road","Level","Not Applicable","Sealed","Dry","Not Raining","Daylight","Right Turn","02","Driver Rider","1: PDO","Traffic Signals","","",1328509.64,1669574.68,"13285101669575"
"2012-6142-27/05/2021","2 Metropolitan","BEDFORD PARK","5042","CC MITCHAM.                   ",2,0,0,0,0,2012,"April","Thursday","01:45 pm","050","T-Junction","CURVED, VIEW OPEN","Slope","Not Applicable","Sealed","Dry","Not Raining","Daylight","Right Angle","01","Driver Rider","1: PDO","Stop Sign","","",1325410.02,1659940.72,"13254101659941"
"2012-6143-27/05/2021","2 Metropolitan","WINGFIELD","5013","CITY OF PORT ADELAIDE ENFIELD",3,1,0,0,1,2012,"April","Thursday","01:30 pm","060","T-Junction","Straight road","Level","Median Opening (not at I/S)","Sealed","Dry","Not Raining","Daylight","Right Angle","02","Driver Rider","2: MI","No Control","","",1323879.09,1680620.58,"13238791680621"
"2012-6144-27/05/2021","2 Metropolitan","NORTHFIELD","5085","CITY OF PORT ADELAIDE ENFIELD",2,1,0,1,0,2012,"April","Thursday","07:35 am","060","T-Junction","Straight road","Level","Not Applicable","Sealed","Dry","Not Raining","Daylight","Right Turn","01","Driver Rider","3: SI","No Control","","Y",1330655.84,1679290.52,"13306561679291"
"2012-6145-27/05/2021","2 Metropolitan","DAVOREN PARK","5113","CITY OF PLAYFORD.",2,1,0,0,1,2012,"April","Thursday","02:10 pm","060","T-Junction","Straight road","Level","Not Applicable","Sealed","Dry","Not Raining","Daylight","Head On","02","Driver Rider","2: MI","No Control","","",1335682.01,1695766.51,"13356821695767"
"2012-6146-27/05/2021","2 Metropolitan","HOVE","5048","CITY OF HOLDFAST BAY",3,0,0,0,0,2012,"April","Thursday","12:30 pm","060","Not Divided","Straight road","Level","Not Applicable","Sealed","Dry","Not Raining","Daylight","Side Swipe","02","Driver Rider","1: PDO","No Control","","",,,
"2012-6147-27/05/2021","2 Metropolitan","SALISBURY","5108","CITY OF SALISBURY",3,1,0,0,1,2012,"April","Thursday","01:30 pm","060","T-Junction","Straight road","Level","Not Applicable","Sealed","Dry","Not Raining","Daylight","Rear End","01","Driver Rider","2: MI","No Control","","",,,
"2012-6148-27/05/2021","3 Country","NINNES","5560","BARUNGA WEST DISTRICT COUNCIL",2,0,0,0,0,2012,"April","Thursday","10:50 am","100","Not Divided","CURVED, VIEW OPEN","Bottom of Hill","Not Applicable","Sealed","Dry","Not Raining","Daylight","Hit Fixed Object","01","Driver Rider","1: PDO","No Control","","",1279799.73,1775644.93,"12798001775645"
"2012-6149-27/05/2021","2 Metropolitan","HOLDEN HILL","5088","CITY OF PORT ADELAIDE ENFIELD",2,0,0,0,0,2012,"April","Thursday","02:00 pm","060","Cross Road","Straight road","Level","Not Applicable","Sealed","Dry","Not Raining","Daylight","Rear End","01","Driver Rider","1: PDO","Traffic Signals","","",1333819.81,1678101.49,"13338201678101"
"2012-6150-27/05/2021","3 Country","PORT PIRIE SOUTH","5540","PT.PIRIE CITY & DIST. COUNCIL ",2,0,0,0,0,2012,"April","Thursday","02:20 pm","050","Cross Road","Straight road","Level","Not Applicable","Sealed","Dry","Not Raining","Daylight","Right Angle","02","Driver Rider","1: PDO","Stop Sign","","",1280024.85,1863481.62,"12800251863482"
"2012-6151-27/05/2021","3 Country","MENINGIE","5264","COORONG DISTRICT COUNCIL",2,0,0,0,0,2012,"April","Thursday","10:30 am","050","Not Divided","Straight road","Level","Not Applicable","Sealed","Dry","Not Raining","Daylight","Side Swipe","02","Driver Rider","1: PDO","No Control","","",,,
"2012-6152-27/05/2021","2 Metropolitan","THEBARTON","5031","CITY OF WEST TORRENS",3,0,0,0,0,2012,"April","Thursday","02:20 pm","060","Divided Road","Straight road","Level","Not Applicable","Sealed","Dry","Not Raining","Daylight","Rear End","01","Driver Rider","1: PDO","No Control","","",1325675.88,1671403.06,"13256761671403"
"2012-6153-27/05/2021","2 Metropolitan","KINGSWOOD","5062","CC MITCHAM.                   ",2,1,0,0,1,2012,"April","Thursday","02:30 pm","060","T-Junction","Straight road","Level","Not Applicable","Sealed","Dry","Not Raining","Daylight","Rear End","02","Driver Rider","2: MI","No Control","","",1329144.82,1665955.44,"13291451665955"
"2012-6154-27/05/2021","2 Metropolitan","GLYNDE","5070","CC OF NORWOOD,PAYNEHAM & ST PETERS",2,0,0,0,0,2012,"April","Wednesday","05:25 pm","060","Pedestrian Crossing","Straight road","Level","Not Applicable","Sealed","Dry","Not Raining","Daylight","Rear End","01","Driver Rider","1: PDO","Traffic Signals","","",1333589.75,1674438.65,"13335901674439"
"2012-6155-27/05/2021","3 Country","PORT AUGUSTA","5700","CC PT.AUGUSTA.                ",2,0,0,0,0,2012,"April","Thursday","03:40 pm","060","Cross Road","CURVED, VIEW OPEN","Level","Not Applicable","Sealed","Dry","Not Raining","Daylight","Rear End","02","Driver Rider","1: PDO","Traffic Signals","","",1259502.9,1942326.31,"12595031942326"
"2012-6156-27/05/2021","2 Metropolitan","GEPPS CROSS","5094","CITY OF PORT ADELAIDE ENFIELD",3,0,0,0,0,2012,"April","Thursday","11:55 am","070","T-Junction","Straight road","Level","Not Applicable","Sealed","Dry","Not Raining","Daylight","Right Angle","01","Driver Rider","1: PDO","No Control","","",1327996.71,1680007.12,"13279971680007"
"2012-6157-27/05/2021","2 Metropolitan","TORRENSVILLE","5031","CITY OF WEST TORRENS",2,0,0,0,0,2012,"April","Thursday","03:15 am","060","T-Junction","Straight road","Level","Not Applicable","Sealed","Dry","Not Raining","Night","Right Angle","02","Driver Rider","1: PDO","No Control","","",1325078.42,1670972.54,"13250781670973"
"2012-6158-27/05/2021","3 Country","PORT AUGUSTA","5700","CC PT.AUGUSTA.                ",2,0,0,0,0,2012,"April","Thursday","03:15 pm","050","Not Divided","Straight road","Level","Driveway or Entrance","Sealed","Dry","Not Raining","Daylight","Right Angle","02","Driver Rider","1: PDO","No Control","","",1258992.28,1942540.44,"12589921942540"
"2012-6159-27/05/2021","2 Metropolitan","KENT TOWN","5067","CC OF NORWOOD,PAYNEHAM & ST PETERS",2,1,0,0,1,2012,"April","Wednesday","05:15 pm","060","T-Junction","Straight road","Level","Not Applicable","Sealed","Dry","Not Raining","Daylight","Rear End","02","Driver Rider","2: MI","No Control","","",1330616.72,1671435.25,"13306171671435"
"2012-6160-27/05/2021","2 Metropolitan","HACKHAM WEST","5163","CITY OF ONKAPARINGA",3,0,0,0,0,2012,"April","Thursday","03:10 pm","060","Not Divided","Straight road","Level","Not Applicable","Sealed","Dry","Not Raining","Daylight","Rear End","01","Driver Rider","1: PDO","No Control","","",1319648.01,1647495.06,"13196481647495"
"2012-6161-27/05/2021","3 Country","PIRIE EAST","5540","PT.PIRIE CITY & DIST. COUNCIL ",2,0,0,0,0,2012,"April","Monday","07:45 pm","110","Not Divided","Straight road","Unknown","Not Applicable","Sealed","Dry","Not Raining","Night","Hit Fixed Object","01","Driver Rider","1: PDO","No Control","","",,,
"2012-6162-27/05/2021","2 Metropolitan","BEULAH PARK","5067","CITY OF BURNSIDE",2,0,0,0,0,2012,"April","Wednesday","07:30 pm","050","Not Divided","Straight road","Level","Not Applicable","Sealed","Dry","Not Raining","Night","Hit Parked Vehicle","01","Driver Rider","1: PDO","No Control","","",1332601.26,1671568.24,"13326011671568"
"2012-6163-27/05/2021","2 Metropolitan","MODBURY","5092","CITY OF TEA TREE GULLY",3,1,0,0,1,2012,"April","Thursday","07:55 am","060","Cross Road","Straight road","Level","Not Applicable","Sealed","Dry","Not Raining","Daylight","Rear End","01","Driver Rider","2: MI","Traffic Signals","","",1336395.9,1680602.76,"13363961680603"
"2012-6164-27/05/2021","2 Metropolitan","CROYDON PARK","5008","CITY OF PORT ADELAIDE ENFIELD",2,1,0,0,1,2012,"April","Thursday","02:30 pm","060","Multiple","Straight road","Level","Not Applicable","Sealed","Dry","Not Raining","Daylight","Rear End","02","Driver Rider","2: MI","Traffic Signals","","",1325626.25,1675122.26,"13256261675122"
"2012-6165-27/05/2021","2 Metropolitan","NAILSWORTH","5083","CITY OF PROSPECT",2,1,0,0,1,2012,"April","Thursday","08:50 am","060","T-Junction","Straight road","Level","Not Applicable","Sealed","Dry","Not Raining","Daylight","Rear End","02","Driver Rider","2: MI","No Control","","",1328895.28,1675626.01,"13288951675626"
"2012-6166-27/05/2021","1 City","ADELAIDE","5000","CITY OF ADELAIDE",2,1,0,0,1,2012,"April","Thursday","03:25 pm","050","Cross Road","Straight road","Level","Not Applicable","Sealed","Dry","Not Raining","Daylight","Right Turn","01","Driver Rider","2: MI","Traffic Signals","","",1329024.85,1670686.76,"13290251670687"
"2012-6167-27/05/2021","2 Metropolitan","ENFIELD","5085","CITY OF PORT ADELAIDE ENFIELD",2,0,0,0,0,2012,"April","Thursday","03:45 pm","060","Divided Road","Straight road","Crest of Hill","Not Applicable","Sealed","Dry","Not Raining","Daylight","Rear End","02","Driver Rider","1: PDO","No Control","","",,,
"2012-6168-27/05/2021","2 Metropolitan","SEACLIFF PARK","5049","CITY OF HOLDFAST BAY",2,0,0,0,0,2012,"April","Thursday","04:20 pm","060","T-Junction","Straight road","Level","Not Applicable","Sealed","Dry","Not Raining","Daylight","Rear End","01","Driver Rider","1: PDO","No Control","","",1321201.58,1658737.64,"13212021658738"
"2012-6169-27/05/2021","3 Country","TUMBY BAY","5605","DC TUMBY BAY.                 ",2,0,0,0,0,2012,"April","Thursday","09:15 am","110","Not Divided","CURVED, VIEW OPEN","Level","Not Applicable","Sealed","Dry","Not Raining","Daylight","Hit Fixed Object","01","Driver Rider","1: PDO","No Control","","",,,
"2012-6170-27/05/2021","2 Metropolitan","WARRADALE","5046","CC MARION.                    ",2,0,0,0,0,2012,"April","Thursday","05:46 pm","060","Cross Road","Straight road","Level","Not Applicable","Sealed","Dry","Not Raining","Daylight","Rear End","01","Driver Rider","1: PDO","Traffic Signals","","",1322704.43,1663065.16,"13227041663065"
"2012-6171-27/05/2021","2 Metropolitan","WINGFIELD","5013","CITY OF PORT ADELAIDE ENFIELD",2,4,0,0,4,2012,"April","Thursday","03:00 pm","070","Divided Road","Straight road","Level","Not Applicable","Sealed","Dry","Not Raining","Daylight","Rear End","02","Driver Rider","2: MI","No Control","","",1325541.31,1679601.74,"13255411679602"
"2012-6172-27/05/2021","2 Metropolitan","CAVAN","5094","CITY OF SALISBURY",2,0,0,0,0,2012,"April","Thursday","04:55 pm","080","Divided Road","Straight road","Level","Not Applicable","Sealed","Dry","Not Raining","Daylight","Rear End","02","Driver Rider","1: PDO","No Control","","",,,
"2012-6173-27/05/2021","2 Metropolitan","KURRALTA PARK","5037","CITY OF WEST TORRENS",2,0,0,0,0,2012,"April","Thursday","05:30 pm","060","Divided Road","Straight road","Level","Driveway or Entrance","Sealed","Dry","Not Raining","Daylight","Side Swipe","02","Driver Rider","1: PDO","No Control","","",1325812.02,1668383.99,"13258121668384"
"2012-6174-27/05/2021","2 Metropolitan","POORAKA","5095","CITY OF SALISBURY",2,2,0,0,2,2012,"April","Thursday","04:15 pm","080","T-Junction","CURVED, VIEW OPEN","Level","Not Applicable","Sealed","Dry","Not Raining","Daylight","Rear End","01","Driver Rider","2: MI","Stop Sign","","",1331536.65,1683142.51,"13315371683143"
"2012-6175-27/05/2021","2 Metropolitan","PARADISE","5075","CC CAMPBELLTOWN.              ",2,0,0,0,0,2012,"April","Thursday","05:45 pm","060","Cross Road","Straight road","Level","Not Applicable","Sealed","Dry","Not Raining","Daylight","Rear End","01","Driver Rider","1: PDO","Traffic Signals","","",1334981.89,1676230.58,"13349821676231"
"2012-6176-27/05/2021","2 Metropolitan","ELIZABETH GROVE","5112","CITY OF PLAYFORD.",2,0,0,0,0,2012,"April","Thursday","08:50 am","080","Cross Road","Straight road","Level","Not Applicable","Sealed","Dry","Not Raining","Daylight","Side Swipe","01","Driver Rider","1: PDO","Traffic Signals","","",1336102.24,1692239.97,"13361021692240"
"2012-6177-27/05/2021","2 Metropolitan","KINGSWOOD","5062","CC MITCHAM.                   ",2,0,0,0,0,2012,"April","Thursday","08:30 am","025","Pedestrian Crossing","Straight road","Level","Not Applicable","Sealed","Dry","Not Raining","Daylight","Rear End","02","Driver Rider","1: PDO","No Control","","",1329554.43,1665655.17,"13295541665655"
"2012-6178-27/05/2021","2 Metropolitan","CHELTENHAM","5014","CITY OF CHARLES STURT",2,1,0,0,1,2012,"April","Thursday","05:10 pm","060","T-Junction","Straight road","Level","Not Applicable","Sealed","Dry","Not Raining","Daylight","Right Angle","01","Driver Rider","2: MI","Give Way Sign","","",1321688.64,1676795.16,"13216891676795"
"2012-6179-27/05/2021","2 Metropolitan","HALLETT COVE","5158","CC MARION.                    ",2,0,0,0,0,2012,"April","Thursday","08:00 pm","050","T-Junction","Straight road","Slope","Not Applicable","Sealed","Dry","Not Raining","Night","Hit Fixed Object","01","Driver Rider","1: PDO","No Control","","",1319240.97,1653624.79,"13192411653625"