"REPORT_ID","Stats Area","Suburb","Postcode","LGA Name","Total Units","Total Cas","Total Fats","Total SI","Total MI","Year","Month","Day","Time","Area Speed","Position Type","Horizontal Align","Vertical Align","Other Feat","Road Surface","Moisture Cond","Weather Cond","DayNight","Crash Type","Unit Resp","Entity Code","CSEF Severity","Traffic Ctrls","DUI Involved","Drugs Involved","ACCLOC_X","ACCLOC_Y","UNIQUE_LOC"
"2012-7343-27/05/2021","1 City","NORTH ADELAIDE","5006","CITY OF ADELAIDE",2,0,0,0,0,2012,"April","Thursday","08:45 am","050","Cross Road","Straight road","Level","Not Applicable","Sealed","Wet","Not Raining","Daylight","Rear End","02","Driver Rider","1: PDO","Traffic Signals","","",1328199.35,1672877.08,"13281991672877"
"2012-7344-27/05/2021","3 Country","GREENOCK","5360","LIGHT REGIONAL COUNCIL",2,0,0,0,0,2012,"April","Thursday","10:35 pm","100","Not Divided","Straight road","Level","Not Applicable","Sealed","Dry","Not Raining","Night","Hit Animal","02","Animal","1: PDO","No Control","","",1359591.48,1727080.61,"13595911727081"
"2012-7345-27/05/2021","2 Metropolitan","DAVOREN PARK","5113","CITY OF PLAYFORD.",3,1,0,0,1,2012,"April","Thursday","11:10 pm","060","Cross Road","CURVED, VIEW OPEN","Level","Bridge, Culvert, Causeway","Sealed","Dry","Not Raining","Night","Hit Fixed Object","01","Driver Rider","2: MI","Roundabout","","",1336088.3,1697533.61,"13360881697534"
"2012-7346-27/05/2021","3 Country","SUTTONTOWN","5291","CC MT.GAMBIER.                ",2,0,0,0,0,2012,"April","Friday","01:45 am","060","T-Junction","Straight road","Level","Not Applicable","Sealed","Dry","Not Raining","Night","Hit Fixed Object","01","Driver Rider","1: PDO","Stop Sign","","",1509772.53,1343588.12,"15097731343588"
"2012-7347-27/05/2021","2 Metropolitan","SMITHFIELD PLAINS","5114","CITY OF PLAYFORD.",2,0,0,0,0,2012,"April","Friday","01:20 am","060","T-Junction","Straight road","Level","Not Applicable","Sealed","Dry","Not Raining","Night","Hit Fixed Object","01","Driver Rider","1: PDO","No Control","","",1336793.74,1697562.79,"13367941697563"
"2012-7348-27/05/2021","2 Metropolitan","PENFIELD","5121","CITY OF PLAYFORD.",2,0,0,0,0,2012,"April","Friday","06:35 am","080","Cross Road","Straight road","Level","Not Applicable","Sealed","Dry","Not Raining","Night","Right Angle","02","Driver Rider","1: PDO","Give Way Sign","","",1333441.32,1696359.08,"13334411696359"
"2012-7349-27/05/2021","2 Metropolitan","EDINBURGH","5111","CITY OF SALISBURY",4,1,0,0,1,2012,"April","Friday","06:25 am","060","Not Divided","CURVED, VIEW OPEN","Level","Not Applicable","Sealed","Dry","Not Raining","Night","Rear End","02","Driver Rider","2: MI","No Control","","",1333089.47,1690098.33,"13330891690098"
"2012-7350-27/05/2021","2 Metropolitan","KLEMZIG","5087","CITY OF PORT ADELAIDE ENFIELD",2,0,0,0,0,2012,"April","Friday","07:00 am","060","Not Divided","Straight road","Level","Not Applicable","Sealed","Dry","Not Raining","Daylight","Hit Parked Vehicle","01","Driver Rider","1: PDO","No Control","","",1331957.3,1675523.49,"13319571675523"
"2012-7351-27/05/2021","2 Metropolitan","PASADENA","5042","CC MITCHAM.                   ",3,2,0,0,2,2012,"April","Thursday","11:50 am","060","Divided Road","Straight road","Level","Not Applicable","Sealed","Dry","Not Raining","Daylight","Rear End","01","Driver Rider","2: MI","No Control","","",1327598.28,1663176.54,"13275981663177"
"2012-7352-27/05/2021","2 Metropolitan","MOUNT BARKER","5251","DC MT.BARKER.                 ",2,0,0,0,0,2012,"April","Friday","09:00 am","060","T-Junction","Straight road","Level","Not Applicable","Sealed","Wet","Not Raining","Daylight","Side Swipe","01","Driver Rider","1: PDO","No Control","","",1351195.8,1653322.57,"13511961653323"
"2012-7353-27/05/2021","2 Metropolitan","ROYAL PARK","5014","CITY OF CHARLES STURT",2,0,0,0,0,2012,"April","Thursday","03:45 pm","060","Cross Road","Straight road","Level","Not Applicable","Sealed","Dry","Not Raining","Daylight","Rear End","02","Driver Rider","1: PDO","Traffic Signals","","",1320686.56,1677665.91,"13206871677666"
"2012-7354-27/05/2021","1 City","NORTH ADELAIDE","5006","CITY OF ADELAIDE",2,0,0,0,0,2012,"April","Friday","09:00 am","060","Cross Road","Straight road","Crest of Hill","Not Applicable","Sealed","Dry","Not Raining","Daylight","Rear End","02","Driver Rider","1: PDO","Traffic Signals","","",1327944.4,1672141.81,"13279441672142"
"2012-7355-27/05/2021","2 Metropolitan","GAWLER EAST","5118","CT GAWLER.                    ",2,1,0,0,1,2012,"April","Thursday","02:30 pm","050","T-Junction","Straight road","Level","Not Applicable","Sealed","Dry","Not Raining","Daylight","Rear End","01","Driver Rider","2: MI","No Control","","",1343800.93,1706154.99,"13438011706155"
"2012-7356-27/05/2021","2 Metropolitan","NORTH PLYMPTON","5037","CITY OF WEST TORRENS",2,1,0,0,1,2012,"April","Friday","08:20 am","060","Not Divided","Straight road","Level","Not Applicable","Sealed","Dry","Not Raining","Daylight","Rear End","01","Driver Rider","2: MI","No Control","","",1324212.08,1667551,"13242121667551"
"2012-7357-27/05/2021","2 Metropolitan","ALDINGA","5173","CITY OF ONKAPARINGA",2,0,0,0,0,2012,"April","Friday","09:20 am","050","Not Divided","Straight road","Level","Driveway or Entrance","Sealed","Dry","Not Raining","Daylight","Right Angle","01","Driver Rider","1: PDO","No Control","","",1316620.17,1633068.86,"13166201633069"
"2012-7358-27/05/2021","2 Metropolitan","WOODVILLE NORTH","5012","CITY OF CHARLES STURT",2,0,0,0,0,2012,"April","Friday","08:50 am","060","Divided Road","Straight road","Level","Not Applicable","Sealed","Dry","Not Raining","Daylight","Side Swipe","02","Driver Rider","1: PDO","No Control","","",,,
"2012-7359-27/05/2021","2 Metropolitan","DULWICH","5065","CITY OF BURNSIDE",2,0,0,0,0,2012,"April","Thursday","05:50 pm","060","T-Junction","Straight road","Level","Not Applicable","Sealed","Dry","Not Raining","Night","Rear End","02","Driver Rider","1: PDO","No Control","","",1331360.79,1669028.13,"13313611669028"
"2012-7360-27/05/2021","2 Metropolitan","KINGSWOOD","5062","CC MITCHAM.                   ",2,0,0,0,0,2012,"April","Thursday","05:10 pm","060","Not Divided","Straight road","Level","Not Applicable","Sealed","Dry","Not Raining","Daylight","Rear End","02","Driver Rider","1: PDO","No Control","","",,,
"2012-7361-27/05/2021","1 City","NORTH ADELAIDE","5006","CITY OF ADELAIDE",2,0,0,0,0,2012,"April","Friday","08:15 am","050","Cross Road","Straight road","Level","Not Applicable","Sealed","Dry","Not Raining","Daylight","Right Angle","01","Driver Rider","1: PDO","Traffic Signals","","",1328227.4,1672725.75,"13282271672726"
"2012-7362-27/05/2021","2 Metropolitan","THEBARTON","5031","CITY OF WEST TORRENS",3,1,0,0,1,2012,"April","Tuesday","10:35 am","060","T-Junction","Straight road","Level","Not Applicable","Sealed","Dry","Not Raining","Daylight","Rear End","01","Driver Rider","2: MI","Traffic Signals","","",1326555.4,1671678.49,"13265551671678"
"2012-7363-27/05/2021","1 City","ADELAIDE","5000","CITY OF ADELAIDE",2,0,0,0,0,2012,"April","Friday","10:00 am","050","Not Divided","Straight road","Level","Not Applicable","Sealed","Dry","Not Raining","Daylight","Rear End","01","Driver Rider","1: PDO","No Control","","",,,
"2012-7364-27/05/2021","2 Metropolitan","SEACLIFF PARK","5049","CC MARION.                    ",2,0,0,0,0,2012,"April","Friday","08:00 am","060","T-Junction","CURVED, VIEW OPEN","Slope","Not Applicable","Sealed","Dry","Not Raining","Daylight","Right Angle","01","Driver Rider","1: PDO","No Control","","",1321260.1,1658416.12,"13212601658416"
"2012-7365-27/05/2021","2 Metropolitan","GEPPS CROSS","5094","CITY OF PORT ADELAIDE ENFIELD",3,0,0,0,0,2012,"April","Friday","10:35 am","060","Multiple","Straight road","Level","Not Applicable","Sealed","Dry","Not Raining","Daylight","Rear End","01","Driver Rider","1: PDO","Traffic Signals","","",1328802.51,1679265.44,"13288031679265"
"2012-7366-27/05/2021","2 Metropolitan","PENFIELD","5121","CITY OF PLAYFORD.",2,0,0,0,0,2012,"April","Friday","10:30 am","080","Cross Road","Straight road","Level","Not Applicable","Sealed","Dry","Not Raining","Daylight","Side Swipe","01","Driver Rider","1: PDO","Roundabout","","",1333888.71,1694789.04,"13338891694789"
"2012-7367-27/05/2021","2 Metropolitan","TATACHILLA","5171","CITY OF ONKAPARINGA",2,0,0,0,0,2012,"April","Friday","06:25 am","100","Not Divided","Straight road","Level","Not Applicable","Sealed","Dry","Not Raining","Night","Hit Animal","02","Animal","1: PDO","No Control","","",,,
"2012-7368-27/05/2021","2 Metropolitan","MITCHAM","5062","CC MITCHAM.                   ",2,0,0,0,0,2012,"April","Friday","08:20 am","060","Divided Road","Straight road","Level","Not Applicable","Sealed","Dry","Not Raining","Daylight","Rear End","02","Driver Rider","1: PDO","No Control","","",1330340.82,1664572.72,"13303411664573"
"2012-7369-27/05/2021","2 Metropolitan","BROMPTON","5007","CITY OF CHARLES STURT",2,0,0,0,0,2012,"April","Friday","07:30 am","050","Not Divided","Straight road","Level","Not Applicable","Sealed","Dry","Not Raining","Daylight","Hit Parked Vehicle","01","Driver Rider","1: PDO","No Control","","",,,
"2012-7370-27/05/2021","2 Metropolitan","HOLDEN HILL","5088","CITY OF TEA TREE GULLY",2,0,0,0,0,2012,"April","Friday","10:51 am","060","T-Junction","Straight road","Level","Not Applicable","Sealed","Dry","Not Raining","Daylight","Right Angle","01","Driver Rider","1: PDO","No Control","","",1335524.78,1679408.93,"13355251679409"
"2012-7371-27/05/2021","3 Country","NARACOORTE","5271","DC NARACOORTE & LUCINDALE.",2,0,0,0,0,2012,"April","Friday","05:10 am","100","T-Junction","Straight road","Level","Not Applicable","Sealed","Dry","Not Raining","Night","Hit Fixed Object","01","Driver Rider","1: PDO","No Control","","",1515219.46,1435850.85,"15152191435851"
"2012-7372-27/05/2021","2 Metropolitan","GLYNDE","5070","CC OF NORWOOD,PAYNEHAM & ST PETERS",2,1,0,0,1,2012,"April","Thursday","08:45 am","060","Divided Road","Straight road","Level","Not Applicable","Sealed","Wet","Raining","Daylight","Rear End","01","Driver Rider","2: MI","No Control","","",,,
"2012-7373-27/05/2021","2 Metropolitan","MITCHELL PARK","5043","CC MARION.                    ",2,1,0,0,1,2012,"April","Friday","08:05 am","060","Pedestrian Crossing","Straight road","Level","Not Applicable","Sealed","Dry","Not Raining","Daylight","Rear End","02","Driver Rider","2: MI","Traffic Signals","","",1324365.46,1662016.53,"13243651662017"
"2012-7374-27/05/2021","3 Country","WHYALLA","5600","CC WHYALLA.                   ",2,0,0,0,0,2012,"April","Tuesday","07:30 pm","050","Not Divided","Straight road","Slope","Driveway or Entrance","Sealed","Dry","Not Raining","Night","Hit Parked Vehicle","01","Driver Rider","1: PDO","No Control","","",,,
"2012-7375-27/05/2021","2 Metropolitan","WOODVILLE PARK","5011","CITY OF CHARLES STURT",2,0,0,0,0,2012,"April","Tuesday","04:10 pm","060","Not Divided","Straight road","Level","Not Applicable","Sealed","Dry","Not Raining","Daylight","Rear End","01","Driver Rider","1: PDO","No Control","","",1323967.7,1675155.2,"13239681675155"
"2012-7376-27/05/2021","2 Metropolitan","MILE END","5031","CITY OF WEST TORRENS",2,0,0,0,0,2012,"April","Friday","01:00 pm","050","Not Divided","Straight road","Level","Not Applicable","Sealed","Dry","Not Raining","Daylight","Side Swipe","02","Driver Rider","1: PDO","No Control","","",1324934.62,1670935.58,"13249351670936"
"2012-7377-27/05/2021","2 Metropolitan","ETHELTON","5015","CITY OF PORT ADELAIDE ENFIELD",3,0,0,0,0,2012,"April","Tuesday","08:05 am","060","T-Junction","Straight road","Level","Not Applicable","Sealed","Wet","Raining","Daylight","Right Turn","01","Driver Rider","1: PDO","No Control","","",1319175.63,1679356.25,"13191761679356"
"2012-7378-27/05/2021","2 Metropolitan","MORPHETT VALE","5162","CITY OF ONKAPARINGA",2,0,0,0,0,2012,"April","Friday","09:00 am","060","Divided Road","Straight road","Level","Driveway or Entrance","Sealed","Dry","Not Raining","Daylight","Rear End","02","Driver Rider","1: PDO","No Control","","",1320789.58,1648887.74,"13207901648888"
"2012-7379-27/05/2021","1 City","ADELAIDE","5000","CITY OF ADELAIDE",2,0,0,0,0,2012,"April","Friday","01:50 pm","050","Not Divided","Straight road","Level","Not Applicable","Sealed","Dry","Not Raining","Daylight","Side Swipe","02","Driver Rider","1: PDO","No Control","","",,,
"2012-7380-27/05/2021","2 Metropolitan","GAWLER SOUTH","5118","CT GAWLER.                    ",2,0,0,0,0,2012,"April","Friday","01:20 pm","050","T-Junction","Straight road","Level","Not Applicable","Sealed","Dry","Not Raining","Daylight","Rear End","02","Driver Rider","1: PDO","No Control","","",1342773.85,1705213.8,"13427741705214"
"2012-7381-27/05/2021","2 Metropolitan","FORESTVILLE","5035","CITY OF UNLEY",1,0,0,0,0,2012,"April","Thursday","08:40 am","060","T-Junction","CURVED, VIEW OPEN","Level","Not Applicable","Sealed","Dry","Not Raining","Daylight","Other","01","Driver Rider","1: PDO","Traffic Signals","","",1326305.83,1668158.5,"13263061668159"
"2012-7382-27/05/2021","3 Country","BERRI","5343","THE BERRI BARMERA COUNCIL",2,0,0,0,0,2012,"April","Friday","02:00 pm","060","Cross Road","Straight road","Slope","Not Applicable","Sealed","Dry","Not Raining","Daylight","Right Angle","01","Driver Rider","1: PDO","Give Way Sign","","",1514541.76,1734105.73,"15145421734106"
"2012-7383-27/05/2021","2 Metropolitan","ROSTREVOR","5073","CC CAMPBELLTOWN.              ",2,1,0,0,1,2012,"April","Friday","11:30 am","060","T-Junction","Straight road","Level","Not Applicable","Sealed","Dry","Not Raining","Daylight","Side Swipe","01","Driver Rider","2: MI","No Control","","",1335431.99,1673762.38,"13354321673762"
"2012-7384-27/05/2021","2 Metropolitan","MALVERN","5061","CITY OF UNLEY",2,0,0,0,0,2012,"April","Friday","03:00 pm","060","T-Junction","Straight road","Level","Not Applicable","Sealed","Dry","Not Raining","Daylight","Right Angle","01","Driver Rider","1: PDO","No Control","","",,,
"2012-7385-27/05/2021","2 Metropolitan","PORT ADELAIDE","5013","CITY OF PORT ADELAIDE ENFIELD",2,1,0,0,1,2012,"April","Friday","08:40 am","060","Interchange","CURVED, VIEW OPEN","Level","Not Applicable","Sealed","Dry","Not Raining","Daylight","Rear End","02","Driver Rider","2: MI","Traffic Signals","","",1321761.69,1680560.86,"13217621680561"
"2012-7386-27/05/2021","2 Metropolitan","CHRISTIES BEACH","5165","CITY OF ONKAPARINGA",2,0,0,0,0,2012,"April","Friday","01:55 pm","060","Divided Road","Straight road","Level","Not Applicable","Sealed","Dry","Not Raining","Daylight","Side Swipe","02","Driver Rider","1: PDO","No Control","","",1316894.27,1647412.15,"13168941647412"
"2012-7387-27/05/2021","2 Metropolitan","GAWLER","5118","CT GAWLER.                    ",2,0,0,0,0,2012,"April","Thursday","04:00 pm","050","T-Junction","CURVED, VIEW OPEN","Slope","Not Applicable","Sealed","Dry","Not Raining","Daylight","Hit Fixed Object","01","Driver Rider","1: PDO","Traffic Signals","","",1343360.57,1706588.67,"13433611706589"
"2012-7388-27/05/2021","3 Country","MOUNT GAMBIER","5290","CC MT.GAMBIER.                ",2,0,0,0,0,2012,"April","Friday","03:30 pm","060","Cross Road","Straight road","Level","Not Applicable","Sealed","Dry","Not Raining","Daylight","Rear End","02","Driver Rider","1: PDO","Roundabout","","",1508528.18,1340933.53,"15085281340934"
"2012-7389-27/05/2021","2 Metropolitan","FULHAM GARDENS","5024","CITY OF CHARLES STURT",2,0,0,0,0,2012,"March","Tuesday","03:40 pm","050","Not Divided","Straight road","Level","Not Applicable","Sealed","Dry","Not Raining","Daylight","Rear End","02","Driver Rider","1: PDO","No Control","","",1320600.26,1672374.65,"13206001672375"
"2012-7390-27/05/2021","2 Metropolitan","GLENSIDE","5065","CITY OF BURNSIDE",2,0,0,0,0,2012,"April","Friday","03:45 pm","060","T-Junction","Straight road","Slope","Not Applicable","Sealed","Dry","Not Raining","Daylight","Side Swipe","01","Driver Rider","1: PDO","Stop Sign","","",1331671.43,1669029.28,"13316711669029"
"2012-7391-27/05/2021","2 Metropolitan","MALVERN","5061","CITY OF UNLEY",2,0,0,0,0,2012,"April","Friday","03:30 pm","050","T-Junction","Straight road","Level","Not Applicable","Sealed","Dry","Not Raining","Daylight","Right Angle","02","Driver Rider","1: PDO","No Control","","",1329857.18,1667127.13,"13298571667127"
"2012-7392-27/05/2021","2 Metropolitan","HYDE PARK","5061","CITY OF UNLEY",2,1,0,0,1,2012,"April","Thursday","01:30 pm","050","Not Divided","Straight road","Level","Not Applicable","Sealed","Dry","Not Raining","Daylight","Rear End","02","Driver Rider","2: MI","No Control","","",1328396.25,1667444.92,"13283961667445"
"2012-7393-27/05/2021","2 Metropolitan","MOUNT BARKER","5251","DC MT.BARKER.                 ",2,0,0,0,0,2012,"April","Monday","04:30 pm","060","T-Junction","Straight road","Level","Not Applicable","Sealed","Dry","Not Raining","Daylight","Rear End","02","Driver Rider","1: PDO","Roundabout","","",1351386.17,1653995.66,"13513861653996"
"2012-7394-27/05/2021","2 Metropolitan","HAWTHORN","5061","CITY OF UNLEY",2,0,0,0,0,2012,"April","Friday","04:45 pm","060","T-Junction","Straight road","Level","Not Applicable","Sealed","Dry","Not Raining","Daylight","Rear End","02","Driver Rider","1: PDO","Traffic Signals","","",1328249.57,1666224.47,"13282501666224"
"2012-7395-27/05/2021","2 Metropolitan","GEPPS CROSS","5094","CITY OF PORT ADELAIDE ENFIELD",2,0,0,0,0,2012,"April","Friday","10:00 am","060","Divided Road","Straight road","Level","Not Applicable","Sealed","Dry","Not Raining","Daylight","Hit Parked Vehicle","01","Driver Rider","1: PDO","No Control","","",,,
"2012-7396-27/05/2021","3 Country","MAMBRAY CREEK","5495","DC MT.REMARKABLE.             ",4,3,1,1,1,2012,"April","Friday","11:20 am","110","Not Divided","Straight road","Level","Driveway or Entrance","Sealed","Dry","Not Raining","Daylight","Side Swipe","01","Driver Rider","4: Fatal","No Control","","",1278445.83,1902578.12,"12784461902578"
"2012-7397-27/05/2021","2 Metropolitan","BOLIVAR","5110","CITY OF SALISBURY",2,0,0,0,0,2012,"April","Friday","01:30 pm","090","T-Junction","CURVED, VIEW OPEN","Level","Not Applicable","Unsealed","Dry","Not Raining","Daylight","Rear End","01","Driver Rider","1: PDO","Traffic Signals","","",1328471.89,1688636.97,"13284721688637"
"2012-7398-27/05/2021","2 Metropolitan","SALISBURY DOWNS","5108","CITY OF SALISBURY",2,0,0,0,0,2012,"April","Friday","03:37 pm","060","T-Junction","Straight road","Level","Not Applicable","Sealed","Dry","Not Raining","Daylight","Right Turn","02","Driver Rider","1: PDO","No Control","","",1332105.28,1687658.25,"13321051687658"
"2012-7399-27/05/2021","2 Metropolitan","NORWOOD","5067","CC OF NORWOOD,PAYNEHAM & ST PETERS",2,0,0,0,0,2012,"April","Friday","05:30 pm","060","Divided Road","Straight road","Level","Not Applicable","Sealed","Dry","Not Raining","Daylight","Hit Fixed Object","01","Driver Rider","1: PDO","No Control","","",,,
"2012-7400-27/05/2021","1 City","NORTH ADELAIDE","5006","CITY OF ADELAIDE",2,0,0,0,0,2012,"April","Friday","04:30 pm","050","Not Divided","Straight road","Level","Not Applicable","Sealed","Dry","Not Raining","Daylight","Right Turn","02","Driver Rider","1: PDO","No Control","","",1329486.17,1672877.82,"13294861672878"
"2012-7401-27/05/2021","2 Metropolitan","PARA HILLS WEST","5096","CITY OF SALISBURY",2,0,0,0,0,2012,"April","Tuesday","07:50 am","050","Not Divided","Straight road","Level","Driveway or Entrance","Sealed","Dry","Not Raining","Daylight","Right Angle","02","Driver Rider","1: PDO","No Control","","",,,
"2012-7402-27/05/2021","2 Metropolitan","TORRENSVILLE","5031","CITY OF WEST TORRENS",2,1,0,1,0,2012,"April","Thursday","05:25 pm","060","Divided Road","Straight road","Level","Not Applicable","Sealed","Dry","Not Raining","Daylight","Hit Fixed Object","09","Other","3: SI","No Control","","",1325738,1671061.64,"13257381671062"
"2012-7403-27/05/2021","2 Metropolitan","SOUTH PLYMPTON","5038","CC MARION.                    ",3,1,0,1,0,2012,"April","Friday","04:10 pm","050","Cross Road","Straight road","Level","Not Applicable","Sealed","Dry","Not Raining","Daylight","Right Angle","01","Driver Rider","3: SI","Give Way Sign","","",1324708.29,1664736.7,"13247081664737"
"2012-7404-27/05/2021","3 Country","PORT AUGUSTA","5700","CC PT.AUGUSTA.                ",1,1,0,0,1,2012,"April","Friday","05:00 pm","100","Not Divided","Straight road","Slope","Not Applicable","Sealed","Dry","Not Raining","Daylight","Roll Over","09","Other","2: MI","No Control","","",,,
"2012-7405-27/05/2021","3 Country","BRINKWORTH","5464","WAKEFIELD REGIONAL COUNCIL",2,0,0,0,0,2012,"April","Tuesday","04:30 pm","110","T-Junction","CURVED, VIEW OBSCURED","Slope","Not Applicable","Sealed","Dry","Not Raining","Daylight","Hit Fixed Object","01","Driver Rider","1: PDO","Give Way Sign","","",1319932.15,1807731.62,"13199321807732"
"2012-7406-27/05/2021","2 Metropolitan","SHEIDOW PARK","5158","CC MARION.                    ",2,1,0,1,0,2012,"April","Friday","04:30 pm","060","T-Junction","Straight road","Level","Not Applicable","Sealed","Dry","Not Raining","Daylight","Right Angle","01","Driver Rider","3: SI","No Control","","",1321459.62,1654654.49,"13214601654654"
"2012-7407-27/05/2021","2 Metropolitan","ADELAIDE","5069","CC OF NORWOOD,PAYNEHAM & ST PETERS",2,1,0,0,1,2012,"April","Friday","03:40 pm","060","T-Junction","Straight road","Level","Not Applicable","Sealed","Dry","Not Raining","Daylight","Right Angle","02","Driver Rider","2: MI","Give Way Sign","","",1329770.14,1672159.14,"13297701672159"
"2012-7408-27/05/2021","2 Metropolitan","CHELTENHAM","5014","CITY OF CHARLES STURT",2,0,0,0,0,2012,"April","Friday","05:10 pm","050","Not Divided","Straight road","Level","Not Applicable","Sealed","Dry","Not Raining","Daylight","Hit Parked Vehicle","02","Driver Rider","1: PDO","No Control","","",1321767.49,1676886.7,"13217671676887"
"2012-7409-27/05/2021","2 Metropolitan","PORT ADELAIDE","5015","CITY OF PORT ADELAIDE ENFIELD",2,0,0,0,0,2012,"April","Thursday","05:35 pm","060","T-Junction","CURVED, VIEW OPEN","Level","Not Applicable","Sealed","Dry","Not Raining","Daylight","Rear End","01","Driver Rider","1: PDO","No Control","","",1320738.43,1680345.53,"13207381680346"
"2012-7410-27/05/2021","2 Metropolitan","SEACLIFF PARK","5049","CITY OF HOLDFAST BAY",2,1,0,0,1,2012,"April","Friday","07:00 pm","060","T-Junction","Straight road","Level","Not Applicable","Sealed","Dry","Not Raining","Night","Rear End","02","Driver Rider","2: MI","Traffic Signals","","",1321185.13,1659325.67,"13211851659326"
"2012-7411-27/05/2021","1 City","ADELAIDE","5000","CITY OF ADELAIDE",2,0,0,0,0,2012,"April","Friday","06:50 pm","050","Cross Road","Straight road","Level","Not Applicable","Sealed","Dry","Not Raining","Night","Rear End","02","Driver Rider","1: PDO","Traffic Signals","","",1329047.65,1669895.43,"13290481669895"
"2012-7412-27/05/2021","2 Metropolitan","KESWICK","5035","CITY OF WEST TORRENS",2,0,0,0,0,2012,"April","Friday","05:10 pm","060","Cross Road","CURVED, VIEW OPEN","Level","Not Applicable","Sealed","Dry","Not Raining","Daylight","Right Turn","02","Driver Rider","1: PDO","Give Way Sign","","",1326765.32,1668957.27,"13267651668957"
"2012-7413-27/05/2021","2 Metropolitan","WINDSOR GARDENS","5087","CITY OF PORT ADELAIDE ENFIELD",2,2,0,0,2,2012,"April","Friday","11:00 am","060","Divided Road","Straight road","Level","Not Applicable","Sealed","Dry","Not Raining","Daylight","Rear End","01","Driver Rider","2: MI","No Control","","",1333770.07,1678045.99,"13337701678046"
"2012-7414-27/05/2021","2 Metropolitan","FITZROY","5082","CITY OF PROSPECT",2,0,0,0,0,2012,"April","Friday","05:00 pm","060","Divided Road","Straight road","Level","Not Applicable","Sealed","Dry","Not Raining","Daylight","Rear End","01","Driver Rider","1: PDO","No Control","","",,,
"2012-7415-27/05/2021","2 Metropolitan","MALVERN","5061","CITY OF UNLEY",2,1,0,0,1,2012,"April","Friday","04:55 pm","060","Cross Road","Straight road","Level","Not Applicable","Sealed","Dry","Not Raining","Daylight","Rear End","02","Driver Rider","2: MI","Traffic Signals","","",1329103.94,1667424.23,"13291041667424"
"2012-7416-27/05/2021","2 Metropolitan","PORT ADELAIDE","5015","CITY OF PORT ADELAIDE ENFIELD",2,0,0,0,0,2012,"April","Friday","05:00 pm","050","Divided Road","Straight road","Level","Not Applicable","Sealed","Dry","Not Raining","Daylight","Rear End","02","Driver Rider","1: PDO","No Control","","",1320415.5,1679434.55,"13204161679435"
"2012-7417-27/05/2021","2 Metropolitan","MEDINDIE","5081","WALKERVILLE TOWN COUNCIL",2,0,0,0,0,2012,"April","Friday","05:30 pm","060","T-Junction","Straight road","Level","Not Applicable","Sealed","Dry","Not Raining","Daylight","Rear End","02","Driver Rider","1: PDO","Traffic Signals","","",1328926.9,1674227.95,"13289271674228"
"2012-7418-27/05/2021","2 Metropolitan","PLYMPTON","5038","CITY OF WEST TORRENS",2,1,0,0,1,2012,"April","Friday","07:00 pm","050","Cross Road","Straight road","Level","Not Applicable","Sealed","Dry","Not Raining","Night","Right Angle","02","Driver Rider","2: MI","Give Way Sign","","",1325032.6,1666863.62,"13250331666864"
"2012-7419-27/05/2021","2 Metropolitan","CHRISTIES BEACH","5165","CITY OF ONKAPARINGA",3,0,0,0,0,2012,"April","Friday","09:00 pm","050","Not Divided","Straight road","Level","Driveway or Entrance","Sealed","Dry","Not Raining","Night","Hit Parked Vehicle","02","Driver Rider","1: PDO","No Control","","",1316375.88,1648169.53,"13163761648170"
"2012-7420-27/05/2021","2 Metropolitan","VERDUN","5245","THE ADELAIDE HILLS COUNCIL",3,0,0,0,0,2012,"April","Friday","03:50 pm","110","Freeway","Straight road","Slope","Not Applicable","Sealed","Dry","Not Raining","Daylight","Other","02","Driver Rider","1: PDO","No Control","","",,,
"2012-7421-27/05/2021","2 Metropolitan","SMITHFIELD","5114","CITY OF PLAYFORD.",2,0,0,0,0,2012,"April","Friday","09:20 pm","050","T-Junction","Straight road","Level","Not Applicable","Sealed","Dry","Not Raining","Night","Right Angle","01","Driver Rider","1: PDO","Give Way Sign","","",1337113.85,1697291.26,"13371141697291"
"2012-7422-27/05/2021","2 Metropolitan","CLARENDON","5157","CITY OF ONKAPARINGA",2,2,0,0,2,2012,"April","Friday","09:00 pm","080","Not Divided","CURVED, VIEW OPEN","Level","Not Applicable","Sealed","Dry","Not Raining","Night","Hit Animal","02","Animal","2: MI","No Control","","",,,
"2012-7423-27/05/2021","2 Metropolitan","MODBURY","5092","CITY OF TEA TREE GULLY",2,0,0,0,0,2012,"April","Friday","05:10 pm","060","T-Junction","Straight road","Level","Not Applicable","Sealed","Dry","Not Raining","Daylight","Right Angle","01","Driver Rider","1: PDO","Traffic Signals","","",1336192.6,1680407.52,"13361931680408"
"2012-7424-27/05/2021","3 Country","HARDWICKE BAY","5575","YORKE PENINSULA COUNCIL",2,1,0,1,0,2012,"April","Friday","11:21 pm","100","Not Divided","Straight road","Level","Not Applicable","Sealed","Dry","Not Raining","Night","Hit Fixed Object","01","Driver Rider","3: SI","No Control","Y","",1225618.94,1678237.3,"12256191678237"
"2012-7425-27/05/2021","2 Metropolitan","SALISBURY","5108","CITY OF SALISBURY",2,1,0,0,1,2012,"April","Saturday","01:55 am","050","T-Junction","Straight road","Level","Not Applicable","Sealed","Dry","Not Raining","Night","Hit Fixed Object","01","Driver Rider","2: MI","No Control","Y","Y",1333735.21,1689339.96,"13337351689340"
"2012-7426-27/05/2021","2 Metropolitan","FOREST RANGE","5139","THE ADELAIDE HILLS COUNCIL",2,2,0,2,0,2012,"April","Saturday","02:00 am","080","Not Divided","CURVED, VIEW OPEN","Level","Not Applicable","Sealed","Dry","Not Raining","Night","Hit Fixed Object","01","Driver Rider","3: SI","No Control","","",1344931.28,1666962.35,"13449311666962"