"REPORT_ID","Stats Area","Suburb","Postcode","LGA Name","Total Units","Total Cas","Total Fats","Total SI","Total MI","Year","Month","Day","Time","Area Speed","Position Type","Horizontal Align","Vertical Align","Other Feat","Road Surface","Moisture Cond","Weather Cond","DayNight","Crash Type","Unit Resp","Entity Code","CSEF Severity","Traffic Ctrls","DUI Involved","Drugs Involved","ACCLOC_X","ACCLOC_Y","UNIQUE_LOC"
"2012-7845-27/05/2021","1 City","ADELAIDE","5000","CITY OF ADELAIDE",3,1,0,0,1,2012,"May","Friday","04:15 pm","050","Cross Road","Straight road","Level","Not Applicable","Sealed","Dry","Not Raining","Daylight","Rear End","01","Driver Rider","2: MI","Traffic Signals","","",1328680.32,1671138.4,"13286801671138"
"2012-7846-27/05/2021","1 City","ADELAIDE","5000","CITY OF ADELAIDE",2,0,0,0,0,2012,"May","Friday","07:10 pm","050","T-Junction","Straight road","Level","Not Applicable","Sealed","Dry","Not Raining","Night","Side Swipe","01","Driver Rider","1: PDO","No Control","","",1328462.16,1670761.76,"13284621670762"
"2012-7847-27/05/2021","3 Country","NORMANVILLE","5204","DC YANKALILLA.                ",2,4,0,1,3,2012,"May","Thursday","04:10 pm","060","Cross Road","CURVED, VIEW OPEN","Level","Not Applicable","Sealed","Dry","Not Raining","Daylight","Right Turn","02","Driver Rider","3: SI","Give Way Sign","","",1301329.63,1613455.3,"13013301613455"
"2012-7848-27/05/2021","3 Country","NURIOOTPA","5355","THE BAROSSA COUNCIL.",2,0,0,0,0,2012,"May","Friday","06:30 pm","050","Not Divided","Straight road","Level","Not Applicable","Sealed","Dry","Not Raining","Night","Hit Parked Vehicle","01","Driver Rider","1: PDO","No Control","Y","",1365618.31,1720267.54,"13656181720268"
"2012-7849-27/05/2021","3 Country","MOUNT PLEASANT","5235","THE BAROSSA COUNCIL.",3,1,0,0,1,2012,"May","Friday","02:50 pm","100","Not Divided","Straight road","Level","Not Applicable","Sealed","Dry","Not Raining","Daylight","Hit Fixed Object","01","Driver Rider","2: MI","No Control","","",,,
"2012-7850-27/05/2021","2 Metropolitan","PARACOMBE","5132","THE ADELAIDE HILLS COUNCIL",2,3,0,0,3,2012,"May","Friday","11:30 pm","080","Not Divided","CURVED, VIEW OPEN","Slope","Not Applicable","Sealed","Wet","Not Raining","Night","Roll Over","01","Driver Rider","2: MI","No Control","","",1345821.37,1677662.5,"13458211677663"
"2012-7851-27/05/2021","2 Metropolitan","GLENGOWRIE","5044","CC MARION.                    ",2,0,0,0,0,2012,"May","Saturday","02:40 am","050","Cross Road","Straight road","Level","Not Applicable","Sealed","Dry","Not Raining","Night","Hit Fixed Object","01","Driver Rider","1: PDO","Roundabout","","",1322215.4,1663645.6,"13222151663646"
"2012-7852-27/05/2021","2 Metropolitan","CHANDLERS HILL","5159","CITY OF ONKAPARINGA",2,4,0,0,4,2012,"May","Saturday","05:45 am","080","T-Junction","CURVED, VIEW OPEN","Level","Not Applicable","Sealed","Dry","Not Raining","Night","Roll Over","01","Driver Rider","2: MI","Stop Sign","Y","",1328990.87,1651888.16,"13289911651888"
"2012-7853-27/05/2021","2 Metropolitan","GAWLER","5118","CT GAWLER.                    ",2,0,0,0,0,2012,"May","Saturday","09:00 am","050","Not Divided","Straight road","Level","Not Applicable","Sealed","Dry","Not Raining","Daylight","Hit Parked Vehicle","02","Driver Rider","1: PDO","No Control","","",1343262.39,1705956.48,"13432621705956"
"2012-7854-27/05/2021","2 Metropolitan","MAWSON LAKES","5095","CITY OF SALISBURY",2,0,0,0,0,2012,"May","Friday","02:00 pm","080","Divided Road","Straight road","Level","Not Applicable","Sealed","Dry","Not Raining","Daylight","Side Swipe","01","Driver Rider","1: PDO","No Control","","",,,
"2012-7855-27/05/2021","2 Metropolitan","GLENGOWRIE","5044","CC MARION.                    ",2,0,0,0,0,2012,"May","Friday","04:30 pm","060","T-Junction","Straight road","Level","Not Applicable","Sealed","Dry","Not Raining","Daylight","Right Angle","02","Driver Rider","1: PDO","No Control","","",1322685.73,1663658.54,"13226861663659"
"2012-7856-27/05/2021","2 Metropolitan","VALE PARK","5081","WALKERVILLE TOWN COUNCIL",2,0,0,0,0,2012,"May","Friday","06:35 pm","060","Divided Road","Straight road","Slope","Not Applicable","Sealed","Wet","Not Raining","Night","Side Swipe","02","Driver Rider","1: PDO","No Control","","",1330872.11,1675124.56,"13308721675125"
"2012-7857-27/05/2021","2 Metropolitan","BROADVIEW","5083","CITY OF PROSPECT",2,1,0,1,0,2012,"May","Saturday","09:45 am","060","T-Junction","Straight road","Level","Not Applicable","Sealed","Dry","Not Raining","Daylight","Right Angle","02","Driver Rider","3: SI","Traffic Signals","","",1330477.57,1675215.65,"13304781675216"
"2012-7858-27/05/2021","3 Country","PEWSEY VALE","5351","THE BAROSSA COUNCIL.",2,0,0,0,0,2012,"May","Friday","03:00 pm","080","Not Divided","Straight road","Bottom of Hill","Not Applicable","Unsealed","Dry","Not Raining","Daylight","Hit Fixed Object","01","Driver Rider","1: PDO","No Control","","",1363424.95,1697603.77,"13634251697604"
"2012-7859-27/05/2021","3 Country","VERDUN","5245","THE ADELAIDE HILLS COUNCIL",2,0,0,0,0,2012,"April","Monday","02:15 pm","050","Not Divided","Straight road","Level","Unknown","Sealed","Unknown","Not Raining","Daylight","Hit Fixed Object","01","Driver Rider","1: PDO","No Control","","",,,
"2012-7860-27/05/2021","2 Metropolitan","PARAFIELD GARDENS","5107","CITY OF SALISBURY",2,0,0,0,0,2012,"May","Saturday","10:30 am","060","Divided Road","Straight road","Level","Driveway or Entrance","Sealed","Dry","Not Raining","Daylight","Right Angle","02","Driver Rider","1: PDO","No Control","","",1331138.35,1686420.52,"13311381686421"
"2012-7861-27/05/2021","2 Metropolitan","ATHELSTONE","5076","CC CAMPBELLTOWN.              ",2,0,0,0,0,2012,"May","Saturday","10:00 am","060","T-Junction","Straight road","Level","Not Applicable","Sealed","Dry","Not Raining","Daylight","Side Swipe","01","Driver Rider","1: PDO","No Control","","",1337816.83,1676224.98,"13378171676225"
"2012-7862-27/05/2021","2 Metropolitan","SALISBURY","5108","CITY OF SALISBURY",2,0,0,0,0,2012,"May","Thursday","05:40 pm","060","Cross Road","Straight road","Level","Not Applicable","Sealed","Wet","Raining","Night","Rear End","02","Driver Rider","1: PDO","Traffic Signals","","",1332794.38,1688504.36,"13327941688504"
"2012-7863-27/05/2021","2 Metropolitan","ROSEWATER","5013","CITY OF PORT ADELAIDE ENFIELD",2,0,0,0,0,2012,"May","Saturday","12:10 pm","050","Cross Road","Straight road","Level","Not Applicable","Sealed","Dry","Not Raining","Daylight","Right Angle","02","Driver Rider","1: PDO","Give Way Sign","","",1321404.45,1679321.05,"13214041679321"
"2012-7864-27/05/2021","3 Country","BOORS PLAIN","5554","COPPER COAST DISTRICT COUNCIL",2,0,0,0,0,2012,"May","Friday","08:15 pm","100","Not Divided","Straight road","Level","Not Applicable","Sealed","Dry","Not Raining","Night","Hit Object on Road","01","Driver Rider","1: PDO","No Control","","",1246815.85,1769724.66,"12468161769725"
"2012-7865-27/05/2021","2 Metropolitan","BEDFORD PARK","5042","CC MARION.                    ",2,0,0,0,0,2012,"May","Wednesday","04:30 pm","070","T-Junction","Straight road","Level","Not Applicable","Sealed","Dry","Not Raining","Daylight","Rear End","02","Driver Rider","1: PDO","Traffic Signals","","",1324854.16,1660080.43,"13248541660080"
"2012-7866-27/05/2021","2 Metropolitan","ALBERT PARK","5014","CITY OF CHARLES STURT",2,0,0,0,0,2012,"May","Saturday","12:00 pm","060","Cross Road","Straight road","Level","Not Applicable","Sealed","Dry","Not Raining","Daylight","Rear End","02","Driver Rider","1: PDO","Traffic Signals","","",1321444.17,1675569.1,"13214441675569"
"2012-7867-27/05/2021","2 Metropolitan","PARADISE","5075","CC CAMPBELLTOWN.              ",2,0,0,0,0,2012,"May","Friday","08:30 pm","060","T-Junction","Straight road","Level","Not Applicable","Sealed","Wet","Not Raining","Night","Side Swipe","02","Driver Rider","1: PDO","Traffic Signals","","",1335624.13,1676678.29,"13356241676678"
"2012-7868-27/05/2021","2 Metropolitan","ROYAL PARK","5014","CITY OF CHARLES STURT",4,3,0,0,3,2012,"May","Saturday","11:00 am","060","T-Junction","Straight road","Level","Not Applicable","Sealed","Dry","Not Raining","Daylight","Rear End","01","Driver Rider","2: MI","No Control","","",1320682.23,1677427.4,"13206821677427"
"2012-7869-27/05/2021","2 Metropolitan","NOVAR GARDENS","5040","CITY OF WEST TORRENS",2,1,0,0,1,2012,"May","Saturday","09:22 am","060","T-Junction","Straight road","Level","Not Applicable","Sealed","Dry","Not Raining","Daylight","Right Angle","01","Driver Rider","2: MI","No Control","","",1322613.53,1666191.01,"13226141666191"
"2012-7870-27/05/2021","2 Metropolitan","FLAGSTAFF HILL","5159","CITY OF ONKAPARINGA",3,0,0,0,0,2012,"May","Saturday","02:15 pm","060","T-Junction","CURVED, VIEW OPEN","Level","Not Applicable","Sealed","Dry","Not Raining","Daylight","Rear End","02","Driver Rider","1: PDO","Roundabout","","",1326578.92,1657107.23,"13265791657107"
"2012-7871-27/05/2021","2 Metropolitan","WYNN VALE","5127","CITY OF TEA TREE GULLY",2,0,0,0,0,2012,"May","Saturday","02:15 pm","060","Divided Road","Straight road","Level","Driveway or Entrance","Sealed","Dry","Not Raining","Daylight","Right Angle","01","Driver Rider","1: PDO","No Control","","",1338193.95,1683682.42,"13381941683682"
"2012-7872-27/05/2021","2 Metropolitan","ENFIELD","5085","CITY OF PORT ADELAIDE ENFIELD",2,0,0,0,0,2012,"May","Saturday","01:30 pm","050","Cross Road","Straight road","Level","Not Applicable","Sealed","Dry","Not Raining","Daylight","Right Angle","02","Driver Rider","1: PDO","Give Way Sign","","",1329575.64,1677640.11,"13295761677640"
"2012-7873-27/05/2021","1 City","ADELAIDE","5000","CITY OF ADELAIDE",2,0,0,0,0,2012,"May","Saturday","02:30 pm","050","Divided Road","Straight road","Level","Not Applicable","Sealed","Dry","Not Raining","Daylight","Rear End","02","Driver Rider","1: PDO","No Control","","",1329305.96,1671158.07,"13293061671158"
"2012-7874-27/05/2021","1 City","NORTH ADELAIDE","5006","CITY OF ADELAIDE",2,1,0,1,0,2012,"May","Saturday","01:25 pm","060","Divided Road","CURVED, VIEW OPEN","Slope","Not Applicable","Sealed","Dry","Not Raining","Daylight","Hit Fixed Object","01","Driver Rider","3: SI","No Control","","",1327971.44,1672016.77,"13279711672017"
"2012-7875-27/05/2021","1 City","ADELAIDE","5000","CITY OF ADELAIDE",2,0,0,0,0,2012,"April","Friday","02:25 pm","050","T-Junction","Straight road","Level","Not Applicable","Sealed","Dry","Not Raining","Daylight","Rear End","02","Driver Rider","1: PDO","Traffic Signals","","",1329511.89,1670854.34,"13295121670854"
"2012-7876-27/05/2021","2 Metropolitan","CAMPBELLTOWN","5074","CC CAMPBELLTOWN.              ",2,0,0,0,0,2012,"April","Friday","01:30 pm","060","T-Junction","Straight road","Level","Not Applicable","Sealed","Dry","Not Raining","Daylight","Side Swipe","01","Driver Rider","1: PDO","No Control","","",1334351.01,1675516.24,"13343511675516"
"2012-7877-27/05/2021","2 Metropolitan","EASTWOOD","5063","CITY OF BURNSIDE",2,0,0,0,0,2012,"May","Saturday","03:00 pm","060","Divided Road","Straight road","Level","Not Applicable","Sealed","Dry","Not Raining","Daylight","Rear End","02","Driver Rider","1: PDO","No Control","","",1330576.62,1668999.6,"13305771669000"
"2012-7878-27/05/2021","3 Country","CALLINGTON","5254","RC MURRAY BRIDGE.             ",2,0,0,0,0,2012,"May","Saturday","02:00 am","100","Not Divided","CURVED, VIEW OBSCURED","Level","Not Applicable","Sealed","Wet","Raining","Night","Hit Fixed Object","01","Driver Rider","1: PDO","No Control","","",,,
"2012-7879-27/05/2021","2 Metropolitan","ANDREWS FARM","5114","CITY OF PLAYFORD.",2,3,0,0,3,2012,"May","Thursday","07:00 pm","060","T-Junction","Straight road","Level","Not Applicable","Sealed","Dry","Not Raining","Night","Right Angle","01","Driver Rider","2: MI","No Control","","",1335695.8,1699090.33,"13356961699090"
"2012-7880-27/05/2021","2 Metropolitan","PARADISE","5075","CC CAMPBELLTOWN.              ",2,1,0,0,1,2012,"May","Saturday","10:10 am","060","Divided Road","Straight road","Level","Not Applicable","Sealed","Dry","Not Raining","Daylight","Hit Fixed Object","01","Driver Rider","2: MI","No Control","","",1334963.59,1676257.88,"13349641676258"
"2012-7881-27/05/2021","3 Country","MOUNT CRAWFORD","5351","THE BAROSSA COUNCIL.",2,0,0,0,0,2012,"May","Saturday","03:53 pm","100","Not Divided","Straight road","Slope","Not Applicable","Sealed","Dry","Not Raining","Daylight","Hit Fixed Object","01","Driver Rider","1: PDO","No Control","","",1361010.44,1692863.23,"13610101692863"
"2012-7882-27/05/2021","2 Metropolitan","COLLINSWOOD","5081","CITY OF PROSPECT",2,1,0,0,1,2012,"May","Friday","06:20 pm","060","Divided Road","Straight road","Level","Not Applicable","Sealed","Dry","Not Raining","Night","Side Swipe","02","Driver Rider","2: MI","No Control","","",1330117.15,1674903.97,"13301171674904"
"2012-7883-27/05/2021","2 Metropolitan","HUNTFIELD HEIGHTS","5163","CITY OF ONKAPARINGA",2,0,0,0,0,2012,"May","Saturday","01:30 pm","080","Freeway","CURVED, VIEW OPEN","Level","Not Applicable","Sealed","Dry","Not Raining","Daylight","Hit Fixed Object","01","Driver Rider","1: PDO","No Control","","",1319294.65,1644440.39,"13192951644440"
"2012-7884-27/05/2021","2 Metropolitan","HACKNEY","5069","CC OF NORWOOD,PAYNEHAM & ST PETERS",2,0,0,0,0,2012,"May","Saturday","08:50 am","060","T-Junction","Straight road","Slope","Not Applicable","Sealed","Dry","Not Raining","Daylight","Rear End","02","Driver Rider","1: PDO","No Control","","",1330131.47,1671445.29,"13301311671445"
"2012-7885-27/05/2021","2 Metropolitan","MARION","5043","CC MARION.                    ",2,0,0,0,0,2012,"May","Saturday","04:30 pm","060","T-Junction","Straight road","Level","Not Applicable","Sealed","Dry","Not Raining","Daylight","Rear End","02","Driver Rider","1: PDO","Traffic Signals","","",1324366.05,1661874.49,"13243661661874"
"2012-7886-27/05/2021","2 Metropolitan","NEWTON","5074","CC CAMPBELLTOWN.              ",2,0,0,0,0,2012,"May","Friday","07:00 pm","060","Not Divided","Straight road","Level","Not Applicable","Sealed","Wet","Raining","Night","Side Swipe","02","Driver Rider","1: PDO","No Control","","",,,
"2012-7887-27/05/2021","2 Metropolitan","UNDERDALE","5032","CITY OF WEST TORRENS",2,0,0,0,0,2012,"May","Saturday","07:15 pm","060","T-Junction","Straight road","Level","Not Applicable","Sealed","Dry","Not Raining","Night","Rear End","02","Driver Rider","1: PDO","Traffic Signals","","",1323855.47,1670942.23,"13238551670942"
"2012-7888-27/05/2021","2 Metropolitan","TORRENS PARK","5062","CC MITCHAM.                   ",2,0,0,0,0,2012,"May","Saturday","06:30 pm","060","Cross Road","CURVED, VIEW OPEN","Level","Not Applicable","Sealed","Dry","Not Raining","Night","Side Swipe","02","Driver Rider","1: PDO","Roundabout","","",1330012.26,1664229.64,"13300121664230"
"2012-7889-27/05/2021","2 Metropolitan","MORPHETT VALE","5162","CITY OF ONKAPARINGA",2,1,0,0,1,2012,"May","Saturday","05:25 pm","050","T-Junction","CURVED, VIEW OPEN","Slope","Not Applicable","Sealed","Dry","Not Raining","Daylight","Rear End","02","Driver Rider","2: MI","No Control","","",1322800.69,1649696.42,"13228011649696"
"2012-7890-27/05/2021","3 Country","YAMBA","5341","DC RENMARK PARINGA            ",2,1,0,0,1,2012,"May","Saturday","05:00 pm","060","Not Divided","Straight road","Level","Not Applicable","Sealed","Dry","Not Raining","Daylight","Rear End","02","Driver Rider","2: MI","No Control","","",1538859.73,1735192.42,"15388601735192"
"2012-7891-27/05/2021","2 Metropolitan","UNLEY PARK","5061","CITY OF UNLEY",2,0,0,0,0,2012,"May","Saturday","06:20 pm","040","Not Divided","Straight road","Level","Not Applicable","Sealed","Dry","Not Raining","Night","Hit Parked Vehicle","01","Driver Rider","1: PDO","No Control","","",1328846.85,1666614.48,"13288471666614"
"2012-7892-27/05/2021","2 Metropolitan","FULHAM GARDENS","5024","CITY OF CHARLES STURT",2,1,0,0,1,2012,"May","Saturday","03:30 pm","060","T-Junction","Straight road","Level","Median Opening (not at I/S)","Sealed","Dry","Not Raining","Daylight","Right Turn","01","Driver Rider","2: MI","No Control","","",1320893.82,1671126.49,"13208941671126"
"2012-7893-27/05/2021","2 Metropolitan","ENFIELD","5085","CITY OF PORT ADELAIDE ENFIELD",2,1,0,1,0,2012,"May","Saturday","09:20 pm","050","Not Divided","Straight road","Level","Road hump or Slow point","Sealed","Dry","Not Raining","Night","Hit Pedestrian","02","Pedestrian","3: SI","No Control","","",1329128.81,1677084.85,"13291291677085"
"2012-7894-27/05/2021","3 Country","COMPTON","5291","DISTRICT COUNCIL OF GRANT",2,1,0,0,1,2012,"May","Saturday","10:51 pm","060","Not Divided","Straight road","Level","Not Applicable","Sealed","Dry","Not Raining","Night","Hit Fixed Object","01","Driver Rider","2: MI","No Control","","",,,
"2012-7895-27/05/2021","1 City","ADELAIDE","5000","CITY OF ADELAIDE",3,1,0,0,1,2012,"May","Sunday","01:35 am","050","Divided Road","CURVED, VIEW OPEN","Slope","Not Applicable","Sealed","Dry","Not Raining","Night","Rear End","02","Driver Rider","2: MI","No Control","","",1327975.71,1670821.89,"13279761670822"
"2012-7896-27/05/2021","2 Metropolitan","WYNN VALE","5127","CITY OF TEA TREE GULLY",2,0,0,0,0,2012,"May","Friday","11:40 pm","060","Not Divided","Straight road","Level","Not Applicable","Sealed","Dry","Not Raining","Night","Hit Fixed Object","01","Driver Rider","1: PDO","No Control","","",1336773.11,1683895.04,"13367731683895"
"2012-7897-27/05/2021","2 Metropolitan","MEDINDIE","5081","WALKERVILLE TOWN COUNCIL",2,1,0,0,1,2012,"May","Saturday","11:30 pm","060","T-Junction","CURVED, VIEW OPEN","Level","Not Applicable","Sealed","Dry","Not Raining","Night","Head On","02","Driver Rider","2: MI","Traffic Signals","Y","",1328926.9,1674227.95,"13289271674228"
"2012-7898-27/05/2021","2 Metropolitan","WAYVILLE","5034","CITY OF UNLEY",2,1,0,0,1,2012,"May","Saturday","11:00 am","060","Divided Road","Straight road","Level","Not Applicable","Sealed","Dry","Not Raining","Daylight","Rear End","02","Driver Rider","2: MI","No Control","","",1328269.68,1668939.08,"13282701668939"
"2012-7899-27/05/2021","2 Metropolitan","MARION","5043","CC MARION.                    ",2,0,0,0,0,2012,"May","Friday","05:30 pm","060","T-Junction","Straight road","Level","Not Applicable","Sealed","Dry","Not Raining","Night","Rear End","01","Driver Rider","1: PDO","Traffic Signals","","",1324366.05,1661874.49,"13243661661874"
"2012-7900-27/05/2021","2 Metropolitan","WINGFIELD","5013","CITY OF PORT ADELAIDE ENFIELD",2,0,0,0,0,2012,"May","Saturday","01:30 pm","050","Not Divided","Straight road","Level","Not Applicable","Sealed","Dry","Not Raining","Daylight","Hit Parked Vehicle","01","Driver Rider","1: PDO","No Control","","",,,
"2012-7901-27/05/2021","2 Metropolitan","WALKERVILLE","5081","WALKERVILLE TOWN COUNCIL",2,0,0,0,0,2012,"May","Saturday","10:40 pm","060","Divided Road","Straight road","Slope","Not Applicable","Sealed","Dry","Not Raining","Night","Side Swipe","01","Driver Rider","1: PDO","No Control","","",1329876.77,1674698.95,"13298771674699"
"2012-7902-27/05/2021","2 Metropolitan","POORAKA","5095","CITY OF SALISBURY",2,0,0,0,0,2012,"May","Sunday","11:00 am","050","T-Junction","Straight road","Level","Not Applicable","Sealed","Dry","Not Raining","Daylight","Right Turn","01","Driver Rider","1: PDO","No Control","","",1331494.4,1681295.53,"13314941681296"
"2012-7903-27/05/2021","3 Country","WANDILO","5291","DISTRICT COUNCIL OF GRANT",2,0,0,0,0,2012,"May","Sunday","06:30 am","110","Cross Road","Straight road","Level","Not Applicable","Sealed","Dry","Not Raining","Night","Hit Animal","02","Animal","1: PDO","Give Way Sign","","",1511674.24,1351786.57,"15116741351787"
"2012-7904-27/05/2021","2 Metropolitan","STURT","5047","CC MARION.                    ",2,0,0,0,0,2012,"May","Sunday","12:20 pm","060","Cross Road","Straight road","Level","Not Applicable","Sealed","Dry","Not Raining","Daylight","Rear End","02","Driver Rider","1: PDO","Traffic Signals","","",1324404.88,1660668.91,"13244051660669"
"2012-7905-27/05/2021","2 Metropolitan","PARALOWIE","5108","CITY OF SALISBURY",2,0,0,0,0,2012,"May","Saturday","11:30 pm","050","Not Divided","Straight road","Level","Not Applicable","Sealed","Dry","Not Raining","Night","Hit Object on Road","01","Driver Rider","1: PDO","No Control","","",,,
"2012-7906-27/05/2021","1 City","ADELAIDE","5000","CITY OF ADELAIDE",2,0,0,0,0,2012,"May","Saturday","08:15 pm","050","Divided Road","Straight road","Level","Not Applicable","Sealed","Dry","Not Raining","Night","Right Angle","02","Driver Rider","1: PDO","No Control","","",1329600.52,1670046.71,"13296011670047"
"2012-7907-27/05/2021","3 Country","NORTH SHIELDS","5607","DC LOWER EYRE PENINSULA       ",2,0,0,0,0,2012,"May","Sunday","12:45 pm","110","Not Divided","Straight road","Level","Not Applicable","Sealed","Dry","Not Raining","Daylight","Hit Animal","02","Animal","1: PDO","No Control","","",1080069.29,1712510.01,"10800691712510"
"2012-7908-27/05/2021","2 Metropolitan","PAYNEHAM SOUTH","5070","CC OF NORWOOD,PAYNEHAM & ST PETERS",2,0,0,0,0,2012,"May","Thursday","06:10 pm","060","Divided Road","Straight road","Level","Not Applicable","Sealed","Dry","Not Raining","Night","Hit Parked Vehicle","02","Driver Rider","1: PDO","No Control","","",1332209.12,1672750.09,"13322091672750"
"2012-7909-27/05/2021","2 Metropolitan","SALISBURY EAST","5109","CITY OF SALISBURY",5,0,0,0,0,2012,"May","Sunday","12:30 pm","080","Divided Road","Straight road","Level","Not Applicable","Sealed","Dry","Not Raining","Daylight","Rear End","02","Driver Rider","1: PDO","No Control","","",1334419.67,1686853.13,"13344201686853"
"2012-7910-27/05/2021","2 Metropolitan","FULLARTON","5063","CITY OF UNLEY",2,0,0,0,0,2012,"May","Sunday","10:45 am","060","Multiple","CURVED, VIEW OPEN","Slope","Not Applicable","Sealed","Dry","Not Raining","Daylight","Right Turn","01","Driver Rider","1: PDO","Traffic Signals","","",1331543.59,1667679.12,"13315441667679"
"2012-7911-27/05/2021","2 Metropolitan","GLENELG","5045","CITY OF HOLDFAST BAY",2,0,0,0,0,2012,"May","Sunday","02:30 pm","050","Not Divided","Straight road","Level","Not Applicable","Sealed","Dry","Not Raining","Daylight","Hit Parked Vehicle","02","Driver Rider","1: PDO","No Control","","",,,
"2012-7912-27/05/2021","3 Country","PORT LINCOLN","5606","CC PT.LINCOLN.                ",2,1,0,1,0,2012,"May","Sunday","01:25 pm","040","Not Divided","CURVED, VIEW OPEN","Level","Not Applicable","Sealed","Wet","Raining","Daylight","Hit Fixed Object","01","Driver Rider","3: SI","No Control","","",1078202.5,1698901.85,"10782031698902"
"2012-7913-27/05/2021","2 Metropolitan","HENLEY BEACH SOUTH","5022","CITY OF CHARLES STURT",2,0,0,0,0,2012,"May","Sunday","02:00 pm","050","Divided Road","Straight road","Level","Not Applicable","Sealed","Dry","Not Raining","Daylight","Side Swipe","02","Driver Rider","1: PDO","No Control","","",1319081.51,1670688.5,"13190821670689"
"2012-7914-27/05/2021","2 Metropolitan","LEAWOOD GARDENS","5150","CITY OF BURNSIDE",2,0,0,0,0,2012,"May","Sunday","06:30 am","100","Freeway","Straight road","Level","Not Applicable","Sealed","Dry","Not Raining","Night","Hit Fixed Object","09","Other","1: PDO","No Control","","",1335265.2,1665285.03,"13352651665285"
"2012-7915-27/05/2021","1 City","ADELAIDE","5000","CITY OF ADELAIDE",2,0,0,0,0,2012,"May","Sunday","12:30 pm","050","Cross Road","Straight road","Level","Not Applicable","Sealed","Dry","Not Raining","Daylight","Side Swipe","02","Driver Rider","1: PDO","Traffic Signals","","",1327934.63,1670172.34,"13279351670172"
"2012-7916-27/05/2021","2 Metropolitan","PORT ADELAIDE","5015","CITY OF PORT ADELAIDE ENFIELD",2,0,0,0,0,2012,"May","Saturday","10:50 am","060","Cross Road","Straight road","Level","Not Applicable","Sealed","Dry","Not Raining","Daylight","Rear End","01","Driver Rider","1: PDO","Traffic Signals","","",1320509.08,1679073.54,"13205091679074"
"2012-7917-27/05/2021","2 Metropolitan","GLENELG NORTH","5045","CITY OF HOLDFAST BAY",2,0,0,0,0,2012,"May","Saturday","09:40 pm","050","T-Junction","Straight road","Level","Not Applicable","Sealed","Dry","Not Raining","Night","Hit Fixed Object","01","Driver Rider","1: PDO","No Control","","",1321274.8,1666237.35,"13212751666237"
"2012-7918-27/05/2021","2 Metropolitan","WINDSOR GARDENS","5087","CITY OF PORT ADELAIDE ENFIELD",3,0,0,0,0,2012,"May","Sunday","12:30 pm","060","Divided Road","Straight road","Level","Not Applicable","Sealed","Dry","Not Raining","Daylight","Rear End","02","Driver Rider","1: PDO","No Control","","",,,
"2012-7919-27/05/2021","2 Metropolitan","GUMERACHA","5233","THE ADELAIDE HILLS COUNCIL",2,1,0,0,1,2012,"May","Sunday","10:40 am","050","Not Divided","Straight road","Level","Not Applicable","Sealed","Dry","Not Raining","Daylight","Side Swipe","01","Driver Rider","2: MI","No Control","","",1355034.83,1681219.86,"13550351681220"
"2012-7920-27/05/2021","2 Metropolitan","UPPER STURT","5156","THE ADELAIDE HILLS COUNCIL",2,0,0,0,0,2012,"May","Sunday","03:05 pm","060","Not Divided","CURVED, VIEW OBSCURED","Slope","Not Applicable","Sealed","Wet","Raining","Daylight","Hit Fixed Object","01","Driver Rider","1: PDO","No Control","","",1335272.18,1659671.79,"13352721659672"
"2012-7921-27/05/2021","2 Metropolitan","MANSFIELD PARK","5012","CITY OF CHARLES STURT",4,1,0,0,1,2012,"May","Sunday","04:55 pm","060","Not Divided","Straight road","Level","Not Applicable","Sealed","Wet","Raining","Daylight","Hit Fixed Object","01","Driver Rider","2: MI","No Control","","",1323916.21,1679125.28,"13239161679125"
"2012-7922-27/05/2021","2 Metropolitan","CAMDEN PARK","5038","CITY OF WEST TORRENS",3,0,0,0,0,2012,"May","Sunday","03:40 pm","060","Not Divided","Straight road","Level","Not Applicable","Sealed","Wet","Raining","Daylight","Hit Parked Vehicle","01","Driver Rider","1: PDO","No Control","","",1322910.91,1667012.37,"13229111667012"
"2012-7923-27/05/2021","2 Metropolitan","INGLE FARM","5098","CITY OF SALISBURY",2,0,0,0,0,2012,"May","Sunday","06:20 pm","050","T-Junction","Straight road","Level","Not Applicable","Sealed","Wet","Not Raining","Night","Hit Fixed Object","01","Driver Rider","1: PDO","No Control","","",1334331.6,1681481.2,"13343321681481"
"2012-7924-27/05/2021","2 Metropolitan","GLENELG","5045","CITY OF HOLDFAST BAY",1,2,0,0,2,2012,"May","Sunday","05:15 pm","040","T-Junction","Straight road","Level","Unknown","Sealed","Wet","Raining","Daylight","Roll Over","01","Driver Rider","2: MI","No Control","","",1320911.01,1664897.37,"13209111664897"
"2012-7925-27/05/2021","3 Country","STIRLING NORTH","5710","CC PT.AUGUSTA.                ",2,0,0,0,0,2012,"May","Sunday","08:40 pm","060","Not Divided","CURVED, VIEW OBSCURED","Level","Not Applicable","Sealed","Dry","Not Raining","Night","Side Swipe","01","Driver Rider","1: PDO","No Control","","",1266123.87,1939214.59,"12661241939215"
"2012-7926-27/05/2021","2 Metropolitan","PENNINGTON","5013","CITY OF CHARLES STURT",2,0,0,0,0,2012,"May","Sunday","06:10 pm","050","Not Divided","Straight road","Level","Not Applicable","Sealed","Wet","Raining","Night","Hit Fixed Object","01","Driver Rider","1: PDO","No Control","","",1323107.15,1678946.03,"13231071678946"
"2012-7927-27/05/2021","3 Country","CHAIN OF PONDS","5231","THE ADELAIDE HILLS COUNCIL",1,0,0,0,0,2012,"May","Sunday","09:30 pm","080","Not Divided","CURVED, VIEW OBSCURED","Slope","Not Applicable","Sealed","Wet","Raining","Night","Left Road - Out of Control","01","Driver Rider","1: PDO","No Control","","",,,