"REPORT_ID","Stats Area","Suburb","Postcode","LGA Name","Total Units","Total Cas","Total Fats","Total SI","Total MI","Year","Month","Day","Time","Area Speed","Position Type","Horizontal Align","Vertical Align","Other Feat","Road Surface","Moisture Cond","Weather Cond","DayNight","Crash Type","Unit Resp","Entity Code","CSEF Severity","Traffic Ctrls","DUI Involved","Drugs Involved","ACCLOC_X","ACCLOC_Y","UNIQUE_LOC"
"2012-10431-27/05/2021","2 Metropolitan","HOVE","5048","CITY OF HOLDFAST BAY",2,1,0,1,0,2012,"February","Monday","09:15 am","050","Cross Road","Straight road","Level","Not Applicable","Sealed","Dry","Not Raining","Daylight","Hit Fixed Object","09","Other","3: SI","Roundabout","","",1320781.55,1661533.45,"13207821661533"
"2012-10432-27/05/2021","2 Metropolitan","NETLEY","5037","CITY OF WEST TORRENS",2,0,0,0,0,2012,"June","Thursday","06:50 am","060","T-Junction","Straight road","Level","Not Applicable","Sealed","Wet","Not Raining","Night","Right Angle","01","Driver Rider","1: PDO","Stop Sign","","",1324181.88,1668334.18,"13241821668334"
"2012-10433-27/05/2021","3 Country","NURIOOTPA","5355","LIGHT REGIONAL COUNCIL",2,0,0,0,0,2012,"June","Thursday","07:20 am","080","Cross Road","Straight road","Slope","Not Applicable","Sealed","Wet","Not Raining","Night","Side Swipe","01","Driver Rider","1: PDO","Give Way Sign","","",1362988.63,1720237.18,"13629891720237"
"2012-10434-27/05/2021","3 Country","WILLALOOKA","5267","DC TATIARA.                   ",1,0,0,0,0,2012,"June","Wednesday","09:00 am","100","Not Divided","Straight road","Level","Unknown","Unsealed","Wet","Raining","Daylight","Roll Over","01","Driver Rider","1: PDO","No Control","","",,,
"2012-10435-27/05/2021","3 Country","WILLUNGA HILL","5172","ALEXANDRINA COUNCIL",2,0,0,0,0,2012,"June","Thursday","07:00 am","100","Not Divided","Straight road","Level","Not Applicable","Sealed","Wet","Not Raining","Night","Hit Animal","02","Animal","1: PDO","No Control","","",,,
"2012-10436-27/05/2021","2 Metropolitan","TEA TREE GULLY","5091","CITY OF TEA TREE GULLY",2,0,0,0,0,2012,"June","Thursday","08:43 am","060","T-Junction","Straight road","Level","Not Applicable","Sealed","Dry","Not Raining","Daylight","Right Angle","01","Driver Rider","1: PDO","No Control","","",1340322.41,1681915.97,"13403221681916"
"2012-10437-27/05/2021","2 Metropolitan","GLENELG EAST","5045","CITY OF HOLDFAST BAY",2,0,0,0,0,2012,"June","Wednesday","06:00 pm","060","Multiple","Straight road","Level","Not Applicable","Sealed","Dry","Not Raining","Night","Rear End","02","Driver Rider","1: PDO","Traffic Signals","","",1321021.92,1664900.43,"13210221664900"
"2012-10438-27/05/2021","3 Country","KEITH","5267","DC TATIARA.                   ",2,0,0,0,0,2012,"June","Wednesday","11:20 pm","110","Not Divided","Straight road","Level","Not Applicable","Sealed","Wet","Raining","Night","Hit Animal","02","Animal","1: PDO","No Control","","",1479118.04,1538270.55,"14791181538271"
"2012-10439-27/05/2021","2 Metropolitan","NORWOOD","5067","CC OF NORWOOD,PAYNEHAM & ST PETERS",2,0,0,0,0,2012,"June","Thursday","10:10 am","060","Multiple","Straight road","Level","Not Applicable","Sealed","Dry","Not Raining","Daylight","Right Angle","02","Driver Rider","1: PDO","Roundabout","","",1330623.32,1670361.88,"13306231670362"
"2012-10440-27/05/2021","3 Country","PORT PIRIE","5540","PT.PIRIE CITY & DIST. COUNCIL ",2,0,0,0,0,2012,"June","Thursday","09:50 am","050","Divided Road","Straight road","Level","Not Applicable","Sealed","Dry","Not Raining","Daylight","Side Swipe","01","Driver Rider","1: PDO","No Control","","",,,
"2012-10441-27/05/2021","2 Metropolitan","CHANDLERS HILL","5159","CITY OF ONKAPARINGA",2,1,0,0,1,2012,"June","Thursday","10:35 am","080","T-Junction","Straight road","Level","Not Applicable","Sealed","Dry","Not Raining","Daylight","Rear End","02","Driver Rider","2: MI","Give Way Sign","","",1329119.49,1652682.31,"13291191652682"
"2012-10442-27/05/2021","2 Metropolitan","FLAGSTAFF HILL","5159","CITY OF ONKAPARINGA",2,0,0,0,0,2012,"June","Wednesday","06:00 pm","070","Cross Road","Straight road","Level","Not Applicable","Sealed","Dry","Not Raining","Night","Rear End","02","Driver Rider","1: PDO","Roundabout","","",1325603.37,1656854,"13256031656854"
"2012-10443-27/05/2021","2 Metropolitan","WARRADALE","5046","CC MARION.                    ",2,0,0,0,0,2012,"June","Wednesday","08:50 pm","060","Cross Road","Straight road","Level","Not Applicable","Sealed","Dry","Not Raining","Night","Rear End","02","Driver Rider","1: PDO","Traffic Signals","","",1322704.43,1663065.16,"13227041663065"
"2012-10444-27/05/2021","2 Metropolitan","WOODVILLE NORTH","5012","CITY OF CHARLES STURT",2,1,0,0,1,2012,"June","Thursday","09:35 am","060","Cross Road","Straight road","Level","Not Applicable","Sealed","Dry","Not Raining","Daylight","Right Angle","02","Driver Rider","2: MI","Traffic Signals","","",1323940.22,1677840.22,"13239401677840"
"2012-10445-27/05/2021","2 Metropolitan","VALE PARK","5081","WALKERVILLE TOWN COUNCIL",2,0,0,0,0,2012,"June","Thursday","09:55 am","060","Divided Road","Straight road","Level","Not Applicable","Sealed","Dry","Not Raining","Daylight","Side Swipe","02","Driver Rider","1: PDO","No Control","","",1330695.76,1675309.83,"13306961675310"
"2012-10446-27/05/2021","2 Metropolitan","WATTLE PARK","5066","CITY OF BURNSIDE",2,0,0,0,0,2012,"June","Thursday","09:45 am","060","T-Junction","Straight road","Level","Not Applicable","Sealed","Dry","Not Raining","Daylight","Right Angle","02","Driver Rider","1: PDO","Roundabout","","",1334704.64,1670493.07,"13347051670493"
"2012-10447-27/05/2021","2 Metropolitan","FLINDERS PARK","5025","CITY OF CHARLES STURT",2,0,0,0,0,2012,"June","Sunday","03:10 pm","060","Cross Road","Straight road","Level","Not Applicable","Sealed","Dry","Not Raining","Daylight","Rear End","02","Driver Rider","1: PDO","Traffic Signals","","",1323667.72,1673152.85,"13236681673153"
"2012-10448-27/05/2021","1 City","ADELAIDE","5000","CITY OF ADELAIDE",5,0,0,0,0,2012,"June","Thursday","11:45 am","060","Divided Road","Straight road","Level","Not Applicable","Sealed","Dry","Not Raining","Daylight","Rear End","01","Driver Rider","1: PDO","No Control","","",1327379.51,1669823.49,"13273801669823"
"2012-10449-27/05/2021","2 Metropolitan","UNLEY","5061","CITY OF UNLEY",2,1,0,1,0,2012,"June","Thursday","10:30 am","060","Cross Road","Straight road","Level","Not Applicable","Sealed","Dry","Not Raining","Daylight","Side Swipe","01","Driver Rider","3: SI","Traffic Signals","","",1328494.76,1668964.98,"13284951668965"
"2012-10450-27/05/2021","2 Metropolitan","PARALOWIE","5108","CITY OF SALISBURY",2,0,0,0,0,2012,"June","Thursday","08:50 am","060","Divided Road","Straight road","Level","Not Applicable","Sealed","Dry","Not Raining","Daylight","Side Swipe","02","Driver Rider","1: PDO","No Control","","",,,
"2012-10451-27/05/2021","1 City","ADELAIDE","5000","CITY OF ADELAIDE",2,0,0,0,0,2012,"June","Thursday","09:00 am","050","Cross Road","Straight road","Level","Not Applicable","Sealed","Wet","Not Raining","Daylight","Right Turn","02","Driver Rider","1: PDO","No Control","","",1328125.9,1669713.44,"13281261669713"
"2012-10452-27/05/2021","2 Metropolitan","CROYDON PARK","5008","CITY OF PORT ADELAIDE ENFIELD",2,0,0,0,0,2012,"June","Thursday","10:00 am","060","Multiple","Straight road","Level","Not Applicable","Sealed","Dry","Not Raining","Daylight","Right Angle","01","Driver Rider","1: PDO","Traffic Signals","","",1325626.25,1675122.26,"13256261675122"
"2012-10453-27/05/2021","2 Metropolitan","UNLEY","5061","CITY OF UNLEY",2,0,0,0,0,2012,"June","Thursday","01:20 pm","060","Not Divided","Straight road","Level","Driveway or Entrance","Sealed","Dry","Not Raining","Daylight","Right Angle","01","Driver Rider","1: PDO","No Control","","",1329083.66,1668045.2,"13290841668045"
"2012-10454-27/05/2021","2 Metropolitan","PARA VISTA","5093","CITY OF SALISBURY",2,1,0,0,1,2012,"June","Wednesday","05:30 pm","060","T-Junction","Straight road","Level","Not Applicable","Sealed","Dry","Not Raining","Night","Right Angle","02","Driver Rider","2: MI","No Control","","",1335030.19,1681146.07,"13350301681146"
"2012-10455-27/05/2021","2 Metropolitan","INGLE FARM","5098","CITY OF SALISBURY",2,0,0,0,0,2012,"June","Saturday","05:55 pm","050","Not Divided","CURVED, VIEW OBSCURED","Level","Not Applicable","Sealed","Dry","Not Raining","Night","Hit Parked Vehicle","02","Driver Rider","1: PDO","No Control","Y","",1334436.22,1681978.57,"13344361681979"
"2012-10456-27/05/2021","2 Metropolitan","LOWER MITCHAM","5062","CC MITCHAM.                   ",2,0,0,0,0,2012,"June","Thursday","08:10 am","050","Not Divided","Straight road","Level","Driveway or Entrance","Sealed","Dry","Not Raining","Daylight","Right Angle","02","Driver Rider","1: PDO","No Control","","",1329026.8,1664720.59,"13290271664721"
"2012-10457-27/05/2021","2 Metropolitan","PENNINGTON","5013","CITY OF CHARLES STURT",2,0,0,0,0,2012,"June","Thursday","03:30 am","060","Not Divided","Straight road","Level","Not Applicable","Sealed","Wet","Raining","Night","Hit Parked Vehicle","01","Driver Rider","1: PDO","No Control","","",1322284.79,1678838.98,"13222851678839"
"2012-10458-27/05/2021","3 Country","ANDREWS","5454","NORTHERN AREAS DISTRICT COUNCIL",2,0,0,0,0,2012,"May","Thursday","02:00 pm","100","Not Divided","CURVED, VIEW OBSCURED","Slope","Not Applicable","Unsealed","Dry","Not Raining","Daylight","Hit Fixed Object","01","Driver Rider","1: PDO","No Control","","",1336568.99,1817374.64,"13365691817375"
"2012-10459-27/05/2021","2 Metropolitan","ENFIELD","5085","CITY OF PORT ADELAIDE ENFIELD",2,1,0,0,1,2012,"June","Thursday","01:35 pm","060","T-Junction","Straight road","Bottom of Hill","Not Applicable","Sealed","Dry","Not Raining","Daylight","Right Turn","01","Driver Rider","2: MI","No Control","","",1328844.48,1677690.06,"13288441677690"
"2012-10460-27/05/2021","2 Metropolitan","GEPPS CROSS","5094","CITY OF PORT ADELAIDE ENFIELD",2,0,0,0,0,2012,"June","Thursday","12:30 pm","060","Cross Road","Straight road","Level","Not Applicable","Sealed","Dry","Not Raining","Daylight","Side Swipe","01","Driver Rider","1: PDO","Traffic Signals","","",1330372.74,1679303.24,"13303731679303"
"2012-10461-27/05/2021","2 Metropolitan","WINGFIELD","5013","CITY OF PORT ADELAIDE ENFIELD",2,1,0,0,1,2012,"June","Thursday","02:00 pm","060","Cross Road","Straight road","Level","Not Applicable","Sealed","Dry","Not Raining","Daylight","Rear End","01","Driver Rider","2: MI","Traffic Signals","","",1326390.75,1679153.45,"13263911679153"
"2012-10462-27/05/2021","2 Metropolitan","GLENUNGA","5064","CITY OF BURNSIDE",2,0,0,0,0,2012,"June","Thursday","01:00 pm","060","Divided Road","Straight road","Level","Not Applicable","Sealed","Dry","Not Raining","Daylight","Hit Parked Vehicle","01","Driver Rider","1: PDO","No Control","","",,,
"2012-10463-27/05/2021","2 Metropolitan","WEST HINDMARSH","5007","CITY OF CHARLES STURT",2,0,0,0,0,2012,"June","Thursday","12:15 pm","060","Cross Road","Straight road","Level","Not Applicable","Sealed","Dry","Not Raining","Daylight","Right Angle","02","Driver Rider","1: PDO","Traffic Signals","","",1325423.2,1673149.42,"13254231673149"
"2012-10464-27/05/2021","2 Metropolitan","ELIZABETH SOUTH","5112","CITY OF PLAYFORD.",4,1,0,0,1,2012,"June","Thursday","02:52 pm","060","Divided Road","Straight road","Level","Not Applicable","Sealed","Dry","Not Raining","Daylight","Rear End","01","Driver Rider","2: MI","No Control","","",1334409.31,1690000.53,"13344091690001"
"2012-10465-27/05/2021","2 Metropolitan","CHRISTIE DOWNS","5164","CITY OF ONKAPARINGA",2,1,0,0,1,2012,"June","Thursday","02:25 pm","060","T-Junction","Straight road","Level","Not Applicable","Sealed","Dry","Not Raining","Daylight","Rear End","02","Driver Rider","2: MI","No Control","","",1317619.37,1647436.22,"13176191647436"
"2012-10466-27/05/2021","2 Metropolitan","HACKNEY","5069","CC OF NORWOOD,PAYNEHAM & ST PETERS",2,1,0,0,1,2012,"June","Thursday","09:45 am","060","T-Junction","Straight road","Level","Not Applicable","Sealed","Dry","Not Raining","Daylight","Right Angle","01","Driver Rider","2: MI","No Control","","",1329879.14,1671460.7,"13298791671461"
"2012-10467-27/05/2021","2 Metropolitan","MELROSE PARK","5039","CC MITCHAM.                   ",2,0,0,0,0,2012,"June","Thursday","02:55 pm","060","Cross Road","Straight road","Level","Not Applicable","Sealed","Dry","Not Raining","Daylight","Side Swipe","02","Driver Rider","1: PDO","Stop Sign","","",1325955.48,1663526.45,"13259551663526"
"2012-10468-27/05/2021","2 Metropolitan","NOARLUNGA CENTRE","5168","CITY OF ONKAPARINGA",2,0,0,0,0,2012,"June","Thursday","03:30 pm","050","Not Divided","Straight road","Level","Not Applicable","Sealed","Dry","Not Raining","Daylight","Side Swipe","02","Driver Rider","1: PDO","No Control","","",1318336.13,1647423.6,"13183361647424"
"2012-10469-27/05/2021","2 Metropolitan","NEWTON","5074","CC CAMPBELLTOWN.              ",2,0,0,0,0,2012,"June","Thursday","02:45 pm","060","Cross Road","Straight road","Level","Not Applicable","Sealed","Dry","Not Raining","Daylight","Side Swipe","02","Driver Rider","1: PDO","Traffic Signals","","",1335409.35,1674554.22,"13354091674554"
"2012-10470-27/05/2021","2 Metropolitan","ST MORRIS","5068","CC OF NORWOOD,PAYNEHAM & ST PETERS",2,0,0,0,0,2012,"June","Thursday","05:15 pm","060","T-Junction","Straight road","Level","Not Applicable","Sealed","Dry","Not Raining","Night","Right Angle","02","Driver Rider","1: PDO","No Control","","",1333502.04,1671795.33,"13335021671795"
"2012-10471-27/05/2021","2 Metropolitan","ELIZABETH PARK","5113","CITY OF PLAYFORD.",2,0,0,0,0,2012,"June","Tuesday","03:10 pm","080","Cross Road","Straight road","Level","Not Applicable","Sealed","Dry","Not Raining","Daylight","Rear End","02","Driver Rider","1: PDO","Traffic Signals","","",1336500.9,1694621.89,"13365011694622"
"2012-10472-27/05/2021","2 Metropolitan","GAWLER SOUTH","5118","CT GAWLER.                    ",2,0,0,0,0,2012,"June","Wednesday","04:00 pm","050","T-Junction","Straight road","Level","Not Applicable","Sealed","Dry","Not Raining","Daylight","Right Angle","02","Driver Rider","1: PDO","No Control","","",1342497.39,1705539.35,"13424971705539"
"2012-10473-27/05/2021","2 Metropolitan","HENLEY BEACH SOUTH","5022","CITY OF CHARLES STURT",2,0,0,0,0,2012,"June","Thursday","03:30 pm","050","Pedestrian Crossing","Straight road","Level","Not Applicable","Sealed","Dry","Not Raining","Daylight","Rear End","01","Driver Rider","1: PDO","Traffic Signals","","",1319534.07,1671015.39,"13195341671015"
"2012-10474-27/05/2021","2 Metropolitan","ELIZABETH","5112","CITY OF PLAYFORD.",2,0,0,0,0,2012,"June","Thursday","04:08 pm","050","T-Junction","Straight road","Level","Not Applicable","Sealed","Dry","Not Raining","Daylight","Right Angle","02","Driver Rider","1: PDO","No Control","","",1335228.28,1693030.98,"13352281693031"
"2012-10475-27/05/2021","3 Country","SEDAN","5353","MID MURRAY DISTRICT COUNCIL",2,1,0,1,0,2012,"June","Thursday","10:40 am","100","Not Divided","Straight road","Slope","Not Applicable","Sealed","Dry","Not Raining","Daylight","Hit Fixed Object","01","Driver Rider","3: SI","No Control","","",1399793.76,1717077.66,"13997941717078"
"2012-10476-27/05/2021","2 Metropolitan","WOODVILLE WEST","5011","CITY OF CHARLES STURT",3,0,0,0,0,2012,"June","Thursday","03:48 pm","060","Divided Road","Straight road","Level","Not Applicable","Sealed","Dry","Not Raining","Daylight","Rear End","02","Driver Rider","1: PDO","No Control","","",1322218.91,1676273.17,"13222191676273"
"2012-10477-27/05/2021","2 Metropolitan","CLARENCE GARDENS","5039","CC MITCHAM.                   ",3,0,0,0,0,2012,"June","Thursday","03:15 pm","060","Divided Road","Straight road","Level","Not Applicable","Sealed","Dry","Not Raining","Daylight","Rear End","02","Driver Rider","1: PDO","No Control","","",1325905.24,1665368.64,"13259051665369"
"2012-10478-27/05/2021","2 Metropolitan","ROYSTON PARK","5070","CC OF NORWOOD,PAYNEHAM & ST PETERS",2,0,0,0,0,2012,"June","Monday","10:45 am","060","Not Divided","Straight road","Level","Not Applicable","Sealed","Dry","Not Raining","Daylight","Rear End","01","Driver Rider","1: PDO","No Control","","",,,
"2012-10479-27/05/2021","3 Country","TAILEM BEND","5260","COORONG DISTRICT COUNCIL",2,1,0,0,1,2012,"June","Wednesday","07:45 pm","080","Divided Road","Straight road","Level","Not Applicable","Sealed","Dry","Not Raining","Night","Side Swipe","01","Driver Rider","2: MI","No Control","","",1405226.34,1629901.12,"14052261629901"
"2012-10480-27/05/2021","2 Metropolitan","TEA TREE GULLY","5091","CITY OF TEA TREE GULLY",2,0,0,0,0,2012,"June","Wednesday","07:30 pm","050","T-Junction","CURVED, VIEW OBSCURED","Slope","Not Applicable","Sealed","Dry","Not Raining","Night","Hit Fixed Object","01","Driver Rider","1: PDO","No Control","","",1340241.25,1681682.71,"13402411681683"
"2012-10481-27/05/2021","2 Metropolitan","MCLAREN VALE","5171","CITY OF ONKAPARINGA",2,0,0,0,0,2012,"June","Thursday","02:45 pm","050","Not Divided","Straight road","Level","Not Applicable","Sealed","Dry","Not Raining","Daylight","Right Turn","02","Driver Rider","1: PDO","No Control","","",1321787.08,1638776.67,"13217871638777"
"2012-10482-27/05/2021","2 Metropolitan","MOUNT BARKER","5251","DC MT.BARKER.                 ",2,0,0,0,0,2012,"June","Thursday","01:15 pm","050","Not Divided","Straight road","Level","Not Applicable","Sealed","Dry","Not Raining","Daylight","Right Angle","01","Driver Rider","1: PDO","No Control","","",1351789.62,1654318.42,"13517901654318"
"2012-10483-27/05/2021","2 Metropolitan","MORPHETT VALE","5162","CITY OF ONKAPARINGA",3,0,0,0,0,2012,"June","Thursday","05:30 pm","080","T-Junction","CURVED, VIEW OPEN","Level","Not Applicable","Sealed","Wet","Raining","Night","Rear End","01","Driver Rider","1: PDO","Roundabout","","",1319650.97,1650821.49,"13196511650821"
"2012-10484-27/05/2021","1 City","ADELAIDE","5000","CITY OF ADELAIDE",2,0,0,0,0,2012,"June","Thursday","06:00 pm","050","Divided Road","Straight road","Level","Not Applicable","Sealed","Dry","Not Raining","Night","Side Swipe","02","Driver Rider","1: PDO","No Control","","",1329578.09,1670459.78,"13295781670460"
"2012-10485-27/05/2021","2 Metropolitan","ELIZABETH WEST","5113","CITY OF PLAYFORD.",2,2,0,0,2,2012,"June","Thursday","03:35 pm","050","T-Junction","Straight road","Level","Not Applicable","Sealed","Dry","Not Raining","Daylight","Right Angle","02","Driver Rider","2: MI","No Control","","",1334552.92,1695064.03,"13345531695064"
"2012-10486-27/05/2021","2 Metropolitan","HAMPSTEAD GARDENS","5086","CITY OF PORT ADELAIDE ENFIELD",2,0,0,0,0,2012,"June","Thursday","04:00 pm","060","T-Junction","Straight road","Level","Not Applicable","Sealed","Dry","Not Raining","Daylight","Right Turn","02","Driver Rider","1: PDO","Stop Sign","","",1331523.2,1676587.57,"13315231676588"
"2012-10487-27/05/2021","1 City","ADELAIDE","5000","CITY OF ADELAIDE",2,1,0,0,1,2012,"June","Thursday","06:30 pm","050","Divided Road","Straight road","Level","Not Applicable","Sealed","Dry","Not Raining","Night","Hit Pedestrian","02","Pedestrian","2: MI","No Control","","",1328506.69,1669694.69,"13285071669695"
"2012-10488-27/05/2021","2 Metropolitan","PARADISE","5075","CC CAMPBELLTOWN.              ",2,0,0,0,0,2012,"June","Thursday","06:45 pm","060","T-Junction","CURVED, VIEW OPEN","Level","Not Applicable","Sealed","Dry","Not Raining","Night","Right Turn","01","Driver Rider","1: PDO","Traffic Signals","","",1334567.97,1675903.26,"13345681675903"
"2012-10489-27/05/2021","2 Metropolitan","HAWTHORN","5062","CC MITCHAM.                   ",2,1,0,0,1,2012,"June","Thursday","05:40 pm","040","Cross Road","Straight road","Slope","Not Applicable","Sealed","Dry","Not Raining","Night","Hit Pedestrian","02","Pedestrian","2: MI","Stop Sign","","",1328735.4,1665334.75,"13287351665335"
"2012-10490-27/05/2021","2 Metropolitan","PARK HOLME","5043","CC MARION.                    ",3,0,0,0,0,2012,"June","Thursday","05:10 pm","060","T-Junction","Straight road","Level","Not Applicable","Sealed","Dry","Not Raining","Daylight","Rear End","01","Driver Rider","1: PDO","No Control","","",1324287.88,1664531.59,"13242881664532"
"2012-10491-27/05/2021","2 Metropolitan","INGLE FARM","5098","CITY OF SALISBURY",2,0,0,0,0,2012,"June","Thursday","06:05 pm","060","Divided Road","Straight road","Slope","Not Applicable","Sealed","Dry","Not Raining","Night","Side Swipe","02","Driver Rider","1: PDO","No Control","","",1333037.4,1681440.38,"13330371681440"
"2012-10492-27/05/2021","2 Metropolitan","POORAKA","5095","CITY OF SALISBURY",2,0,0,0,0,2012,"June","Thursday","06:30 pm","070","T-Junction","Straight road","Level","Unknown","Sealed","Dry","Not Raining","Night","Rear End","01","Driver Rider","1: PDO","Traffic Signals","","",1329917.43,1680996.65,"13299171680997"
"2012-10493-27/05/2021","3 Country","MOUNT COMPASS","5210","ALEXANDRINA COUNCIL",3,1,0,0,1,2012,"June","Thursday","05:45 pm","060","T-Junction","Straight road","Level","Not Applicable","Sealed","Wet","Raining","Night","Rear End","01","Driver Rider","2: MI","No Control","","",1328902.67,1623507.59,"13289031623508"
"2012-10494-27/05/2021","2 Metropolitan","UNLEY","5063","CITY OF UNLEY",2,1,0,0,1,2012,"June","Thursday","06:45 pm","060","Cross Road","Straight road","Level","Not Applicable","Sealed","Dry","Not Raining","Night","Right Turn","01","Driver Rider","2: MI","Stop Sign","","",1329069.58,1668563.26,"13290701668563"
"2012-10495-27/05/2021","2 Metropolitan","HOVE","5048","CITY OF HOLDFAST BAY",2,0,0,0,0,2012,"June","Thursday","05:00 am","060","Not Divided","Straight road","Level","Not Applicable","Sealed","Wet","Raining","Night","Hit Fixed Object","01","Driver Rider","1: PDO","No Control","","",,,
"2012-10496-27/05/2021","1 City","ADELAIDE","5000","CITY OF ADELAIDE",2,1,0,0,1,2012,"June","Friday","02:30 am","060","Divided Road","CURVED, VIEW OPEN","Level","Not Applicable","Sealed","Dry","Not Raining","Night","Hit Fixed Object","01","Driver Rider","2: MI","No Control","","",1326653.85,1671489.04,"13266541671489"
"2012-10497-27/05/2021","2 Metropolitan","HAWTHORN","5062","CC MITCHAM.                   ",3,0,0,0,0,2012,"June","Thursday","09:30 am","060","T-Junction","Straight road","Level","Not Applicable","Sealed","Dry","Not Raining","Daylight","Rear End","01","Driver Rider","1: PDO","No Control","","",1329142.13,1666046.64,"13291421666047"
"2012-10498-27/05/2021","2 Metropolitan","OSBORNE","5017","CITY OF PORT ADELAIDE ENFIELD",2,1,0,0,1,2012,"June","Friday","06:10 am","050","Rail Crossing","Straight road","Level","Road hump or Slow point","Sealed","Dry","Not Raining","Night","Side Swipe","02","Driver Rider","2: MI","Rail Xing - Boom","","",1320232.75,1686025.15,"13202331686025"
"2012-10499-27/05/2021","2 Metropolitan","SHEIDOW PARK","5158","CC MARION.                    ",2,0,0,0,0,2012,"June","Thursday","05:35 pm","080","Divided Road","Straight road","Level","Driveway or Entrance","Sealed","Dry","Not Raining","Night","Rear End","02","Driver Rider","1: PDO","No Control","","",1320445.5,1654009.09,"13204461654009"
"2012-10500-27/05/2021","3 Country","MOUNT GAMBIER","5290","CC MT.GAMBIER.                ",2,0,0,0,0,2012,"June","Thursday","01:50 pm","050","Cross Road","Straight road","Level","Not Applicable","Sealed","Wet","Raining","Daylight","Right Angle","02","Driver Rider","1: PDO","Traffic Signals","","",1510265.16,1340122.24,"15102651340122"
"2012-10501-27/05/2021","2 Metropolitan","MAWSON LAKES","5095","CITY OF SALISBURY",2,0,0,0,0,2012,"June","Thursday","05:30 pm","060","Not Divided","Straight road","Level","Driveway or Entrance","Sealed","Dry","Not Raining","Night","Right Angle","01","Driver Rider","1: PDO","No Control","","",1329620.78,1682042.06,"13296211682042"
"2012-10502-27/05/2021","2 Metropolitan","PROSPECT","5082","CITY OF PROSPECT",2,1,0,0,1,2012,"June","Friday","08:00 am","060","T-Junction","Straight road","Level","Not Applicable","Sealed","Dry","Not Raining","Daylight","Side Swipe","02","Driver Rider","2: MI","No Control","","",1327229.68,1676659.61,"13272301676660"
"2012-10503-27/05/2021","2 Metropolitan","BEDFORD PARK","5042","CC MARION.                    ",1,1,0,0,1,2012,"June","Thursday","01:50 pm","070","Divided Road","Straight road","Level","Not Applicable","Sealed","Dry","Not Raining","Daylight","Roll Over","01","Driver Rider","2: MI","No Control","","",,,
"2012-10504-27/05/2021","2 Metropolitan","WEST HINDMARSH","5007","CITY OF CHARLES STURT",2,0,0,0,0,2012,"June","Friday","08:15 am","060","Cross Road","Straight road","Level","Not Applicable","Sealed","Dry","Not Raining","Daylight","Rear End","02","Driver Rider","1: PDO","Traffic Signals","","",1325467.16,1673137.63,"13254671673138"
"2012-10505-27/05/2021","2 Metropolitan","PENFIELD","5121","CITY OF PLAYFORD.",2,0,0,0,0,2012,"June","Friday","08:30 am","060","Cross Road","Straight road","Level","Not Applicable","Sealed","Dry","Not Raining","Daylight","Right Angle","01","Driver Rider","1: PDO","Stop Sign","","",1334450.71,1695787.2,"13344511695787"
"2012-10506-27/05/2021","2 Metropolitan","PARALOWIE","5108","CITY OF SALISBURY",2,1,0,0,1,2012,"June","Friday","08:35 am","050","Not Divided","Straight road","Level","Not Applicable","Sealed","Dry","Not Raining","Daylight","Head On","02","Driver Rider","2: MI","No Control","","",1330938.43,1689935.49,"13309381689935"
"2012-10507-27/05/2021","2 Metropolitan","GAWLER SOUTH","5118","CT GAWLER.                    ",2,0,0,0,0,2012,"June","Friday","08:55 am","050","T-Junction","CURVED, VIEW OPEN","Level","Not Applicable","Sealed","Dry","Not Raining","Daylight","Right Angle","02","Driver Rider","1: PDO","No Control","","",1343372.58,1705500.37,"13433731705500"
"2012-10508-27/05/2021","2 Metropolitan","NORTHFIELD","5085","CITY OF PORT ADELAIDE ENFIELD",2,0,0,0,0,2012,"June","Friday","07:40 am","060","T-Junction","Straight road","Level","Not Applicable","Sealed","Dry","Not Raining","Daylight","Rear End","02","Driver Rider","1: PDO","Traffic Signals","","",1330407.78,1678042.15,"13304081678042"
"2012-10509-27/05/2021","2 Metropolitan","GEPPS CROSS","5094","CITY OF PORT ADELAIDE ENFIELD",2,0,0,0,0,2012,"June","Thursday","05:55 pm","060","Multiple","Straight road","Level","Not Applicable","Sealed","Dry","Not Raining","Night","Rear End","02","Driver Rider","1: PDO","Traffic Signals","","",1328802.51,1679265.44,"13288031679265"
"2012-10510-27/05/2021","2 Metropolitan","TORRENSVILLE","5031","CITY OF WEST TORRENS",2,0,0,0,0,2012,"June","Thursday","03:15 pm","060","Divided Road","Straight road","Level","Not Applicable","Sealed","Dry","Not Raining","Daylight","Side Swipe","01","Driver Rider","1: PDO","No Control","","",1325750.4,1671062.44,"13257501671062"
"2012-10511-27/05/2021","2 Metropolitan","KLEMZIG","5087","CITY OF PORT ADELAIDE ENFIELD",2,0,0,0,0,2012,"June","Friday","10:00 am","050","Not Divided","Straight road","Level","Not Applicable","Sealed","Dry","Not Raining","Daylight","Rear End","02","Driver Rider","1: PDO","No Control","","",,,
"2012-10512-27/05/2021","2 Metropolitan","NETLEY","5037","CITY OF WEST TORRENS",2,0,0,0,0,2012,"June","Friday","04:40 am","060","Cross Road","Straight road","Level","Not Applicable","Sealed","Dry","Not Raining","Night","Side Swipe","02","Driver Rider","1: PDO","Traffic Signals","","",1324175.41,1668902.48,"13241751668902"