"REPORT_ID","Stats Area","Suburb","Postcode","LGA Name","Total Units","Total Cas","Total Fats","Total SI","Total MI","Year","Month","Day","Time","Area Speed","Position Type","Horizontal Align","Vertical Align","Other Feat","Road Surface","Moisture Cond","Weather Cond","DayNight","Crash Type","Unit Resp","Entity Code","CSEF Severity","Traffic Ctrls","DUI Involved","Drugs Involved","ACCLOC_X","ACCLOC_Y","UNIQUE_LOC"
"2012-12340-27/05/2021","2 Metropolitan","GEPPS CROSS","5094","CITY OF PORT ADELAIDE ENFIELD",2,0,0,0,0,2012,"July","Friday","06:30 pm","060","Multiple","Straight road","Level","Not Applicable","Sealed","Wet","Not Raining","Night","Side Swipe","02","Driver Rider","1: PDO","Traffic Signals","","",1328802.51,1679265.44,"13288031679265"
"2012-12341-27/05/2021","2 Metropolitan","WEST CROYDON","5008","CITY OF CHARLES STURT",2,0,0,0,0,2012,"July","Friday","05:15 pm","050","T-Junction","CURVED, VIEW OPEN","Level","Not Applicable","Sealed","Dry","Not Raining","Daylight","Head On","01","Driver Rider","1: PDO","No Control","","",1324820.19,1675607.74,"13248201675608"
"2012-12342-27/05/2021","2 Metropolitan","WEST BEACH","5024","CITY OF WEST TORRENS",2,0,0,0,0,2012,"July","Thursday","09:30 pm","080","Cross Road","Straight road","Level","Not Applicable","Sealed","Dry","Not Raining","Night","Hit Fixed Object","01","Driver Rider","1: PDO","Traffic Signals","","",1320929.56,1668827.66,"13209301668828"
"2012-12343-27/05/2021","2 Metropolitan","SOMERTON PARK","5044","CITY OF HOLDFAST BAY",2,0,0,0,0,2012,"July","Friday","05:15 pm","050","Not Divided","Straight road","Level","Not Applicable","Sealed","Dry","Not Raining","Daylight","Hit Fixed Object","01","Driver Rider","1: PDO","No Control","","",1321746.97,1662691.17,"13217471662691"
"2012-12344-27/05/2021","2 Metropolitan","WALKERVILLE","5081","WALKERVILLE TOWN COUNCIL",2,1,0,0,1,2012,"July","Friday","07:15 pm","060","Cross Road","Straight road","Level","Not Applicable","Sealed","Wet","Raining","Night","Rear End","02","Driver Rider","2: MI","Traffic Signals","","",1329488.84,1674243.03,"13294891674243"
"2012-12345-27/05/2021","2 Metropolitan","PARAFIELD","5106","CITY OF SALISBURY",2,0,0,0,0,2012,"July","Friday","06:10 pm","080","Cross Road","Straight road","Level","Not Applicable","Sealed","Dry","Not Raining","Night","Right Turn","02","Driver Rider","1: PDO","Traffic Signals","","",1331812.14,1683486.03,"13318121683486"
"2012-12346-27/05/2021","2 Metropolitan","ELIZABETH DOWNS","5113","CITY OF PLAYFORD.",2,1,0,0,1,2012,"July","Friday","06:40 pm","080","Divided Road","Straight road","Level","Not Applicable","Sealed","Wet","Raining","Night","Rear End","01","Driver Rider","2: MI","No Control","","",1337575.82,1696529.41,"13375761696529"
"2012-12347-27/05/2021","3 Country","LOWER LIGHT","5501","DC MALLALA.                   ",2,0,0,0,0,2012,"July","Friday","06:00 pm","110","Divided Road","Straight road","Level","Not Applicable","Sealed","Wet","Raining","Night","Rear End","01","Driver Rider","1: PDO","No Control","","",1312925.8,1717036.43,"13129261717036"
"2012-12348-27/05/2021","2 Metropolitan","PARA HILLS","5096","CITY OF SALISBURY",2,0,0,0,0,2012,"July","Friday","06:50 pm","050","Not Divided","CURVED, VIEW OPEN","Slope","Not Applicable","Sealed","Wet","Raining","Night","Hit Object on Road","01","Driver Rider","1: PDO","No Control","","",1334134.05,1683438.89,"13341341683439"
"2012-12349-27/05/2021","2 Metropolitan","KLEMZIG","5087","CITY OF PORT ADELAIDE ENFIELD",3,0,0,0,0,2012,"July","Friday","08:35 pm","050","Not Divided","Straight road","Level","Not Applicable","Sealed","Wet","Raining","Night","Hit Fixed Object","01","Driver Rider","1: PDO","No Control","","",1332593.18,1675988.95,"13325931675989"
"2012-12350-27/05/2021","2 Metropolitan","MORPHETT VALE","5162","CITY OF ONKAPARINGA",2,1,0,0,1,2012,"July","Friday","10:00 pm","060","T-Junction","Straight road","Level","Not Applicable","Sealed","Wet","Not Raining","Night","Right Turn","02","Driver Rider","2: MI","No Control","","",1321954.57,1649079.58,"13219551649080"
"2012-12351-27/05/2021","2 Metropolitan","ASHFORD","5035","CITY OF WEST TORRENS",2,1,0,0,1,2012,"July","Friday","10:40 pm","060","Divided Road","Straight road","Level","Median Opening (not at I/S)","Sealed","Unknown","Not Raining","Night","Rear End","01","Driver Rider","2: MI","No Control","","",,,
"2012-12352-27/05/2021","2 Metropolitan","HALLETT COVE","5158","CC MARION.                    ",2,0,0,0,0,2012,"July","Friday","11:15 pm","080","T-Junction","Straight road","Level","Not Applicable","Sealed","Wet","Unknown","Night","Hit Fixed Object","01","Driver Rider","1: PDO","No Control","","",1321397.67,1654925.18,"13213981654925"
"2012-12353-27/05/2021","3 Country","STRATHALBYN","5255","ALEXANDRINA COUNCIL",2,1,0,0,1,2012,"July","Friday","03:55 pm","100","Not Divided","CURVED, VIEW OBSCURED","Level","Not Applicable","Unsealed","Wet","Not Raining","Daylight","Head On","02","Driver Rider","2: MI","No Control","","",,,
"2012-12354-27/05/2021","2 Metropolitan","EDWARDSTOWN","5039","CC MARION.                    ",1,1,0,1,0,2012,"July","Friday","09:20 pm","050","Not Divided","Straight road","Level","Not Applicable","Sealed","Unknown","Unknown","Night","Other","01","Driver Rider","3: SI","No Control","","",1325676.66,1665485.36,"13256771665485"
"2012-12355-27/05/2021","2 Metropolitan","MAWSON LAKES","5095","CITY OF SALISBURY",2,1,0,0,1,2012,"July","Saturday","06:15 am","070","Cross Road","Straight road","Level","Not Applicable","Sealed","Wet","Not Raining","Night","Right Angle","01","Driver Rider","2: MI","Traffic Signals","","",1329566.06,1684422.81,"13295661684423"
"2012-12356-27/05/2021","2 Metropolitan","LARGS NORTH","5016","CITY OF PORT ADELAIDE ENFIELD",3,0,0,0,0,2012,"July","Saturday","05:45 am","050","Not Divided","CURVED, VIEW OPEN","Level","Not Applicable","Sealed","Wet","Not Raining","Night","Hit Fixed Object","01","Driver Rider","1: PDO","No Control","Y","",,,
"2012-12357-27/05/2021","2 Metropolitan","PROSPECT","5082","CITY OF PROSPECT",2,0,0,0,0,2012,"July","Friday","06:30 pm","060","Cross Road","Straight road","Level","Not Applicable","Sealed","Dry","Not Raining","Night","Rear End","01","Driver Rider","1: PDO","Traffic Signals","","",1328059.62,1676423.15,"13280601676423"
"2012-12358-27/05/2021","2 Metropolitan","MILE END","5031","CITY OF WEST TORRENS",2,0,0,0,0,2012,"July","Friday","04:00 pm","060","Not Divided","Straight road","Level","Not Applicable","Sealed","Dry","Not Raining","Daylight","Side Swipe","02","Driver Rider","1: PDO","No Control","","",,,
"2012-12359-27/05/2021","1 City","ADELAIDE","5000","CITY OF ADELAIDE",2,0,0,0,0,2012,"July","Friday","08:30 pm","050","Not Divided","Straight road","Level","Not Applicable","Sealed","Dry","Not Raining","Night","Side Swipe","01","Driver Rider","1: PDO","No Control","","",1328984.33,1669585.48,"13289841669585"
"2012-12360-27/05/2021","3 Country","CURRENCY CREEK","5214","ALEXANDRINA COUNCIL",2,0,0,0,0,2012,"July","Friday","09:10 pm","100","Multiple","Straight road","Level","Not Applicable","Sealed","Wet","Raining","Night","Hit Fixed Object","01","Driver Rider","1: PDO","Give Way Sign","","",1340892.02,1610883.77,"13408921610884"
"2012-12361-27/05/2021","3 Country","LOXTON","5333","LOXTON WAIKERIE DISTRICT COUNCIL",1,1,0,0,1,2012,"July","Friday","07:00 pm","060","T-Junction","CURVED, VIEW OPEN","Level","Not Applicable","Sealed","Dry","Not Raining","Night","Roll Over","01","Driver Rider","2: MI","No Control","","",1511887.27,1716172.39,"15118871716172"
"2012-12362-27/05/2021","2 Metropolitan","INGLE FARM","5098","CITY OF SALISBURY",2,0,0,0,0,2012,"July","Friday","08:10 pm","050","Not Divided","Straight road","Level","Not Applicable","Sealed","Dry","Not Raining","Night","Hit Parked Vehicle","02","Driver Rider","1: PDO","No Control","","",1331979.16,1681129.96,"13319791681130"
"2012-12363-27/05/2021","2 Metropolitan","SALISBURY SOUTH","5106","CITY OF SALISBURY",3,0,0,0,0,2012,"July","Friday","04:00 pm","070","Cross Road","Straight road","Level","Not Applicable","Sealed","Dry","Not Raining","Daylight","Rear End","01","Driver Rider","1: PDO","Traffic Signals","","",1332370.05,1686105.3,"13323701686105"
"2012-12364-27/05/2021","2 Metropolitan","MYRTLE BANK","5064","CITY OF UNLEY",2,0,0,0,0,2012,"July","Saturday","09:30 am","060","T-Junction","Straight road","Level","Not Applicable","Sealed","Wet","Not Raining","Daylight","Right Turn","01","Driver Rider","1: PDO","Traffic Signals","","",1330752.74,1666735.72,"13307531666736"
"2012-12365-27/05/2021","2 Metropolitan","LOCKLEYS","5032","CITY OF WEST TORRENS",2,0,0,0,0,2012,"July","Friday","02:00 pm","060","Cross Road","Straight road","Level","Not Applicable","Sealed","Wet","Raining","Daylight","Rear End","02","Driver Rider","1: PDO","Traffic Signals","","",1320912.02,1669966.83,"13209121669967"
"2012-12366-27/05/2021","2 Metropolitan","WALKERVILLE","5081","WALKERVILLE TOWN COUNCIL",2,1,0,0,1,2012,"July","Saturday","09:40 am","060","Divided Road","Straight road","Level","Driveway or Entrance","Sealed","Wet","Unknown","Daylight","Right Angle","01","Driver Rider","2: MI","No Control","","",1330040.9,1674837.87,"13300411674838"
"2012-12367-27/05/2021","2 Metropolitan","FINDON","5023","CITY OF CHARLES STURT",2,0,0,0,0,2012,"July","Saturday","10:50 am","060","Cross Road","Straight road","Level","Not Applicable","Sealed","Dry","Not Raining","Daylight","Rear End","01","Driver Rider","1: PDO","Traffic Signals","","",1322374.99,1674726.87,"13223751674727"
"2012-12368-27/05/2021","2 Metropolitan","GLYNDE","5070","CC OF NORWOOD,PAYNEHAM & ST PETERS",2,0,0,0,0,2012,"July","Friday","05:13 pm","060","Cross Road","Straight road","Level","Not Applicable","Sealed","Dry","Not Raining","Daylight","Side Swipe","02","Driver Rider","1: PDO","Traffic Signals","","",1333785.54,1674516.59,"13337861674517"
"2012-12369-27/05/2021","2 Metropolitan","KINGSWOOD","5062","CC MITCHAM.                   ",2,0,0,0,0,2012,"July","Friday","05:00 pm","060","Cross Road","Straight road","Level","Not Applicable","Sealed","Wet","Not Raining","Daylight","Rear End","01","Driver Rider","1: PDO","Traffic Signals","","",1329136.22,1666247.3,"13291361666247"
"2012-12370-27/05/2021","2 Metropolitan","GREENHILL","5140","THE ADELAIDE HILLS COUNCIL",2,0,0,0,0,2012,"July","Friday","12:00 pm","080","T-Junction","Straight road","Slope","Not Applicable","Sealed","Dry","Not Raining","Daylight","Rear End","01","Driver Rider","1: PDO","No Control","","",1337725.57,1667067.91,"13377261667068"
"2012-12371-27/05/2021","3 Country","MOUNT GAMBIER","5290","CC MT.GAMBIER.                ",2,1,0,0,1,2012,"July","Friday","01:55 pm","050","Not Divided","Straight road","Level","Not Applicable","Sealed","Dry","Not Raining","Daylight","Rear End","02","Driver Rider","2: MI","No Control","","",1510572.79,1339979.61,"15105731339980"
"2012-12372-27/05/2021","2 Metropolitan","HOLDEN HILL","5088","CITY OF TEA TREE GULLY",3,0,0,0,0,2012,"July","Saturday","11:10 am","050","T-Junction","Straight road","Level","Not Applicable","Sealed","Wet","Not Raining","Daylight","Right Turn","02","Driver Rider","1: PDO","No Control","","",1334781.17,1678173.7,"13347811678174"
"2012-12373-27/05/2021","2 Metropolitan","FLAGSTAFF HILL","5158","CITY OF ONKAPARINGA",2,0,0,0,0,2012,"July","Saturday","11:30 am","080","Divided Road","CURVED, VIEW OBSCURED","Bottom of Hill","Not Applicable","Sealed","Wet","Not Raining","Daylight","Rear End","01","Driver Rider","1: PDO","No Control","","",,,
"2012-12374-27/05/2021","1 City","ADELAIDE","5000","CITY OF ADELAIDE",2,0,0,0,0,2012,"July","Saturday","09:42 am","050","Cross Road","Straight road","Level","Not Applicable","Sealed","Wet","Raining","Daylight","Right Turn","01","Driver Rider","1: PDO","Traffic Signals","","",1329020.75,1670840.55,"13290211670841"
"2012-12375-27/05/2021","2 Metropolitan","ELIZABETH PARK","5113","CITY OF PLAYFORD.",2,0,0,0,0,2012,"July","Saturday","11:50 am","080","Cross Road","Straight road","Level","Not Applicable","Sealed","Dry","Not Raining","Daylight","Rear End","02","Driver Rider","1: PDO","Traffic Signals","","",1335998.94,1693731.34,"13359991693731"
"2012-12376-27/05/2021","2 Metropolitan","DARLINGTON","5047","CC MARION.                    ",2,0,0,0,0,2012,"July","Saturday","12:00 pm","080","Divided Road","CURVED, VIEW OBSCURED","Bottom of Hill","Not Applicable","Sealed","Wet","Raining","Daylight","Side Swipe","02","Driver Rider","1: PDO","No Control","","",,,
"2012-12377-27/05/2021","1 City","ADELAIDE","5000","CITY OF ADELAIDE",2,0,0,0,0,2012,"July","Saturday","11:40 am","050","Not Divided","Straight road","Level","Not Applicable","Sealed","Dry","Not Raining","Daylight","Hit Parked Vehicle","02","Driver Rider","1: PDO","No Control","","",1327696.16,1670088.9,"13276961670089"
"2012-12378-27/05/2021","3 Country","WOODSIDE","5244","THE ADELAIDE HILLS COUNCIL",2,0,0,0,0,2012,"July","Friday","05:45 pm","080","Not Divided","Unknown","Unknown","Unknown","Sealed","Dry","Not Raining","Night","Hit Animal","02","Animal","1: PDO","No Control","","",,,
"2012-12379-27/05/2021","2 Metropolitan","CRAIGBURN FARM","5051","CC MITCHAM.                   ",2,0,0,0,0,2012,"July","Friday","10:30 pm","060","Cross Road","Straight road","Level","Not Applicable","Sealed","Wet","Raining","Night","Hit Fixed Object","01","Driver Rider","1: PDO","Roundabout","","",1329847.63,1658105.91,"13298481658106"
"2012-12380-27/05/2021","2 Metropolitan","ROSEWORTHY","5371","LIGHT REGIONAL COUNCIL",2,4,0,0,4,2012,"July","Saturday","11:15 am","100","Not Divided","Straight road","Level","Not Applicable","Sealed","Wet","Raining","Daylight","Hit Fixed Object","01","Driver Rider","2: MI","No Control","","",1343379.65,1711041,"13433801711041"
"2012-12381-27/05/2021","2 Metropolitan","STURT","5047","CC MARION.                    ",2,0,0,0,0,2012,"July","Saturday","01:45 pm","060","Divided Road","Straight road","Level","Not Applicable","Sealed","Dry","Not Raining","Daylight","Rear End","02","Driver Rider","1: PDO","No Control","","",1323954.47,1660661.95,"13239541660662"
"2012-12382-27/05/2021","2 Metropolitan","HALLETT COVE","5158","CC MARION.                    ",2,0,0,0,0,2012,"July","Saturday","11:30 am","050","T-Junction","Straight road","Level","Not Applicable","Sealed","Wet","Raining","Daylight","Rear End","02","Driver Rider","1: PDO","No Control","","",1319718.1,1654121.48,"13197181654121"
"2012-12383-27/05/2021","2 Metropolitan","DAVOREN PARK","5113","CITY OF PLAYFORD.",2,0,0,0,0,2012,"July","Friday","11:00 pm","060","Not Divided","Straight road","Level","Not Applicable","Sealed","Dry","Not Raining","Night","Hit Parked Vehicle","02","Driver Rider","1: PDO","No Control","","",,,
"2012-12384-27/05/2021","2 Metropolitan","MODBURY","5092","CITY OF TEA TREE GULLY",2,1,0,0,1,2012,"July","Wednesday","07:00 am","060","Cross Road","Straight road","Level","Not Applicable","Sealed","Dry","Not Raining","Night","Rear End","02","Driver Rider","2: MI","Roundabout","","",1336881.64,1680619.77,"13368821680620"
"2012-12385-27/05/2021","2 Metropolitan","GLENELG","5045","CITY OF HOLDFAST BAY",2,1,0,0,1,2012,"July","Saturday","10:20 am","060","T-Junction","Straight road","Level","Not Applicable","Sealed","Wet","Unknown","Daylight","Right Turn","01","Driver Rider","2: MI","No Control","","",1321023.33,1664755.02,"13210231664755"
"2012-12386-27/05/2021","2 Metropolitan","MCLAREN VALE","5171","CITY OF ONKAPARINGA",2,0,0,0,0,2012,"July","Saturday","12:21 pm","080","Not Divided","Straight road","Crest of Hill","Driveway or Entrance","Sealed","Wet","Raining","Daylight","Side Swipe","02","Driver Rider","1: PDO","No Control","","",1321510.39,1641773.19,"13215101641773"
"2012-12387-27/05/2021","3 Country","LAMEROO","5302","SOUTHERN MALLEE DISTRICT COUNCIL",1,0,0,0,0,2012,"July","Saturday","01:30 pm","060","Not Divided","Straight road","Level","Not Applicable","Unsealed","Wet","Raining","Daylight","Roll Over","01","Driver Rider","1: PDO","No Control","","",1492911.92,1606223.35,"14929121606223"
"2012-12388-27/05/2021","2 Metropolitan","BUGLE RANGES","5251","DC MT.BARKER.                 ",2,1,0,0,1,2012,"July","Saturday","01:30 pm","100","Not Divided","CURVED, VIEW OBSCURED","Slope","Not Applicable","Unsealed","Wet","Not Raining","Daylight","Hit Fixed Object","01","Driver Rider","2: MI","No Control","","",1351562.4,1647481.05,"13515621647481"
"2012-12389-27/05/2021","2 Metropolitan","HALLETT COVE","5158","CC MARION.                    ",2,0,0,0,0,2012,"July","Saturday","02:00 pm","050","Not Divided","Straight road","Level","Driveway or Entrance","Sealed","Dry","Not Raining","Daylight","Hit Parked Vehicle","01","Driver Rider","1: PDO","No Control","","",1319809.76,1653677.13,"13198101653677"
"2012-12390-27/05/2021","2 Metropolitan","SEATON","5023","CITY OF CHARLES STURT",2,0,0,0,0,2012,"July","Saturday","02:50 pm","050","Not Divided","Straight road","Level","Driveway or Entrance","Sealed","Dry","Not Raining","Daylight","Side Swipe","01","Driver Rider","1: PDO","No Control","","",1321317.26,1673711.56,"13213171673712"
"2012-12391-27/05/2021","2 Metropolitan","SMITHFIELD","5114","CITY OF PLAYFORD.",2,0,0,0,0,2012,"July","Saturday","04:30 am","080","Cross Road","Straight road","Level","Not Applicable","Sealed","Wet","Raining","Night","Right Angle","01","Driver Rider","1: PDO","Traffic Signals","","",1337639.53,1696642.01,"13376401696642"
"2012-12392-27/05/2021","2 Metropolitan","KENSINGTON GARDENS","5068","CITY OF BURNSIDE",2,1,0,1,0,2012,"July","Friday","08:45 pm","060","Not Divided","Straight road","Level","Not Applicable","Sealed","Wet","Not Raining","Night","Hit Fixed Object","01","Driver Rider","3: SI","No Control","","",1334454.32,1670476.6,"13344541670477"
"2012-12393-27/05/2021","2 Metropolitan","REYNELLA","5161","CITY OF ONKAPARINGA",2,0,0,0,0,2012,"July","Saturday","02:30 pm","050","T-Junction","Straight road","Level","Not Applicable","Sealed","Dry","Not Raining","Daylight","Hit Fixed Object","01","Driver Rider","1: PDO","No Control","","",1321405.78,1652009.1,"13214061652009"
"2012-12394-27/05/2021","3 Country","SUTTONTOWN","5291","DISTRICT COUNCIL OF GRANT",2,0,0,0,0,2012,"July","Saturday","05:22 pm","050","Not Divided","Straight road","Level","Driveway or Entrance","Sealed","Wet","Not Raining","Night","Right Angle","02","Driver Rider","1: PDO","No Control","","",,,
"2012-12395-27/05/2021","2 Metropolitan","BROOKLYN PARK","5032","CITY OF WEST TORRENS",2,0,0,0,0,2012,"July","Saturday","05:40 pm","060","T-Junction","Straight road","Level","Not Applicable","Sealed","Dry","Not Raining","Night","Side Swipe","02","Driver Rider","1: PDO","Traffic Signals","","",1324111.77,1670938.51,"13241121670939"
"2012-12396-27/05/2021","3 Country","STIRLING NORTH","5710","CC PT.AUGUSTA.                ",2,0,0,0,0,2012,"July","Saturday","04:30 pm","110","T-Junction","CURVED, VIEW OPEN","Level","Not Applicable","Sealed","Wet","Raining","Daylight","Hit Fixed Object","01","Driver Rider","1: PDO","Stop Sign","","",1264499.93,1938917.89,"12645001938918"
"2012-12397-27/05/2021","2 Metropolitan","POORAKA","5095","CITY OF SALISBURY",2,0,0,0,0,2012,"July","Saturday","05:45 pm","070","T-Junction","Straight road","Level","Unknown","Sealed","Dry","Not Raining","Night","Right Angle","02","Driver Rider","1: PDO","No Control","","",1331417.52,1681811.54,"13314181681812"
"2012-12398-27/05/2021","2 Metropolitan","WEST HINDMARSH","5007","CITY OF CHARLES STURT",2,1,0,0,1,2012,"July","Saturday","04:50 pm","060","Cross Road","Straight road","Level","Not Applicable","Sealed","Dry","Not Raining","Daylight","Right Turn","02","Driver Rider","2: MI","Traffic Signals","","",1325465.32,1673127.77,"13254651673128"
"2012-12399-27/05/2021","2 Metropolitan","SALISBURY PLAIN","5109","CITY OF SALISBURY",2,0,0,0,0,2012,"July","Saturday","05:45 pm","080","Cross Road","Straight road","Level","Not Applicable","Sealed","Dry","Not Raining","Night","Rear End","02","Driver Rider","1: PDO","Traffic Signals","","",1335452.41,1688124.93,"13354521688125"
"2012-12400-27/05/2021","2 Metropolitan","MYLOR","5153","DC MT.BARKER.                 ",2,0,0,0,0,2012,"July","Saturday","01:45 pm","080","Not Divided","Straight road","Level","Driveway or Entrance","Sealed","Dry","Not Raining","Daylight","Right Angle","02","Driver Rider","1: PDO","No Control","","",1343391.76,1656745.83,"13433921656746"
"2012-12401-27/05/2021","3 Country","MOUNT GAMBIER","5290","CC MT.GAMBIER.                ",2,0,0,0,0,2012,"July","Saturday","04:25 pm","060","Not Divided","Straight road","Level","Not Applicable","Sealed","Wet","Not Raining","Daylight","Hit Fixed Object","01","Driver Rider","1: PDO","No Control","","",1509829.52,1342260.44,"15098301342260"
"2012-12402-27/05/2021","2 Metropolitan","FULLARTON","5063","CITY OF UNLEY",2,0,0,0,0,2012,"July","Saturday","06:00 pm","060","Not Divided","Straight road","Level","Driveway or Entrance","Sealed","Wet","Not Raining","Night","Right Angle","02","Driver Rider","1: PDO","No Control","","",,,
"2012-12403-27/05/2021","2 Metropolitan","MAWSON LAKES","5095","CITY OF SALISBURY",2,2,0,0,2,2012,"July","Saturday","06:30 pm","070","Not Divided","Straight road","Slope","Bridge, Culvert, Causeway","Sealed","Dry","Not Raining","Night","Head On","01","Driver Rider","2: MI","No Control","","",1330094.63,1684174.42,"13300951684174"
"2012-12404-27/05/2021","2 Metropolitan","WESTBOURNE PARK","5041","CC MITCHAM.                   ",2,0,0,0,0,2012,"July","Saturday","06:30 pm","060","T-Junction","Straight road","Level","Not Applicable","Sealed","Wet","Not Raining","Night","Right Turn","02","Driver Rider","1: PDO","Stop Sign","","",1327518.65,1665798.43,"13275191665798"
"2012-12405-27/05/2021","2 Metropolitan","PARADISE","5075","CC CAMPBELLTOWN.              ",2,1,0,0,1,2012,"July","Saturday","07:30 pm","060","Cross Road","Straight road","Level","Not Applicable","Sealed","Wet","Not Raining","Night","Right Turn","01","Driver Rider","2: MI","Traffic Signals","","",1335190,1675919.89,"13351901675920"
"2012-12406-27/05/2021","2 Metropolitan","CROYDON","5008","CITY OF CHARLES STURT",2,0,0,0,0,2012,"July","Saturday","08:30 pm","060","Cross Road","Straight road","Level","Not Applicable","Sealed","Dry","Not Raining","Night","Right Turn","02","Driver Rider","1: PDO","Traffic Signals","","",1325517.03,1673428.59,"13255171673429"
"2012-12407-27/05/2021","2 Metropolitan","SALISBURY","5108","CITY OF SALISBURY",2,0,0,0,0,2012,"July","Saturday","10:30 pm","060","T-Junction","Straight road","Level","Not Applicable","Sealed","Dry","Not Raining","Night","Right Angle","01","Driver Rider","1: PDO","Give Way Sign","","",1332728.57,1688571.7,"13327291688572"
"2012-12408-27/05/2021","2 Metropolitan","ST KILDA","5110","CITY OF SALISBURY",2,0,0,0,0,2012,"July","Friday","11:40 pm","080","Not Divided","Straight road","Level","Not Applicable","Sealed","Wet","Raining","Night","Hit Fixed Object","01","Driver Rider","1: PDO","No Control","Y","",,,
"2012-12409-27/05/2021","2 Metropolitan","HAPPY VALLEY","5159","CITY OF ONKAPARINGA",2,4,0,1,3,2012,"July","Saturday","06:20 pm","080","Cross Road","Straight road","Level","Not Applicable","Sealed","Dry","Not Raining","Night","Rear End","02","Driver Rider","3: SI","Traffic Signals","Y","",1323022.38,1653415.82,"13230221653416"
"2012-12410-27/05/2021","2 Metropolitan","ALDINGA BEACH","5173","CITY OF ONKAPARINGA",2,0,0,0,0,2012,"July","Saturday","06:40 pm","060","T-Junction","Straight road","Level","Not Applicable","Sealed","Dry","Not Raining","Night","Right Angle","02","Driver Rider","1: PDO","No Control","","",1315018.43,1631975.73,"13150181631976"
"2012-12411-27/05/2021","3 Country","STANSBURY","5582","YORKE PENINSULA COUNCIL",2,1,0,0,1,2012,"July","Saturday","10:00 pm","050","T-Junction","CURVED, VIEW OPEN","Slope","Not Applicable","Sealed","Dry","Not Raining","Night","Hit Fixed Object","01","Driver Rider","2: MI","No Control","Y","",1255156.81,1674880.33,"12551571674880"
"2012-12412-27/05/2021","2 Metropolitan","ELIZABETH VALE","5112","CITY OF PLAYFORD.",2,0,0,0,0,2012,"July","Saturday","11:40 pm","080","Divided Road","Straight road","Level","Not Applicable","Sealed","Dry","Not Raining","Night","Hit Fixed Object","01","Driver Rider","1: PDO","No Control","","",1336197.32,1690086.63,"13361971690087"
"2012-12413-27/05/2021","2 Metropolitan","SALISBURY PARK","5109","CITY OF SALISBURY",2,0,0,0,0,2012,"July","Saturday","02:25 am","080","Divided Road","Straight road","Level","Not Applicable","Sealed","Dry","Not Raining","Night","Hit Fixed Object","01","Driver Rider","1: PDO","No Control","Y","",1335809.11,1688621.53,"13358091688622"
"2012-12414-27/05/2021","3 Country","COCKBURN","5440",,2,0,0,0,0,2012,"July","Saturday","11:45 pm","110","Not Divided","Straight road","Slope","Bridge, Culvert, Causeway","Sealed","Dry","Not Raining","Night","Hit Fixed Object","01","Driver Rider","1: PDO","No Control","","",1562378.97,1975428.25,"15623791975428"
"2012-12415-27/05/2021","1 City","ADELAIDE","5000","CITY OF ADELAIDE",2,0,0,0,0,2012,"July","Sunday","01:15 am","050","Cross Road","Straight road","Level","Not Applicable","Sealed","Dry","Not Raining","Night","Right Turn","01","Driver Rider","1: PDO","Traffic Signals","","",1329016.2,1670995.07,"13290161670995"
"2012-12416-27/05/2021","2 Metropolitan","WESTBOURNE PARK","5041","CC MITCHAM.                   ",2,0,0,0,0,2012,"July","Sunday","02:00 am","060","Cross Road","Straight road","Level","Not Applicable","Sealed","Wet","Not Raining","Night","Right Angle","01","Driver Rider","1: PDO","Traffic Signals","","",1327507.88,1666202.96,"13275081666203"
"2012-12417-27/05/2021","2 Metropolitan","SEAFORD RISE","5169","CITY OF ONKAPARINGA",3,0,0,0,0,2012,"July","Sunday","12:01 am","050","Cross Road","Straight road","Level","Unknown","Sealed","Dry","Not Raining","Night","Hit Fixed Object","01","Driver Rider","1: PDO","Roundabout","Y","",1317000.2,1641019.73,"13170001641020"
"2012-12418-27/05/2021","2 Metropolitan","THEBARTON","5031","CITY OF WEST TORRENS",2,0,0,0,0,2012,"July","Saturday","01:10 am","060","T-Junction","Straight road","Level","Not Applicable","Sealed","Wet","Raining","Night","Hit Fixed Object","01","Driver Rider","1: PDO","No Control","","",1326484.53,1672319.03,"13264851672319"
"2012-12419-27/05/2021","2 Metropolitan","GLYNDE","5070","CC OF NORWOOD,PAYNEHAM & ST PETERS",2,0,0,0,0,2012,"July","Saturday","01:45 pm","060","Not Divided","Straight road","Level","Not Applicable","Sealed","Dry","Not Raining","Daylight","Right Turn","01","Driver Rider","1: PDO","No Control","","",,,
"2012-12420-27/05/2021","2 Metropolitan","HOUGHTON","5131","THE ADELAIDE HILLS COUNCIL",2,3,0,0,3,2012,"July","Saturday","01:20 pm","080","T-Junction","CURVED, VIEW OPEN","Slope","Not Applicable","Sealed","Dry","Not Raining","Daylight","Head On","09","Other","2: MI","Stop Sign","","",1343963.83,1681403.76,"13439641681404"
"2012-12421-27/05/2021","2 Metropolitan","SOUTH PLYMPTON","5038","CC MARION.                    ",2,1,0,0,1,2012,"July","Friday","11:45 am","060","Cross Road","Straight road","Level","Not Applicable","Sealed","Unknown","Not Raining","Daylight","Rear End","02","Driver Rider","2: MI","Traffic Signals","","",1324281.85,1664736.96,"13242821664737"
"2012-12422-27/05/2021","2 Metropolitan","CHRISTIE DOWNS","5164","CITY OF ONKAPARINGA",2,0,0,0,0,2012,"July","Saturday","11:45 am","060","Cross Road","Straight road","Level","Not Applicable","Sealed","Wet","Raining","Daylight","Right Angle","02","Driver Rider","1: PDO","Give Way Sign","","",1318490.19,1648624.15,"13184901648624"