"REPORT_ID","Stats Area","Suburb","Postcode","LGA Name","Total Units","Total Cas","Total Fats","Total SI","Total MI","Year","Month","Day","Time","Area Speed","Position Type","Horizontal Align","Vertical Align","Other Feat","Road Surface","Moisture Cond","Weather Cond","DayNight","Crash Type","Unit Resp","Entity Code","CSEF Severity","Traffic Ctrls","DUI Involved","Drugs Involved","ACCLOC_X","ACCLOC_Y","UNIQUE_LOC"
"2012-13166-27/05/2021","2 Metropolitan","DRY CREEK","5094","CITY OF PORT ADELAIDE ENFIELD",3,3,0,0,3,2012,"July","Thursday","03:15 pm","070","Not Divided","Straight road","Level","Not Applicable","Sealed","Dry","Not Raining","Daylight","Rear End","01","Driver Rider","2: MI","No Control","","",,,
"2012-13167-27/05/2021","2 Metropolitan","BLACKWOOD","5051","CC MITCHAM.                   ",2,0,0,0,0,2012,"July","Wednesday","05:45 pm","050","Divided Road","Straight road","Level","Not Applicable","Sealed","Wet","Raining","Night","Head On","02","Driver Rider","1: PDO","No Control","Y","",1329632.26,1660262.69,"13296321660263"
"2012-13168-27/05/2021","2 Metropolitan","MUNNO PARA","5115","CITY OF PLAYFORD.",2,0,0,0,0,2012,"July","Thursday","07:10 pm","080","Cross Road","Straight road","Level","Not Applicable","Sealed","Dry","Not Raining","Night","Rear End","02","Driver Rider","1: PDO","Traffic Signals","","",1338214.26,1697718.61,"13382141697719"
"2012-13169-27/05/2021","2 Metropolitan","MOUNT BARKER","5251","DC MT.BARKER.                 ",2,0,0,0,0,2012,"July","Thursday","07:10 pm","050","Not Divided","Straight road","Level","Driveway or Entrance","Sealed","Wet","Raining","Night","Right Turn","01","Driver Rider","1: PDO","No Control","","",1351521.29,1654504.15,"13515211654504"
"2012-13170-27/05/2021","2 Metropolitan","PROSPECT","5082","CITY OF PROSPECT",3,0,0,0,0,2012,"July","Thursday","06:15 pm","060","Divided Road","Straight road","Level","Not Applicable","Sealed","Dry","Not Raining","Night","Rear End","02","Driver Rider","1: PDO","No Control","","",,,
"2012-13171-27/05/2021","2 Metropolitan","SMITHFIELD","5114","CITY OF PLAYFORD.",2,0,0,0,0,2012,"July","Thursday","07:30 pm","080","Cross Road","Straight road","Level","Not Applicable","Sealed","Wet","Raining","Night","Rear End","02","Driver Rider","1: PDO","Traffic Signals","","",1337612.7,1696654.75,"13376131696655"
"2012-13172-27/05/2021","2 Metropolitan","SMITHFIELD","5114","CITY OF PLAYFORD.",2,0,0,0,0,2012,"July","Thursday","05:35 pm","050","Not Divided","Straight road","Level","Not Applicable","Sealed","Wet","Not Raining","Night","Rear End","01","Driver Rider","1: PDO","No Control","","",,,
"2012-13173-27/05/2021","2 Metropolitan","GLENELG EAST","5045","CITY OF HOLDFAST BAY",3,0,0,0,0,2012,"July","Thursday","05:55 pm","060","Divided Road","Straight road","Level","Not Applicable","Sealed","Wet","Raining","Night","Rear End","02","Driver Rider","1: PDO","No Control","","",1322553.61,1665351.82,"13225541665352"
"2012-13174-27/05/2021","2 Metropolitan","KINGS PARK","5034","CITY OF UNLEY",2,1,0,0,1,2012,"July","Thursday","05:50 pm","060","T-Junction","Straight road","Level","Not Applicable","Sealed","Wet","Raining","Night","Side Swipe","01","Driver Rider","2: MI","No Control","","",1327661.09,1666207.92,"13276611666208"
"2012-13175-27/05/2021","1 City","ADELAIDE","5000","CITY OF ADELAIDE",2,1,0,0,1,2012,"July","Thursday","08:30 pm","050","Cross Road","Straight road","Slope","Not Applicable","Sealed","Wet","Raining","Night","Hit Pedestrian","01","Driver Rider","2: MI","Traffic Signals","","",1327905.8,1670963.97,"13279061670964"
"2012-13176-27/05/2021","2 Metropolitan","CRAFERS WEST","5152","THE ADELAIDE HILLS COUNCIL",3,0,0,0,0,2012,"July","Thursday","02:54 pm","100","Freeway","CURVED, VIEW OPEN","Slope","Not Applicable","Sealed","Dry","Not Raining","Daylight","Hit Fixed Object","01","Driver Rider","1: PDO","No Control","Y","",1337451.09,1662473.56,"13374511662474"
"2012-13177-27/05/2021","2 Metropolitan","HILLIER","5116","CT GAWLER.                    ",2,0,0,0,0,2012,"July","Thursday","07:10 pm","110","Not Divided","Straight road","Level","Bridge, Culvert, Causeway","Sealed","Wet","Raining","Night","Side Swipe","02","Driver Rider","1: PDO","No Control","","",1341086.92,1704761.88,"13410871704762"
"2012-13178-27/05/2021","3 Country","GLOSSOP","5344","THE BERRI BARMERA COUNCIL",2,0,0,0,0,2012,"July","Thursday","06:15 pm","090","T-Junction","Straight road","Level","Not Applicable","Sealed","Dry","Not Raining","Night","Rear End","02","Driver Rider","1: PDO","Give Way Sign","","",1512781.68,1734274.84,"15127821734275"
"2012-13179-27/05/2021","1 City","NORTH ADELAIDE","5006","CITY OF ADELAIDE",2,3,0,0,3,2012,"July","Thursday","08:25 pm","050","T-Junction","Straight road","Level","Not Applicable","Sealed","Wet","Raining","Night","Right Angle","02","Driver Rider","2: MI","Give Way Sign","","",1327837.34,1672629.75,"13278371672630"
"2012-13180-27/05/2021","2 Metropolitan","CROYDON PARK","5008","CITY OF PORT ADELAIDE ENFIELD",2,1,0,0,1,2012,"July","Thursday","03:50 pm","050","T-Junction","Straight road","Level","Not Applicable","Sealed","Dry","Not Raining","Daylight","Right Angle","01","Driver Rider","2: MI","No Control","","",1325625.66,1675546.15,"13256261675546"
"2012-13181-27/05/2021","2 Metropolitan","MORPHETT VALE","5162","CITY OF ONKAPARINGA",2,0,0,0,0,2012,"July","Thursday","08:25 pm","060","Cross Road","Straight road","Level","Not Applicable","Sealed","Wet","Raining","Night","Right Angle","01","Driver Rider","1: PDO","Roundabout","","",1321966.86,1648723.81,"13219671648724"
"2012-13182-27/05/2021","2 Metropolitan","SALISBURY","5108","CITY OF SALISBURY",2,0,0,0,0,2012,"July","Thursday","06:40 pm","060","Cross Road","CURVED, VIEW OPEN","Level","Not Applicable","Sealed","Wet","Raining","Night","Rear End","02","Driver Rider","1: PDO","Traffic Signals","","",1332794.38,1688504.36,"13327941688504"
"2012-13183-27/05/2021","2 Metropolitan","MODBURY","5092","CITY OF TEA TREE GULLY",2,5,0,0,5,2012,"July","Thursday","11:14 pm","060","T-Junction","Straight road","Level","Not Applicable","Sealed","Wet","Raining","Night","Side Swipe","02","Driver Rider","2: MI","Traffic Signals","","",1336193.35,1680387.45,"13361931680387"
"2012-13184-27/05/2021","2 Metropolitan","MASLIN BEACH","5170","CITY OF ONKAPARINGA",2,1,0,0,1,2012,"July","Thursday","06:50 pm","080","Cross Road","Straight road","Level","Median Opening (not at I/S)","Sealed","Wet","Raining","Night","Hit Fixed Object","01","Driver Rider","2: MI","Stop Sign","","",1316480.47,1638128.35,"13164801638128"
"2012-13185-27/05/2021","2 Metropolitan","NOARLUNGA DOWNS","5168","CITY OF ONKAPARINGA",2,1,0,0,1,2012,"July","Thursday","07:15 pm","070","T-Junction","CURVED, VIEW OPEN","Level","Not Applicable","Sealed","Wet","Raining","Night","Right Angle","02","Driver Rider","2: MI","Traffic Signals","","",1318540.35,1646724.69,"13185401646725"
"2012-13186-27/05/2021","2 Metropolitan","CAVAN","5094","CITY OF SALISBURY",2,1,0,0,1,2012,"July","Thursday","07:25 pm","070","T-Junction","Straight road","Level","Not Applicable","Sealed","Wet","Raining","Night","Hit Fixed Object","01","Driver Rider","2: MI","Traffic Signals","","",1328734.77,1681107.39,"13287351681107"
"2012-13187-27/05/2021","3 Country","LOWER LIGHT","5501","DC MALLALA.                   ",2,0,0,0,0,2012,"July","Thursday","09:35 pm","110","T-Junction","Straight road","Level","Not Applicable","Sealed","Wet","Raining","Night","Side Swipe","02","Driver Rider","1: PDO","No Control","","",1317046.76,1712467.2,"13170471712467"
"2012-13188-27/05/2021","2 Metropolitan","SOUTH PLYMPTON","5038","CC MARION.                    ",2,0,0,0,0,2012,"July","Friday","12:05 am","060","Cross Road","Straight road","Level","Not Applicable","Sealed","Wet","Raining","Night","Rear End","02","Driver Rider","1: PDO","Traffic Signals","","",1324281.85,1664736.96,"13242821664737"
"2012-13189-27/05/2021","1 City","ADELAIDE","5000","CITY OF ADELAIDE",2,1,0,0,1,2012,"July","Friday","12:52 am","050","Cross Road","Straight road","Level","Driveway or Entrance","Sealed","Wet","Raining","Night","Hit Fixed Object","01","Driver Rider","2: MI","No Control","Y","",1327737.68,1670959.44,"13277381670959"
"2012-13190-27/05/2021","2 Metropolitan","BEVERLEY","5009","CITY OF CHARLES STURT",2,0,0,0,0,2012,"July","Thursday","07:30 pm","060","T-Junction","Straight road","Level","Not Applicable","Sealed","Dry","Not Raining","Night","Right Angle","02","Driver Rider","1: PDO","Give Way Sign","","",1323496.29,1675173.01,"13234961675173"
"2012-13191-27/05/2021","3 Country","MARREE","5733",,2,0,0,0,0,2012,"July","Saturday","06:15 pm","100","Not Divided","Straight road","Level","Not Applicable","Unsealed","Dry","Not Raining","Night","Hit Animal","02","Animal","1: PDO","No Control","","",1310326.57,2229986.8,"13103272229987"
"2012-13192-27/05/2021","2 Metropolitan","POORAKA","5095","CITY OF SALISBURY",2,0,0,0,0,2012,"July","Friday","08:00 am","060","T-Junction","Straight road","Level","Not Applicable","Sealed","Wet","Not Raining","Daylight","Rear End","02","Driver Rider","1: PDO","Traffic Signals","","",1332550.84,1682328.1,"13325511682328"
"2012-13193-27/05/2021","2 Metropolitan","NOARLUNGA CENTRE","5168","CITY OF ONKAPARINGA",2,0,0,0,0,2012,"July","Thursday","12:55 pm","060","Divided Road","Straight road","Level","Driveway or Entrance","Sealed","Dry","Not Raining","Daylight","Right Angle","02","Driver Rider","1: PDO","No Control","","",1318908.3,1647477.26,"13189081647477"
"2012-13194-27/05/2021","2 Metropolitan","WATERLOO CORNER","5110","CITY OF SALISBURY",2,0,0,0,0,2012,"July","Friday","08:30 am","090","T-Junction","Straight road","Level","Not Applicable","Sealed","Wet","Not Raining","Daylight","Rear End","02","Driver Rider","1: PDO","Traffic Signals","","",1327624.24,1692113.17,"13276241692113"
"2012-13195-27/05/2021","2 Metropolitan","NORWOOD","5067","CC OF NORWOOD,PAYNEHAM & ST PETERS",2,0,0,0,0,2012,"July","Friday","09:00 am","050","Divided Road","Straight road","Level","Not Applicable","Sealed","Dry","Not Raining","Daylight","Rear End","02","Driver Rider","1: PDO","No Control","","",1331437.19,1671557.2,"13314371671557"
"2012-13196-27/05/2021","2 Metropolitan","WINDSOR GARDENS","5087","CITY OF PORT ADELAIDE ENFIELD",2,0,0,0,0,2012,"July","Thursday","05:30 pm","060","Divided Road","Straight road","Level","Not Applicable","Sealed","Wet","Raining","Night","Rear End","01","Driver Rider","1: PDO","No Control","","",1334007.98,1677910.25,"13340081677910"
"2012-13197-27/05/2021","2 Metropolitan","WOODVILLE","5011","CITY OF CHARLES STURT",2,0,0,0,0,2012,"July","Friday","06:50 am","060","T-Junction","Straight road","Level","Not Applicable","Sealed","Dry","Not Raining","Night","Right Angle","02","Driver Rider","1: PDO","Give Way Sign","","",1323028.06,1675642.45,"13230281675642"
"2012-13198-27/05/2021","2 Metropolitan","SALISBURY NORTH","5108","CITY OF SALISBURY",2,0,0,0,0,2012,"July","Thursday","03:30 pm","050","Not Divided","Straight road","Level","Not Applicable","Sealed","Dry","Not Raining","Daylight","Rear End","01","Driver Rider","1: PDO","No Control","","",1331977.75,1689382.42,"13319781689382"
"2012-13199-27/05/2021","2 Metropolitan","EDWARDSTOWN","5039","CC MARION.                    ",2,0,0,0,0,2012,"July","Thursday","01:00 pm","050","Not Divided","Straight road","Level","Driveway or Entrance","Sealed","Dry","Not Raining","Daylight","Right Angle","02","Driver Rider","1: PDO","No Control","","",,,
"2012-13200-27/05/2021","2 Metropolitan","PARADISE","5075","CC CAMPBELLTOWN.              ",2,0,0,0,0,2012,"July","Friday","08:00 am","060","T-Junction","Straight road","Level","Not Applicable","Sealed","Dry","Not Raining","Daylight","Right Angle","01","Driver Rider","1: PDO","No Control","","",1335332.17,1675918.57,"13353321675919"
"2012-13201-27/05/2021","2 Metropolitan","HAPPY VALLEY","5159","CITY OF ONKAPARINGA",3,0,0,0,0,2012,"July","Thursday","12:50 pm","080","T-Junction","Straight road","Level","Roadworks","Sealed","Dry","Not Raining","Daylight","Rear End","01","Driver Rider","1: PDO","Traffic Signals","","",1324309.46,1655855.42,"13243091655855"
"2012-13202-27/05/2021","2 Metropolitan","DARLINGTON","5047","CITY OF ONKAPARINGA",2,0,0,0,0,2012,"July","Friday","06:10 am","060","Divided Road","Straight road","Level","Not Applicable","Sealed","Dry","Not Raining","Night","Rear End","02","Driver Rider","1: PDO","No Control","","",,,
"2012-13203-27/05/2021","2 Metropolitan","OAKLANDS PARK","5046","CC MARION.                    ",2,0,0,0,0,2012,"July","Thursday","11:25 am","060","T-Junction","Straight road","Level","Not Applicable","Sealed","Dry","Not Raining","Daylight","Rear End","01","Driver Rider","1: PDO","Give Way Sign","","",1322726.09,1662290.87,"13227261662291"
"2012-13204-27/05/2021","2 Metropolitan","SALISBURY PLAIN","5109","CITY OF SALISBURY",2,0,0,0,0,2012,"July","Thursday","07:15 pm","060","Cross Road","Straight road","Level","Not Applicable","Sealed","Wet","Raining","Night","Rear End","02","Driver Rider","1: PDO","Traffic Signals","","",1334718.19,1687196.61,"13347181687197"
"2012-13205-27/05/2021","2 Metropolitan","ASCOT PARK","5043","CC MARION.                    ",2,0,0,0,0,2012,"July","Friday","08:00 am","050","Cross Road","CURVED, VIEW OPEN","Level","Not Applicable","Sealed","Dry","Not Raining","Daylight","Rear End","02","Driver Rider","1: PDO","Stop Sign","","",1325094.28,1664007.99,"13250941664008"
"2012-13206-27/05/2021","2 Metropolitan","MYLOR","5153","DC MT.BARKER.                 ",2,1,0,0,1,2012,"July","Thursday","02:30 pm","080","T-Junction","Straight road","Level","Not Applicable","Sealed","Dry","Not Raining","Daylight","Right Angle","02","Driver Rider","2: MI","No Control","","",1342572.16,1656227.83,"13425721656228"
"2012-13207-27/05/2021","2 Metropolitan","PARA HILLS WEST","5096","CITY OF SALISBURY",4,2,0,0,2,2012,"July","Friday","08:50 am","080","Divided Road","Straight road","Level","Not Applicable","Sealed","Dry","Not Raining","Daylight","Rear End","02","Driver Rider","2: MI","No Control","","",1331993.08,1683719.39,"13319931683719"
"2012-13208-27/05/2021","2 Metropolitan","STURT","5047","CC MARION.                    ",2,0,0,0,0,2012,"July","Friday","10:05 am","060","Multiple","Straight road","Level","Not Applicable","Sealed","Dry","Not Raining","Daylight","Rear End","02","Driver Rider","1: PDO","Traffic Signals","","",1323558.89,1660650.4,"13235591660650"
"2012-13209-27/05/2021","2 Metropolitan","TORRENSVILLE","5031","CITY OF WEST TORRENS",2,0,0,0,0,2012,"July","Friday","08:50 am","060","Cross Road","Straight road","Level","Not Applicable","Sealed","Wet","Not Raining","Daylight","Right Turn","02","Driver Rider","1: PDO","Traffic Signals","","",1325746.9,1670988.92,"13257471670989"
"2012-13210-27/05/2021","2 Metropolitan","SALISBURY","5108","CITY OF SALISBURY",2,0,0,0,0,2012,"July","Friday","08:00 am","050","T-Junction","Straight road","Level","Not Applicable","Sealed","Dry","Not Raining","Daylight","Rear End","01","Driver Rider","1: PDO","No Control","","",1331137.58,1688479.22,"13311381688479"
"2012-13211-27/05/2021","2 Metropolitan","KANGARILLA","5157","CITY OF ONKAPARINGA",2,1,0,0,1,2012,"July","Friday","08:15 am","080","Not Divided","CURVED, VIEW OPEN","Level","Driveway or Entrance","Sealed","Wet","Raining","Daylight","Hit Fixed Object","01","Driver Rider","2: MI","No Control","","",1336240.45,1644212.69,"13362401644213"
"2012-13212-27/05/2021","2 Metropolitan","PARADISE","5075","CC CAMPBELLTOWN.              ",2,0,0,0,0,2012,"July","Friday","08:45 am","050","T-Junction","CURVED, VIEW OPEN","Level","Not Applicable","Sealed","Dry","Not Raining","Daylight","Right Angle","01","Driver Rider","1: PDO","No Control","","",1336278.6,1676271.47,"13362791676271"
"2012-13213-27/05/2021","2 Metropolitan","WINGFIELD","5013","CITY OF PORT ADELAIDE ENFIELD",2,0,0,0,0,2012,"July","Friday","07:10 am","050","Cross Road","Straight road","Level","Not Applicable","Sealed","Dry","Not Raining","Night","Right Turn","01","Driver Rider","1: PDO","Stop Sign","","",1323900.67,1679670.46,"13239011679670"
"2012-13214-27/05/2021","2 Metropolitan","CROYDON","5008","CITY OF CHARLES STURT",2,0,0,0,0,2012,"July","Friday","09:00 am","060","Cross Road","Straight road","Level","Not Applicable","Sealed","Dry","Not Raining","Daylight","Rear End","01","Driver Rider","1: PDO","Traffic Signals","","",1325517.03,1673428.59,"13255171673429"
"2012-13215-27/05/2021","2 Metropolitan","STURT","5047","CC MARION.                    ",3,0,0,0,0,2012,"July","Friday","11:30 am","060","Cross Road","Straight road","Level","Not Applicable","Sealed","Dry","Not Raining","Daylight","Rear End","02","Driver Rider","1: PDO","Traffic Signals","","",1324403.19,1660679.72,"13244031660680"
"2012-13216-27/05/2021","2 Metropolitan","TORRENSVILLE","5031","CITY OF WEST TORRENS",2,0,0,0,0,2012,"July","Friday","09:00 am","050","Cross Road","Straight road","Level","Not Applicable","Sealed","Wet","Not Raining","Daylight","Right Angle","02","Driver Rider","1: PDO","Give Way Sign","","",1324454.59,1671918.79,"13244551671919"
"2012-13217-27/05/2021","2 Metropolitan","WEST CROYDON","5008","CITY OF CHARLES STURT",2,0,0,0,0,2012,"July","Friday","12:15 pm","050","Not Divided","Straight road","Level","Not Applicable","Sealed","Dry","Not Raining","Daylight","Hit Parked Vehicle","02","Driver Rider","1: PDO","No Control","","",1325108.49,1675262.57,"13251081675263"
"2012-13218-27/05/2021","1 City","ADELAIDE","5000","CITY OF ADELAIDE",2,0,0,0,0,2012,"July","Friday","11:45 am","050","Divided Road","Straight road","Level","Not Applicable","Sealed","Dry","Not Raining","Daylight","Rear End","02","Driver Rider","1: PDO","No Control","","",1328467.76,1671101.72,"13284681671102"
"2012-13219-27/05/2021","2 Metropolitan","SALISBURY","5108","CITY OF SALISBURY",2,1,0,0,1,2012,"July","Friday","01:00 pm","060","Cross Road","Straight road","Level","Not Applicable","Sealed","Dry","Not Raining","Daylight","Rear End","02","Driver Rider","2: MI","Traffic Signals","","",1332782.42,1688511.32,"13327821688511"
"2012-13220-27/05/2021","2 Metropolitan","CHRISTIES BEACH","5165","CITY OF ONKAPARINGA",2,0,0,0,0,2012,"July","Friday","12:05 pm","070","Cross Road","Straight road","Level","Not Applicable","Sealed","Dry","Not Raining","Daylight","Right Angle","01","Driver Rider","1: PDO","Roundabout","","",1317329.55,1648342.52,"13173301648343"
"2012-13221-27/05/2021","2 Metropolitan","WINGFIELD","5013","CITY OF PORT ADELAIDE ENFIELD",2,0,0,0,0,2012,"July","Friday","09:45 am","060","Divided Road","Straight road","Level","Not Applicable","Sealed","Dry","Not Raining","Daylight","Hit Parked Vehicle","02","Driver Rider","1: PDO","No Control","","",1324565.62,1679169.36,"13245661679169"
"2012-13222-27/05/2021","2 Metropolitan","WALKERVILLE","5081","WALKERVILLE TOWN COUNCIL",2,0,0,0,0,2012,"July","Friday","01:00 pm","060","Cross Road","Straight road","Level","Not Applicable","Sealed","Dry","Not Raining","Daylight","Rear End","01","Driver Rider","1: PDO","Traffic Signals","","",1329483.39,1674233.16,"13294831674233"
"2012-13223-27/05/2021","2 Metropolitan","FINDON","5023","CITY OF CHARLES STURT",2,0,0,0,0,2012,"July","Thursday","10:15 am","050","Not Divided","Straight road","Level","Not Applicable","Sealed","Dry","Not Raining","Daylight","Hit Fixed Object","01","Driver Rider","1: PDO","No Control","","",,,
"2012-13224-27/05/2021","2 Metropolitan","KINGS PARK","5034","CITY OF UNLEY",2,0,0,0,0,2012,"July","Friday","01:15 pm","060","T-Junction","Straight road","Level","Not Applicable","Sealed","Dry","Not Raining","Daylight","Right Angle","01","Driver Rider","1: PDO","No Control","","",1327504.74,1666311.25,"13275051666311"
"2012-13225-27/05/2021","2 Metropolitan","HAPPY VALLEY","5159","CITY OF ONKAPARINGA",2,0,0,0,0,2012,"July","Wednesday","01:45 pm","080","Cross Road","Straight road","Slope","Not Applicable","Sealed","Dry","Not Raining","Daylight","Rear End","02","Driver Rider","1: PDO","Traffic Signals","","",1323029.26,1653595.87,"13230291653596"
"2012-13226-27/05/2021","1 City","NORTH ADELAIDE","5006","CITY OF ADELAIDE",2,0,0,0,0,2012,"July","Friday","12:32 pm","050","Cross Road","Straight road","Level","Not Applicable","Sealed","Dry","Not Raining","Daylight","Right Angle","01","Driver Rider","1: PDO","Traffic Signals","","",1328295.01,1672486.86,"13282951672487"
"2012-13227-27/05/2021","1 City","ADELAIDE","5000","CITY OF ADELAIDE",2,0,0,0,0,2012,"July","Monday","02:30 pm","050","T-Junction","Straight road","Level","Not Applicable","Sealed","Dry","Not Raining","Daylight","Rear End","01","Passenger","1: PDO","Traffic Signals","","",1328433.99,1671622.14,"13284341671622"
"2012-13228-27/05/2021","2 Metropolitan","MARION","5043","CC MARION.                    ",2,0,0,0,0,2012,"July","Thursday","10:30 am","050","Not Divided","Straight road","Level","Not Applicable","Sealed","Dry","Not Raining","Daylight","Hit Parked Vehicle","01","Driver Rider","1: PDO","No Control","","",1324096.51,1661662.5,"13240971661663"
"2012-13229-27/05/2021","2 Metropolitan","MORPHETT VALE","5162","CITY OF ONKAPARINGA",2,0,0,0,0,2012,"July","Friday","01:45 pm","050","Not Divided","Straight road","Level","Not Applicable","Sealed","Dry","Not Raining","Daylight","Hit Parked Vehicle","02","Driver Rider","1: PDO","No Control","","",1320169.3,1649136.14,"13201691649136"
"2012-13230-27/05/2021","2 Metropolitan","CAMPBELLTOWN","5074","CC CAMPBELLTOWN.              ",2,0,0,0,0,2012,"July","Friday","11:00 am","050","T-Junction","Straight road","Level","Not Applicable","Sealed","Dry","Not Raining","Daylight","Side Swipe","02","Driver Rider","1: PDO","No Control","","",1335046.04,1675393.81,"13350461675394"
"2012-13231-27/05/2021","2 Metropolitan","HINDMARSH","5007","CITY OF CHARLES STURT",2,0,0,0,0,2012,"July","Monday","04:45 pm","060","Divided Road","Straight road","Level","Not Applicable","Sealed","Dry","Not Raining","Daylight","Rear End","02","Driver Rider","1: PDO","No Control","","",,,
"2012-13232-27/05/2021","2 Metropolitan","FULLARTON","5063","CITY OF UNLEY",3,1,0,0,1,2012,"July","Thursday","07:30 am","060","Not Divided","Straight road","Level","Not Applicable","Sealed","Dry","Not Raining","Daylight","Rear End","01","Driver Rider","2: MI","No Control","","",,,
"2012-13233-27/05/2021","2 Metropolitan","SEATON","5023","CITY OF CHARLES STURT",2,0,0,0,0,2012,"July","Friday","02:40 pm","060","Not Divided","Straight road","Level","Not Applicable","Sealed","Dry","Not Raining","Daylight","Rear End","02","Driver Rider","1: PDO","No Control","","",,,
"2012-13234-27/05/2021","3 Country","HAHNDORF","5245","DC MT.BARKER.                 ",2,0,0,0,0,2012,"July","Friday","01:05 pm","050","Not Divided","Straight road","Level","Not Applicable","Sealed","Dry","Not Raining","Daylight","Rear End","02","Driver Rider","1: PDO","No Control","","",,,
"2012-13235-27/05/2021","2 Metropolitan","GLYNDE","5070","CC OF NORWOOD,PAYNEHAM & ST PETERS",2,0,0,0,0,2012,"July","Friday","03:00 pm","060","Cross Road","Straight road","Level","Not Applicable","Sealed","Dry","Not Raining","Daylight","Rear End","02","Driver Rider","1: PDO","Traffic Signals","","",1333785.54,1674516.59,"13337861674517"
"2012-13236-27/05/2021","2 Metropolitan","WINGFIELD","5013","CITY OF PORT ADELAIDE ENFIELD",2,1,0,0,1,2012,"July","Thursday","06:40 pm","050","Not Divided","Straight road","Level","Not Applicable","Sealed","Wet","Raining","Night","Hit Pedestrian","01","Pedestrian","2: MI","No Control","","",,,
"2012-13237-27/05/2021","2 Metropolitan","MILE END","5031","CITY OF WEST TORRENS",2,1,0,0,1,2012,"July","Friday","01:30 pm","060","Pedestrian Crossing","Straight road","Level","Not Applicable","Sealed","Dry","Not Raining","Daylight","Hit Pedestrian","02","Pedestrian","2: MI","Traffic Signals","","",1325058.12,1670971.93,"13250581670972"
"2012-13238-27/05/2021","2 Metropolitan","MAYLANDS","5069","CC OF NORWOOD,PAYNEHAM & ST PETERS",2,0,0,0,0,2012,"July","Friday","11:30 am","060","Divided Road","Straight road","Level","Not Applicable","Sealed","Dry","Not Raining","Daylight","Rear End","01","Driver Rider","1: PDO","No Control","","",1332230.74,1671903.76,"13322311671904"
"2012-13239-27/05/2021","2 Metropolitan","LEABROOK","5068","CITY OF BURNSIDE",2,1,0,0,1,2012,"July","Friday","07:30 am","060","Cross Road","Straight road","Level","Not Applicable","Sealed","Wet","Not Raining","Daylight","Rear End","02","Driver Rider","2: MI","Give Way Sign","","",1333903.36,1670320.27,"13339031670320"
"2012-13240-27/05/2021","2 Metropolitan","SEMAPHORE","5019","CITY OF PORT ADELAIDE ENFIELD",2,0,0,0,0,2012,"July","Friday","04:20 pm","050","Cross Road","Straight road","Level","Not Applicable","Sealed","Dry","Not Raining","Daylight","Right Turn","02","Driver Rider","1: PDO","Traffic Signals","","",1318227.43,1680640.39,"13182271680640"
"2012-13241-27/05/2021","2 Metropolitan","NORWOOD","5067","CC OF NORWOOD,PAYNEHAM & ST PETERS",2,0,0,0,0,2012,"July","Thursday","06:20 pm","060","Divided Road","Straight road","Level","Not Applicable","Sealed","Wet","Raining","Night","Rear End","01","Driver Rider","1: PDO","No Control","","",1332236.3,1671707.52,"13322361671708"
"2012-13242-27/05/2021","2 Metropolitan","POORAKA","5095","CITY OF SALISBURY",2,1,0,0,1,2012,"July","Friday","01:30 pm","070","Divided Road","Straight road","Level","Not Applicable","Sealed","Dry","Not Raining","Daylight","Side Swipe","01","Driver Rider","2: MI","No Control","","",1330585.91,1681939.23,"13305861681939"
"2012-13243-27/05/2021","2 Metropolitan","MORPHETT VALE","5162","CITY OF ONKAPARINGA",2,0,0,0,0,2012,"July","Thursday","05:15 pm","060","Divided Road","Straight road","Slope","Median Opening (not at I/S)","Sealed","Wet","Raining","Daylight","Side Swipe","02","Driver Rider","1: PDO","No Control","","",1321095.09,1651028.63,"13210951651029"
"2012-13244-27/05/2021","2 Metropolitan","GLEN OSMOND","5064","CITY OF BURNSIDE",2,0,0,0,0,2012,"July","Tuesday","09:20 am","110","Not Divided","Straight road","Level","Not Applicable","Sealed","Dry","Not Raining","Daylight","Rear End","02","Driver Rider","1: PDO","No Control","","",1332357.56,1666626.47,"13323581666626"
"2012-13245-27/05/2021","2 Metropolitan","BRAHMA LODGE","5109","CITY OF SALISBURY",2,0,0,0,0,2012,"July","Thursday","05:30 pm","060","T-Junction","Straight road","Level","Not Applicable","Sealed","Wet","Raining","Night","Rear End","01","Driver Rider","1: PDO","No Control","","",1334452.37,1687405.05,"13344521687405"
"2012-13246-27/05/2021","1 City","ADELAIDE","5000","CITY OF ADELAIDE",2,0,0,0,0,2012,"July","Friday","10:30 am","050","Not Divided","Straight road","Level","Driveway or Entrance","Sealed","Dry","Not Raining","Daylight","Hit Parked Vehicle","02","Driver Rider","1: PDO","No Control","","",1328908.15,1670905.21,"13289081670905"
"2012-13247-27/05/2021","3 Country","PORT AUGUSTA","5700",,2,0,0,0,0,2012,"July","Wednesday","04:00 pm","110","Not Divided","Straight road","Level","Not Applicable","Sealed","Dry","Not Raining","Daylight","Hit Fixed Object","09","Other","1: PDO","No Control","","",1230011.25,1987406.6,"12300111987407"
"2012-13248-27/05/2021","2 Metropolitan","PAYNEHAM","5070","CC OF NORWOOD,PAYNEHAM & ST PETERS",2,0,0,0,0,2012,"July","Friday","11:45 am","060","Divided Road","Straight road","Level","Not Applicable","Sealed","Wet","Not Raining","Daylight","Rear End","01","Driver Rider","1: PDO","No Control","","",1332182.62,1673661.08,"13321831673661"