"REPORT_ID","Stats Area","Suburb","Postcode","LGA Name","Total Units","Total Cas","Total Fats","Total SI","Total MI","Year","Month","Day","Time","Area Speed","Position Type","Horizontal Align","Vertical Align","Other Feat","Road Surface","Moisture Cond","Weather Cond","DayNight","Crash Type","Unit Resp","Entity Code","CSEF Severity","Traffic Ctrls","DUI Involved","Drugs Involved","ACCLOC_X","ACCLOC_Y","UNIQUE_LOC"
"2012-13830-27/05/2021","2 Metropolitan","POORAKA","5095","CITY OF SALISBURY",3,1,0,0,1,2012,"August","Monday","05:50 pm","080","Cross Road","Straight road","Level","Not Applicable","Sealed","Dry","Not Raining","Night","Rear End","01","Driver Rider","2: MI","Traffic Signals","","",1330465.1,1681818.42,"13304651681818"
"2012-13831-27/05/2021","2 Metropolitan","TORRENSVILLE","5031","CITY OF WEST TORRENS",2,0,0,0,0,2012,"August","Monday","03:20 pm","050","Cross Road","Straight road","Level","Not Applicable","Sealed","Dry","Not Raining","Daylight","Right Angle","01","Driver Rider","1: PDO","Give Way Sign","","",1324626.99,1671173.31,"13246271671173"
"2012-13832-27/05/2021","2 Metropolitan","PARAFIELD GARDENS","5107","CITY OF SALISBURY",2,0,0,0,0,2012,"August","Monday","08:30 am","060","Divided Road","Straight road","Level","Not Applicable","Sealed","Dry","Not Raining","Daylight","Rear End","01","Driver Rider","1: PDO","No Control","","",1331377.37,1686743.22,"13313771686743"
"2012-13833-27/05/2021","2 Metropolitan","PARAFIELD","5106","CITY OF SALISBURY",2,1,0,0,1,2012,"August","Monday","04:30 pm","080","Divided Road","Straight road","Level","Not Applicable","Sealed","Dry","Not Raining","Daylight","Rear End","01","Driver Rider","2: MI","No Control","","",,,
"2012-13834-27/05/2021","2 Metropolitan","TORRENSVILLE","5031","CITY OF WEST TORRENS",2,0,0,0,0,2012,"August","Monday","04:10 pm","060","Cross Road","Straight road","Level","Not Applicable","Sealed","Dry","Not Raining","Daylight","Rear End","02","Driver Rider","1: PDO","Traffic Signals","","",1325429.88,1672005.77,"13254301672006"
"2012-13835-27/05/2021","2 Metropolitan","OAKLANDS PARK","5046","CC MARION.                    ",2,2,0,0,2,2012,"August","Friday","01:02 pm","060","T-Junction","Straight road","Level","Driveway or Entrance","Sealed","Dry","Not Raining","Daylight","Right Turn","02","Driver Rider","2: MI","Traffic Signals","","",1323162.31,1661049.36,"13231621661049"
"2012-13836-27/05/2021","2 Metropolitan","EDWARDSTOWN","5039","CC MARION.                    ",2,0,0,0,0,2012,"August","Monday","06:15 pm","050","Not Divided","Straight road","Level","Not Applicable","Sealed","Dry","Not Raining","Night","Hit Parked Vehicle","02","Driver Rider","1: PDO","No Control","","",1325101,1665927.72,"13251011665928"
"2012-13837-27/05/2021","2 Metropolitan","SALISBURY","5108","CITY OF SALISBURY",4,0,0,0,0,2012,"August","Monday","05:40 pm","060","Divided Road","Straight road","Level","Not Applicable","Sealed","Dry","Not Raining","Night","Hit Fixed Object","01","Driver Rider","1: PDO","No Control","","",,,
"2012-13838-27/05/2021","2 Metropolitan","ST MARYS","5042","CC MITCHAM.                   ",2,0,0,0,0,2012,"August","Monday","06:30 pm","060","Cross Road","Straight road","Level","Not Applicable","Sealed","Dry","Not Raining","Night","Right Turn","01","Driver Rider","1: PDO","Traffic Signals","","",1325962.44,1663322.78,"13259621663323"
"2012-13839-27/05/2021","2 Metropolitan","NETHERBY","5062","CC MITCHAM.                   ",2,0,0,0,0,2012,"August","Monday","06:00 pm","060","T-Junction","Straight road","Level","Not Applicable","Sealed","Dry","Not Raining","Night","Right Angle","01","Driver Rider","1: PDO","Give Way Sign","","",1330790.82,1665466.72,"13307911665467"
"2012-13840-27/05/2021","3 Country","SOUTH HUMMOCKS","5550","BARUNGA WEST DISTRICT COUNCIL",3,0,0,0,0,2012,"August","Monday","04:10 pm","100","Not Divided","Straight road","Level","Not Applicable","Sealed","Dry","Not Raining","Daylight","Head On","01","Driver Rider","1: PDO","No Control","","",1284342.56,1765227.63,"12843431765228"
"2012-13841-27/05/2021","3 Country","PORT AUGUSTA","5700","CC PT.AUGUSTA.                ",2,1,0,1,0,2012,"August","Monday","09:12 pm","060","Divided Road","Straight road","Level","Not Applicable","Sealed","Dry","Not Raining","Night","Hit Pedestrian","02","Pedestrian","3: SI","No Control","","",1260406.59,1941352.55,"12604071941353"
"2012-13842-27/05/2021","2 Metropolitan","WOODVILLE PARK","5011","CITY OF CHARLES STURT",2,0,0,0,0,2012,"August","Sunday","10:30 pm","060","Cross Road","Straight road","Level","Not Applicable","Sealed","Wet","Raining","Night","Hit Fixed Object","01","Driver Rider","1: PDO","Traffic Signals","","",1324186.57,1676250.45,"13241871676250"
"2012-13843-27/05/2021","2 Metropolitan","MODBURY HEIGHTS","5092","CITY OF TEA TREE GULLY",2,0,0,0,0,2012,"August","Monday","05:35 pm","050","Not Divided","Straight road","Level","Not Applicable","Sealed","Dry","Not Raining","Daylight","Hit Parked Vehicle","01","Driver Rider","1: PDO","No Control","","",,,
"2012-13844-27/05/2021","2 Metropolitan","ANDREWS FARM","5114","CITY OF PLAYFORD.",3,0,0,0,0,2012,"August","Tuesday","04:20 am","050","Not Divided","Straight road","Level","Not Applicable","Sealed","Dry","Not Raining","Night","Hit Fixed Object","01","Driver Rider","1: PDO","No Control","","",1335107.13,1698967.65,"13351071698968"
"2012-13845-27/05/2021","2 Metropolitan","HAPPY VALLEY","5159","CITY OF ONKAPARINGA",4,0,0,0,0,2012,"August","Tuesday","05:55 am","080","Cross Road","Straight road","Level","Not Applicable","Sealed","Dry","Not Raining","Night","Rear End","02","Driver Rider","1: PDO","Traffic Signals","","",1323029.26,1653595.87,"13230291653596"
"2012-13846-27/05/2021","2 Metropolitan","BEDFORD PARK","5042","CC MARION.                    ",2,0,0,0,0,2012,"August","Tuesday","07:50 am","070","Divided Road","Straight road","Level","Not Applicable","Sealed","Dry","Not Raining","Daylight","Side Swipe","02","Driver Rider","1: PDO","No Control","","",,,
"2012-13847-27/05/2021","2 Metropolitan","ELIZABETH EAST","5112","CITY OF PLAYFORD.",2,0,0,0,0,2012,"August","Tuesday","08:00 am","080","T-Junction","Straight road","Level","Not Applicable","Sealed","Dry","Not Raining","Daylight","Rear End","02","Driver Rider","1: PDO","No Control","","",1336154.01,1691089.85,"13361541691090"
"2012-13848-27/05/2021","2 Metropolitan","GOLDEN GROVE","5125","CITY OF TEA TREE GULLY",2,0,0,0,0,2012,"August","Monday","03:10 pm","060","T-Junction","Straight road","Level","Not Applicable","Sealed","Dry","Not Raining","Daylight","Right Angle","02","Driver Rider","1: PDO","Roundabout","","",1340715.18,1687202.53,"13407151687203"
"2012-13849-27/05/2021","2 Metropolitan","DRY CREEK","5094","CITY OF SALISBURY",2,0,0,0,0,2012,"August","Tuesday","07:50 am","080","T-Junction","Straight road","Level","Not Applicable","Sealed","Dry","Not Raining","Daylight","Side Swipe","02","Driver Rider","1: PDO","Traffic Signals","","",1328672.58,1683237.82,"13286731683238"
"2012-13850-27/05/2021","3 Country","MOUNT JAGGED","5211","ALEXANDRINA COUNCIL",2,0,0,0,0,2012,"August","Tuesday","06:30 am","100","Not Divided","Straight road","Level","Not Applicable","Sealed","Dry","Not Raining","Night","Hit Animal","02","Animal","1: PDO","No Control","","",1329759.49,1616380.97,"13297591616381"
"2012-13851-27/05/2021","2 Metropolitan","OVINGHAM","5082","CITY OF CHARLES STURT",2,0,0,0,0,2012,"July","Saturday","02:45 pm","060","Divided Road","Straight road","Level","Not Applicable","Sealed","Dry","Not Raining","Daylight","Side Swipe","01","Driver Rider","1: PDO","No Control","","",,,
"2012-13852-27/05/2021","2 Metropolitan","FORESTVILLE","5035","CITY OF UNLEY",3,2,0,0,2,2012,"August","Tuesday","07:30 am","060","T-Junction","Straight road","Level","Not Applicable","Sealed","Dry","Not Raining","Daylight","Rear End","01","Driver Rider","2: MI","Traffic Signals","","",1326320.33,1668149.85,"13263201668150"
"2012-13853-27/05/2021","2 Metropolitan","KILKENNY","5009","CITY OF CHARLES STURT",2,0,0,0,0,2012,"August","Monday","02:00 pm","060","Not Divided","Straight road","Level","Not Applicable","Sealed","Dry","Not Raining","Daylight","Side Swipe","02","Driver Rider","1: PDO","No Control","","",,,
"2012-13854-27/05/2021","2 Metropolitan","DULWICH","5065","CITY OF BURNSIDE",2,0,0,0,0,2012,"August","Tuesday","07:30 am","060","T-Junction","Straight road","Level","Not Applicable","Sealed","Dry","Not Raining","Daylight","Rear End","01","Driver Rider","1: PDO","No Control","","",,,
"2012-13855-27/05/2021","2 Metropolitan","WOODVILLE","5011","CITY OF CHARLES STURT",2,0,0,0,0,2012,"August","Tuesday","09:25 am","060","Not Divided","Straight road","Level","Unknown","Sealed","Dry","Not Raining","Daylight","Hit Parked Vehicle","01","Driver Rider","1: PDO","No Control","","",,,
"2012-13856-27/05/2021","2 Metropolitan","NORTHGATE","5085","CITY OF PORT ADELAIDE ENFIELD",1,1,0,0,1,2012,"August","Tuesday","08:50 am","050","Not Divided","Straight road","Level","Not Applicable","Sealed","Dry","Not Raining","Daylight","Roll Over","01","Driver Rider","2: MI","No Control","","",,,
"2012-13857-27/05/2021","3 Country","MINDARIE","5309","DC KAROONDA EAST MURRAY.      ",1,2,0,1,1,2012,"August","Sunday","09:00 pm","100","Cross Road","Straight road","Level","Not Applicable","Unsealed","Dry","Not Raining","Night","Roll Over","01","Driver Rider","3: SI","No Control","","",1468575.93,1686037.31,"14685761686037"
"2012-13858-27/05/2021","2 Metropolitan","ATHELSTONE","5076","CC CAMPBELLTOWN.              ",2,0,0,0,0,2012,"August","Monday","11:00 pm","050","Not Divided","Straight road","Level","Not Applicable","Sealed","Dry","Not Raining","Night","Hit Parked Vehicle","02","Driver Rider","1: PDO","No Control","","",1338741.02,1677135.59,"13387411677136"
"2012-13859-27/05/2021","2 Metropolitan","THORNGATE","5082","CITY OF PROSPECT",2,0,0,0,0,2012,"August","Tuesday","10:35 am","060","Cross Road","Straight road","Level","Not Applicable","Sealed","Dry","Not Raining","Daylight","Rear End","02","Driver Rider","1: PDO","Traffic Signals","","",1328127.05,1673664.08,"13281271673664"
"2012-13860-27/05/2021","2 Metropolitan","WEST BEACH","5024","CITY OF CHARLES STURT",2,0,0,0,0,2012,"August","Monday","05:40 pm","050","Not Divided","Straight road","Level","Not Applicable","Sealed","Dry","Not Raining","Night","Right Angle","02","Driver Rider","1: PDO","No Control","","",1319655.01,1669011.29,"13196551669011"
"2012-13861-27/05/2021","2 Metropolitan","ELIZABETH EAST","5112","CITY OF PLAYFORD.",2,0,0,0,0,2012,"August","Sunday","04:00 pm","060","T-Junction","Straight road","Level","Not Applicable","Sealed","Dry","Not Raining","Daylight","Right Turn","02","Driver Rider","1: PDO","No Control","","",1336399.61,1693393.51,"13364001693394"
"2012-13862-27/05/2021","2 Metropolitan","SALISBURY","5108","CITY OF SALISBURY",3,0,0,0,0,2012,"August","Monday","02:30 pm","060","Not Divided","Straight road","Level","Not Applicable","Sealed","Dry","Not Raining","Daylight","Rear End","02","Driver Rider","1: PDO","No Control","","",1333166.9,1688436.98,"13331671688437"
"2012-13863-27/05/2021","2 Metropolitan","GLENELG","5045","CITY OF HOLDFAST BAY",2,1,0,0,1,2012,"August","Wednesday","11:55 am","040","T-Junction","Straight road","Level","Not Applicable","Sealed","Dry","Not Raining","Daylight","Rear End","02","Driver Rider","2: MI","No Control","","",1320580.56,1664887.89,"13205811664888"
"2012-13864-27/05/2021","2 Metropolitan","FULLARTON","5063","CITY OF UNLEY",3,2,0,1,1,2012,"August","Tuesday","09:35 am","060","Not Divided","Straight road","Level","Not Applicable","Sealed","Dry","Not Raining","Daylight","Rear End","01","Driver Rider","3: SI","No Control","","",1330733.14,1667411.85,"13307331667412"
"2012-13865-27/05/2021","2 Metropolitan","HINDMARSH","5007","CITY OF CHARLES STURT",2,0,0,0,0,2012,"August","Friday","01:20 pm","060","T-Junction","Straight road","Level","Not Applicable","Sealed","Dry","Not Raining","Daylight","Side Swipe","01","Driver Rider","1: PDO","No Control","","",1325569.24,1673049.69,"13255691673050"
"2012-13866-27/05/2021","2 Metropolitan","WEST HINDMARSH","5007","CITY OF CHARLES STURT",2,0,0,0,0,2012,"August","Tuesday","10:15 am","060","Divided Road","Straight road","Level","Not Applicable","Sealed","Dry","Not Raining","Daylight","Rear End","01","Driver Rider","1: PDO","No Control","","",1325433.84,1672959.66,"13254341672960"
"2012-13867-27/05/2021","2 Metropolitan","WINGFIELD","5013","CITY OF PORT ADELAIDE ENFIELD",2,0,0,0,0,2012,"August","Tuesday","11:45 am","070","Not Divided","Straight road","Level","Not Applicable","Sealed","Dry","Not Raining","Daylight","Rear End","02","Driver Rider","1: PDO","No Control","","",1326280.85,1680238.77,"13262811680239"
"2012-13868-27/05/2021","2 Metropolitan","WALKERVILLE","5081","WALKERVILLE TOWN COUNCIL",2,0,0,0,0,2012,"July","Sunday","01:00 pm","050","Not Divided","Straight road","Level","Unknown","Sealed","Unknown","Not Raining","Daylight","Hit Parked Vehicle","02","Driver Rider","1: PDO","No Control","","",1330151.29,1673961.91,"13301511673962"
"2012-13869-27/05/2021","2 Metropolitan","PARKSIDE","5063","CITY OF UNLEY",2,0,0,0,0,2012,"August","Monday","11:30 am","060","Not Divided","Straight road","Level","Not Applicable","Sealed","Dry","Not Raining","Daylight","Side Swipe","01","Driver Rider","1: PDO","No Control","","",1330201.12,1668722.45,"13302011668722"
"2012-13870-27/05/2021","2 Metropolitan","ELIZABETH VALE","5112","CITY OF PLAYFORD.",2,1,0,0,1,2012,"August","Tuesday","01:00 pm","060","Not Divided","Straight road","Level","Not Applicable","Sealed","Dry","Not Raining","Daylight","Side Swipe","02","Driver Rider","2: MI","No Control","","",1334438.21,1689808.61,"13344381689809"
"2012-13871-27/05/2021","1 City","ADELAIDE","5000","CITY OF ADELAIDE",2,0,0,0,0,2012,"August","Tuesday","12:30 pm","050","T-Junction","Straight road","Level","Not Applicable","Sealed","Dry","Not Raining","Daylight","Rear End","02","Driver Rider","1: PDO","Traffic Signals","","",1329511.89,1670854.34,"13295121670854"
"2012-13872-27/05/2021","2 Metropolitan","BLACK FOREST","5035","CC MARION.                    ",2,0,0,0,0,2012,"August","Monday","08:50 am","060","Not Divided","Straight road","Level","Not Applicable","Sealed","Dry","Not Raining","Daylight","Rear End","02","Driver Rider","1: PDO","No Control","","",,,
"2012-13873-27/05/2021","2 Metropolitan","MELROSE PARK","5039","CC MITCHAM.                   ",3,1,0,0,1,2012,"August","Tuesday","10:45 am","060","Divided Road","Straight road","Level","Driveway or Entrance","Sealed","Dry","Not Raining","Daylight","Hit Pedestrian","01","Driver Rider","2: MI","No Control","","",1325950.73,1663446.68,"13259511663447"
"2012-13874-27/05/2021","3 Country","TALIA","5670","DC ELLISTON.                  ",2,0,0,0,0,2012,"August","Saturday","04:30 pm","100","Not Divided","Straight road","Level","Not Applicable","Unsealed","Dry","Not Raining","Daylight","Hit Animal","02","Animal","1: PDO","No Control","","",997936.63,1857073.2,"09979371857073"
"2012-13875-27/05/2021","2 Metropolitan","INGLE FARM","5098","CITY OF SALISBURY",2,0,0,0,0,2012,"August","Sunday","09:00 pm","060","Cross Road","Straight road","Level","Not Applicable","Sealed","Wet","Raining","Night","Rear End","01","Driver Rider","1: PDO","Traffic Signals","","",1332126.96,1681789.14,"13321271681789"
"2012-13876-27/05/2021","2 Metropolitan","GRANGE","5022","CITY OF CHARLES STURT",2,0,0,0,0,2012,"August","Tuesday","08:00 am","040","Not Divided","Straight road","Level","Not Applicable","Sealed","Dry","Not Raining","Daylight","Hit Parked Vehicle","01","Driver Rider","1: PDO","No Control","","",1318563.36,1673492.53,"13185631673493"
"2012-13877-27/05/2021","2 Metropolitan","PAYNEHAM","5070","CC OF NORWOOD,PAYNEHAM & ST PETERS",2,0,0,0,0,2012,"August","Tuesday","02:10 pm","060","Cross Road","Straight road","Level","Not Applicable","Sealed","Dry","Not Raining","Daylight","Side Swipe","01","Driver Rider","1: PDO","Give Way Sign","","",1332186.76,1673371.72,"13321871673372"
"2012-13878-27/05/2021","2 Metropolitan","TORRENSVILLE","5031","CITY OF WEST TORRENS",2,1,0,0,1,2012,"August","Tuesday","03:15 pm","060","T-Junction","Straight road","Level","Not Applicable","Sealed","Dry","Not Raining","Daylight","Hit Pedestrian","02","Pedestrian","2: MI","No Control","","",1324421.37,1670947.93,"13244211670948"
"2012-13879-27/05/2021","2 Metropolitan","ELIZABETH WEST","5113","CITY OF PLAYFORD.",2,0,0,0,0,2012,"August","Monday","03:00 pm","060","T-Junction","Straight road","Level","Not Applicable","Sealed","Dry","Not Raining","Daylight","Rear End","02","Driver Rider","1: PDO","No Control","","",1335065.47,1694698.46,"13350651694698"
"2012-13880-27/05/2021","3 Country","LOXTON","5333","LOXTON WAIKERIE DISTRICT COUNCIL",1,2,0,0,2,2012,"August","Sunday","05:00 am","110","Not Divided","CURVED, VIEW OPEN","Level","Not Applicable","Sealed","Dry","Not Raining","Night","Roll Over","01","Driver Rider","2: MI","No Control","","",1513546.48,1709298.31,"15135461709298"
"2012-13881-27/05/2021","3 Country","MOUNT GAMBIER","5290","CC MT.GAMBIER.                ",2,0,0,0,0,2012,"August","Tuesday","03:40 pm","050","Cross Road","Straight road","Level","Not Applicable","Sealed","Dry","Not Raining","Daylight","Right Angle","02","Driver Rider","1: PDO","Roundabout","","",1512619.16,1339676.46,"15126191339676"
"2012-13882-27/05/2021","2 Metropolitan","GRANGE","5022","CITY OF CHARLES STURT",2,0,0,0,0,2012,"August","Tuesday","03:52 pm","050","T-Junction","Straight road","Level","Not Applicable","Sealed","Dry","Not Raining","Daylight","Right Angle","01","Driver Rider","1: PDO","No Control","","",1319801.39,1673429.08,"13198011673429"
"2012-13883-27/05/2021","2 Metropolitan","FULLARTON","5063","CITY OF UNLEY",2,1,0,0,1,2012,"August","Monday","03:20 pm","060","Divided Road","Straight road","Slope","Not Applicable","Sealed","Dry","Not Raining","Daylight","Rear End","02","Driver Rider","2: MI","No Control","","",1331523.83,1667695.95,"13315241667696"
"2012-13884-27/05/2021","1 City","ADELAIDE","5000","CITY OF ADELAIDE",2,0,0,0,0,2012,"August","Tuesday","04:25 pm","050","T-Junction","Straight road","Level","Not Applicable","Sealed","Dry","Not Raining","Daylight","Side Swipe","02","Driver Rider","1: PDO","No Control","","",1328564.16,1670189.62,"13285641670190"
"2012-13885-27/05/2021","3 Country","DUBLIN","5501","DC MALLALA.                   ",2,0,0,0,0,2012,"August","Tuesday","07:30 am","100","Not Divided","Straight road","Level","Not Applicable","Unsealed","Dry","Not Raining","Daylight","Hit Fixed Object","01","Driver Rider","1: PDO","No Control","","",,,
"2012-13886-27/05/2021","2 Metropolitan","GEPPS CROSS","5094","CITY OF PORT ADELAIDE ENFIELD",3,1,0,0,1,2012,"August","Tuesday","03:45 pm","070","T-Junction","CURVED, VIEW OPEN","Level","Not Applicable","Sealed","Dry","Not Raining","Daylight","Rear End","02","Driver Rider","2: MI","Traffic Signals","","",1328754.98,1680472.98,"13287551680473"
"2012-13887-27/05/2021","3 Country","VICTOR HARBOR","5211","DC VICTOR HARBOR.             ",2,0,0,0,0,2012,"August","Tuesday","04:10 pm","050","Cross Road","Straight road","Level","Not Applicable","Sealed","Dry","Not Raining","Daylight","Right Angle","01","Driver Rider","1: PDO","Give Way Sign","","",1328263.6,1601009.82,"13282641601010"
"2012-13888-27/05/2021","2 Metropolitan","WINGFIELD","5013","CITY OF PORT ADELAIDE ENFIELD",2,0,0,0,0,2012,"July","Wednesday","03:30 pm","070","Divided Road","Straight road","Level","Not Applicable","Sealed","Dry","Not Raining","Daylight","Side Swipe","02","Driver Rider","1: PDO","No Control","","",1325441.91,1680808.85,"13254421680809"
"2012-13889-27/05/2021","3 Country","WHYALLA STUART","5608","CC WHYALLA.                   ",2,2,0,0,2,2012,"August","Wednesday","07:05 pm","110","T-Junction","Straight road","Level","Not Applicable","Sealed","Dry","Not Raining","Night","Right Angle","02","Driver Rider","2: MI","No Control","","",1233737.97,1881094.55,"12337381881095"
"2012-13890-27/05/2021","2 Metropolitan","SEAVIEW DOWNS","5049","CC MARION.                    ",2,0,0,0,0,2012,"July","Tuesday","04:00 pm","050","Not Divided","Straight road","Slope","Unknown","Sealed","Dry","Not Raining","Daylight","Hit Fixed Object","01","Driver Rider","1: PDO","No Control","","",1322584.13,1658834.8,"13225841658835"
"2012-13891-27/05/2021","2 Metropolitan","NEWTON","5074","CC CAMPBELLTOWN.              ",2,0,0,0,0,2012,"August","Tuesday","02:40 pm","060","T-Junction","Straight road","Level","Not Applicable","Sealed","Dry","Not Raining","Daylight","Right Angle","02","Driver Rider","1: PDO","No Control","","",1335391.2,1675644.87,"13353911675645"
"2012-13892-27/05/2021","2 Metropolitan","THORNGATE","5082","CITY OF PROSPECT",2,0,0,0,0,2012,"August","Tuesday","05:15 pm","060","Cross Road","Straight road","Level","Not Applicable","Sealed","Dry","Not Raining","Daylight","Right Angle","02","Driver Rider","1: PDO","Traffic Signals","","",1328127.05,1673664.08,"13281271673664"
"2012-13893-27/05/2021","2 Metropolitan","PAYNEHAM","5070","CC OF NORWOOD,PAYNEHAM & ST PETERS",2,1,0,0,1,2012,"July","Tuesday","06:00 pm","060","Divided Road","Straight road","Level","Not Applicable","Sealed","Dry","Not Raining","Night","Rear End","02","Driver Rider","2: MI","No Control","","",1332727.62,1674056.49,"13327281674056"
"2012-13894-27/05/2021","1 City","ADELAIDE","5000","CITY OF ADELAIDE",3,0,0,0,0,2012,"August","Tuesday","04:10 pm","050","T-Junction","Straight road","Level","Not Applicable","Sealed","Dry","Not Raining","Daylight","Rear End","01","Driver Rider","1: PDO","No Control","","",1327538.32,1671108.73,"13275381671109"
"2012-13895-27/05/2021","2 Metropolitan","SALISBURY DOWNS","5108","CITY OF SALISBURY",2,0,0,0,0,2012,"August","Tuesday","04:50 pm","060","Divided Road","Straight road","Level","Not Applicable","Sealed","Dry","Not Raining","Daylight","Rear End","02","Driver Rider","1: PDO","No Control","","",,,
"2012-13896-27/05/2021","2 Metropolitan","KESWICK","5035","CITY OF WEST TORRENS",2,0,0,0,0,2012,"August","Tuesday","05:20 pm","060","Divided Road","Straight road","Level","Not Applicable","Sealed","Dry","Not Raining","Daylight","Rear End","02","Driver Rider","1: PDO","No Control","","",1325806.11,1668915.22,"13258061668915"
"2012-13897-27/05/2021","2 Metropolitan","GLENGOWRIE","5044","CC MARION.                    ",2,0,0,0,0,2012,"August","Tuesday","02:10 pm","060","Not Divided","Straight road","Level","Not Applicable","Sealed","Dry","Not Raining","Daylight","Hit Animal","02","Animal","1: PDO","No Control","","",,,
"2012-13898-27/05/2021","2 Metropolitan","ELIZABETH PARK","5113","CITY OF PLAYFORD.",2,0,0,0,0,2012,"August","Tuesday","08:30 am","060","T-Junction","Straight road","Slope","Not Applicable","Sealed","Dry","Not Raining","Daylight","Rear End","02","Driver Rider","1: PDO","No Control","","",1336982.82,1694349.59,"13369831694350"
"2012-13899-27/05/2021","2 Metropolitan","ENFIELD","5085","CITY OF PORT ADELAIDE ENFIELD",2,1,0,0,1,2012,"August","Tuesday","04:10 pm","050","Not Divided","Straight road","Level","Road hump or Slow point","Sealed","Dry","Not Raining","Daylight","Hit Fixed Object","01","Driver Rider","2: MI","No Control","","",1329218.56,1676587.98,"13292191676588"
"2012-13900-27/05/2021","2 Metropolitan","GEPPS CROSS","5094","CITY OF PORT ADELAIDE ENFIELD",2,2,0,0,2,2012,"August","Tuesday","04:35 pm","060","Cross Road","Straight road","Level","Not Applicable","Sealed","Dry","Not Raining","Daylight","Right Turn","01","Driver Rider","2: MI","Traffic Signals","","",1327996.81,1679245.21,"13279971679245"
"2012-13901-27/05/2021","1 City","ADELAIDE","5000","CITY OF ADELAIDE",2,0,0,0,0,2012,"August","Monday","12:15 pm","050","Not Divided","Straight road","Level","Driveway or Entrance","Sealed","Dry","Not Raining","Daylight","Side Swipe","02","Driver Rider","1: PDO","No Control","","",,,
"2012-13902-27/05/2021","2 Metropolitan","NORWOOD","5067","CC OF NORWOOD,PAYNEHAM & ST PETERS",2,0,0,0,0,2012,"August","Tuesday","08:30 pm","060","Multiple","Straight road","Level","Not Applicable","Sealed","Dry","Not Raining","Night","Rear End","02","Driver Rider","1: PDO","Roundabout","","",1330623.32,1670361.88,"13306231670362"
"2012-13903-27/05/2021","2 Metropolitan","GRANGE","5022","CITY OF CHARLES STURT",2,0,0,0,0,2012,"August","Tuesday","09:50 pm","050","T-Junction","Straight road","Level","Not Applicable","Sealed","Dry","Not Raining","Night","Right Angle","02","Driver Rider","1: PDO","No Control","","",1318756.72,1674144.19,"13187571674144"
"2012-13904-27/05/2021","2 Metropolitan","PROSPECT","5082","CITY OF PROSPECT",2,1,0,0,1,2012,"August","Tuesday","06:05 pm","060","Cross Road","Straight road","Level","Not Applicable","Sealed","Dry","Not Raining","Night","Right Turn","01","Driver Rider","2: MI","Traffic Signals","","",1328873.3,1676432.66,"13288731676433"
"2012-13905-27/05/2021","2 Metropolitan","PARKSIDE","5063","CITY OF UNLEY",2,1,0,0,1,2012,"August","Tuesday","04:45 pm","060","Divided Road","Straight road","Level","Not Applicable","Sealed","Dry","Not Raining","Daylight","Side Swipe","02","Driver Rider","2: MI","No Control","","",1330707.48,1668269.23,"13307071668269"
"2012-13906-27/05/2021","1 City","ADELAIDE","5000","CITY OF ADELAIDE",3,1,0,0,1,2012,"August","Tuesday","05:05 am","050","Divided Road","Straight road","Level","Not Applicable","Sealed","Dry","Not Raining","Night","Hit Pedestrian","01","Pedestrian","2: MI","No Control","","",1328504.49,1669772.89,"13285041669773"
"2012-13907-27/05/2021","2 Metropolitan","BIRKENHEAD","5015","CITY OF PORT ADELAIDE ENFIELD",2,0,0,0,0,2012,"August","Monday","02:00 pm","060","T-Junction","Straight road","Level","Not Applicable","Sealed","Dry","Not Raining","Daylight","Rear End","02","Driver Rider","1: PDO","Traffic Signals","","",1319960.73,1680687.77,"13199611680688"
"2012-13908-27/05/2021","2 Metropolitan","CROYDON PARK","5008","CITY OF PORT ADELAIDE ENFIELD",2,1,0,0,1,2012,"August","Monday","08:45 am","050","T-Junction","Straight road","Level","Not Applicable","Sealed","Dry","Not Raining","Daylight","Right Angle","01","Driver Rider","2: MI","No Control","","",1325619.78,1675821.57,"13256201675822"
"2012-13909-27/05/2021","1 City","NORTH ADELAIDE","5006","CITY OF ADELAIDE",2,0,0,0,0,2012,"August","Wednesday","05:55 am","050","Not Divided","Straight road","Level","Bridge, Culvert, Causeway","Sealed","Dry","Not Raining","Night","Side Swipe","01","Driver Rider","1: PDO","No Control","","",1328443.31,1671719.72,"13284431671720"
"2012-13910-27/05/2021","2 Metropolitan","DAW PARK","5041","CC MITCHAM.                   ",2,0,0,0,0,2012,"August","Monday","08:50 am","060","T-Junction","Straight road","Level","Not Applicable","Sealed","Dry","Not Raining","Daylight","Rear End","01","Driver Rider","1: PDO","Traffic Signals","","",1326767.49,1663339.73,"13267671663340"
"2012-13911-27/05/2021","2 Metropolitan","ELIZABETH SOUTH","5112","CITY OF PLAYFORD.",2,0,0,0,0,2012,"August","Wednesday","06:40 am","060","Not Divided","Straight road","Level","Driveway or Entrance","Sealed","Dry","Not Raining","Night","Right Turn","01","Driver Rider","1: PDO","No Control","","Y",1333446.18,1690363.27,"13334461690363"
"2012-13912-27/05/2021","3 Country","CEDUNA","5690","DC CEDUNA                     ",1,2,0,0,2,2012,"August","Wednesday","06:00 am","110","Not Divided","Straight road","Level","Not Applicable","Sealed","Dry","Not Raining","Night","Roll Over","01","Driver Rider","2: MI","No Control","","",867441.1,1993903.83,"08674411993904"