"REPORT_ID","Stats Area","Suburb","Postcode","LGA Name","Total Units","Total Cas","Total Fats","Total SI","Total MI","Year","Month","Day","Time","Area Speed","Position Type","Horizontal Align","Vertical Align","Other Feat","Road Surface","Moisture Cond","Weather Cond","DayNight","Crash Type","Unit Resp","Entity Code","CSEF Severity","Traffic Ctrls","DUI Involved","Drugs Involved","ACCLOC_X","ACCLOC_Y","UNIQUE_LOC"
"2012-14323-27/05/2021","2 Metropolitan","ASCOT PARK","5043","CC MARION.                    ",2,0,0,0,0,2012,"August","Tuesday","04:15 pm","060","Not Divided","Straight road","Level","Not Applicable","Sealed","Dry","Not Raining","Daylight","Rear End","02","Driver Rider","1: PDO","No Control","","",,,
"2012-14324-27/05/2021","1 City","NORTH ADELAIDE","5006","CITY OF ADELAIDE",2,0,0,0,0,2012,"August","Tuesday","02:30 pm","040","Not Divided","Straight road","Level","Not Applicable","Sealed","Dry","Not Raining","Daylight","Hit Parked Vehicle","02","Driver Rider","1: PDO","No Control","","",1328374.02,1672626.39,"13283741672626"
"2012-14325-27/05/2021","2 Metropolitan","GAWLER","5118","CT GAWLER.                    ",2,1,0,0,1,2012,"August","Wednesday","01:15 pm","050","T-Junction","CURVED, VIEW OPEN","Bottom of Hill","Not Applicable","Sealed","Dry","Not Raining","Daylight","Hit Pedestrian","01","Driver Rider","2: MI","Traffic Signals","","",1343360.57,1706588.67,"13433611706589"
"2012-14326-27/05/2021","2 Metropolitan","FAIRVIEW PARK","5126","CITY OF TEA TREE GULLY",1,1,0,0,1,2012,"August","Wednesday","12:30 pm","060","T-Junction","CURVED, VIEW OBSCURED","Bottom of Hill","Not Applicable","Sealed","Dry","Not Raining","Daylight","Roll Over","01","Driver Rider","2: MI","No Control","","",1339651,1684666.09,"13396511684666"
"2012-14327-27/05/2021","2 Metropolitan","SOMERTON PARK","5044","CITY OF HOLDFAST BAY",2,1,0,0,1,2012,"August","Tuesday","05:30 pm","060","Cross Road","Straight road","Level","Not Applicable","Sealed","Dry","Not Raining","Daylight","Right Turn","02","Driver Rider","2: MI","Give Way Sign","","",1321086.4,1662676.02,"13210861662676"
"2012-14328-27/05/2021","2 Metropolitan","MORPHETT VALE","5162","CITY OF ONKAPARINGA",2,0,0,0,0,2012,"August","Wednesday","12:40 pm","060","Divided Road","Straight road","Slope","Not Applicable","Sealed","Wet","Raining","Daylight","Side Swipe","02","Driver Rider","1: PDO","No Control","","",,,
"2012-14329-27/05/2021","2 Metropolitan","WINDSOR GARDENS","5087","CITY OF PORT ADELAIDE ENFIELD",2,0,0,0,0,2012,"August","Wednesday","02:30 pm","060","Divided Road","Straight road","Level","Not Applicable","Sealed","Wet","Not Raining","Daylight","Rear End","01","Driver Rider","1: PDO","No Control","","",1334007.79,1677910.44,"13340081677910"
"2012-14330-27/05/2021","2 Metropolitan","ST MORRIS","5068","CC OF NORWOOD,PAYNEHAM & ST PETERS",2,0,0,0,0,2012,"August","Wednesday","01:15 pm","060","Cross Road","Straight road","Level","Not Applicable","Sealed","Dry","Not Raining","Daylight","Rear End","02","Driver Rider","1: PDO","Traffic Signals","","",1333859.33,1671805.1,"13338591671805"
"2012-14331-27/05/2021","2 Metropolitan","CHANDLERS HILL","5159","CITY OF ONKAPARINGA",2,0,0,0,0,2012,"August","Wednesday","01:15 pm","070","Not Divided","CURVED, VIEW OBSCURED","Level","Not Applicable","Sealed","Wet","Raining","Daylight","Hit Fixed Object","01","Driver Rider","1: PDO","No Control","","",1329703.23,1652243.37,"13297031652243"
"2012-14332-27/05/2021","3 Country","MURRAY BRIDGE","5253","RC MURRAY BRIDGE.             ",2,0,0,0,0,2012,"August","Wednesday","09:20 am","050","Not Divided","Straight road","Level","Driveway or Entrance","Sealed","Dry","Not Raining","Daylight","Right Angle","02","Driver Rider","1: PDO","No Control","","",1390229.27,1645275.07,"13902291645275"
"2012-14333-27/05/2021","2 Metropolitan","CASTAMBUL","5076","THE ADELAIDE HILLS COUNCIL",2,0,0,0,0,2012,"August","Wednesday","12:00 pm","070","Not Divided","CURVED, VIEW OBSCURED","Slope","Not Applicable","Sealed","Wet","Raining","Daylight","Hit Fixed Object","01","Driver Rider","1: PDO","No Control","","",,,
"2012-14334-27/05/2021","2 Metropolitan","FIRLE","5070","CC OF NORWOOD,PAYNEHAM & ST PETERS",2,0,0,0,0,2012,"August","Wednesday","02:30 pm","050","Not Divided","Straight road","Level","Driveway or Entrance","Sealed","Dry","Not Raining","Daylight","Right Angle","01","Driver Rider","1: PDO","No Control","","",1333700.63,1672694.24,"13337011672694"
"2012-14335-27/05/2021","2 Metropolitan","INGLE FARM","5098","CITY OF SALISBURY",2,0,0,0,0,2012,"August","Wednesday","01:10 pm","060","Divided Road","Straight road","Slope","Driveway or Entrance","Sealed","Dry","Not Raining","Daylight","Right Angle","02","Driver Rider","1: PDO","No Control","","",,,
"2012-14336-27/05/2021","2 Metropolitan","DAW PARK","5041","CC MITCHAM.                   ",2,0,0,0,0,2012,"August","Wednesday","03:30 pm","060","Divided Road","Straight road","Level","Driveway or Entrance","Sealed","Dry","Not Raining","Daylight","Right Angle","02","Driver Rider","1: PDO","No Control","","",1327590.15,1663650.57,"13275901663651"
"2012-14337-27/05/2021","2 Metropolitan","FLINDERS PARK","5025","CITY OF CHARLES STURT",4,1,0,0,1,2012,"August","Wednesday","02:50 pm","050","Cross Road","Straight road","Level","Not Applicable","Sealed","Dry","Not Raining","Daylight","Right Angle","01","Driver Rider","2: MI","Give Way Sign","","",1323790.12,1672832.48,"13237901672832"
"2012-14338-27/05/2021","3 Country","WATTLE FLAT","5203","DC YANKALILLA.                ",1,0,0,0,0,2012,"August","Wednesday","11:30 am","100","Not Divided","CURVED, VIEW OPEN","Slope","Not Applicable","Sealed","Dry","Not Raining","Daylight","Left Road - Out of Control","01","Driver Rider","1: PDO","No Control","","",1307533.64,1615352.32,"13075341615352"
"2012-14339-27/05/2021","2 Metropolitan","CROYDON PARK","5008","CITY OF PORT ADELAIDE ENFIELD",3,0,0,0,0,2012,"August","Wednesday","03:45 pm","060","Not Divided","Straight road","Level","Not Applicable","Sealed","Wet","Not Raining","Daylight","Rear End","01","Driver Rider","1: PDO","No Control","","",,,
"2012-14340-27/05/2021","2 Metropolitan","SALISBURY PLAIN","5109","CITY OF SALISBURY",2,0,0,0,0,2012,"August","Wednesday","04:53 pm","060","Cross Road","Straight road","Level","Not Applicable","Sealed","Wet","Raining","Daylight","Rear End","01","Driver Rider","1: PDO","Traffic Signals","","",1335452.41,1688124.93,"13354521688125"
"2012-14341-27/05/2021","2 Metropolitan","SALISBURY","5108","CITY OF SALISBURY",2,0,0,0,0,2012,"August","Wednesday","04:10 pm","050","Not Divided","Straight road","Level","Not Applicable","Sealed","Wet","Not Raining","Daylight","Head On","02","Driver Rider","1: PDO","No Control","","",1333669.66,1688635.38,"13336701688635"
"2012-14342-27/05/2021","1 City","ADELAIDE","5000","CITY OF ADELAIDE",2,0,0,0,0,2012,"August","Wednesday","08:15 am","050","T-Junction","Straight road","Level","Not Applicable","Sealed","Dry","Not Raining","Daylight","Side Swipe","02","Driver Rider","1: PDO","Traffic Signals","","",1329012.45,1671149.03,"13290121671149"
"2012-14343-27/05/2021","3 Country","PORT PIRIE","5540","PT.PIRIE CITY & DIST. COUNCIL ",2,0,0,0,0,2012,"August","Wednesday","05:30 pm","050","Not Divided","Straight road","Level","Driveway or Entrance","Sealed","Wet","Raining","Daylight","Right Angle","02","Driver Rider","1: PDO","No Control","","",1279766.21,1864489.16,"12797661864489"
"2012-14344-27/05/2021","1 City","ADELAIDE","5000","CITY OF ADELAIDE",2,1,0,0,1,2012,"August","Wednesday","05:00 pm","050","Cross Road","Straight road","Level","Not Applicable","Sealed","Dry","Not Raining","Daylight","Side Swipe","02","Driver Rider","2: MI","Traffic Signals","","",1328680.43,1671149.34,"13286801671149"
"2012-14345-27/05/2021","2 Metropolitan","ELIZABETH","5112","CITY OF PLAYFORD.",2,1,0,0,1,2012,"August","Tuesday","03:45 pm","050","Pedestrian Crossing","Straight road","Level","Not Applicable","Sealed","Dry","Not Raining","Daylight","Hit Pedestrian","02","Pedestrian","2: MI","Traffic Signals","","",1335299.65,1693524.81,"13353001693525"
"2012-14346-27/05/2021","2 Metropolitan","NORWOOD","5067","CC OF NORWOOD,PAYNEHAM & ST PETERS",2,1,0,0,1,2012,"August","Wednesday","03:34 pm","060","Cross Road","Straight road","Level","Not Applicable","Sealed","Dry","Not Raining","Daylight","Right Angle","01","Driver Rider","2: MI","Stop Sign","","",1331874.28,1670398.69,"13318741670399"
"2012-14347-27/05/2021","2 Metropolitan","PARAFIELD GARDENS","5107","CITY OF SALISBURY",2,0,0,0,0,2012,"August","Wednesday","05:15 pm","060","T-Junction","Straight road","Level","Not Applicable","Sealed","Dry","Not Raining","Daylight","Right Angle","02","Driver Rider","1: PDO","Roundabout","","",1330109.87,1687875.58,"13301101687876"
"2012-14348-27/05/2021","2 Metropolitan","PAYNEHAM","5070","CC OF NORWOOD,PAYNEHAM & ST PETERS",3,0,0,0,0,2012,"August","Wednesday","05:00 pm","060","Divided Road","Straight road","Level","Not Applicable","Sealed","Dry","Not Raining","Daylight","Side Swipe","01","Driver Rider","1: PDO","No Control","","",,,
"2012-14349-27/05/2021","2 Metropolitan","PARKSIDE","5063","CITY OF UNLEY",2,1,0,0,1,2012,"August","Wednesday","04:30 pm","060","Cross Road","Straight road","Level","Unknown","Sealed","Wet","Not Raining","Daylight","Rear End","02","Driver Rider","2: MI","Traffic Signals","","",1329057.06,1668981.6,"13290571668982"
"2012-14350-27/05/2021","2 Metropolitan","BEDFORD PARK","5042","CC MITCHAM.                   ",2,0,0,0,0,2012,"August","Wednesday","09:30 am","060","Cross Road","Straight road","Level","Not Applicable","Sealed","Dry","Not Raining","Daylight","Rear End","02","Driver Rider","1: PDO","Traffic Signals","","",1325386.13,1660697.91,"13253861660698"
"2012-14351-27/05/2021","1 City","ADELAIDE","5000","CITY OF ADELAIDE",2,1,0,0,1,2012,"August","Monday","09:00 am","050","Not Divided","Straight road","Level","Not Applicable","Sealed","Dry","Not Raining","Daylight","Hit Parked Vehicle","02","Driver Rider","2: MI","No Control","","",1329714.26,1669977.22,"13297141669977"
"2012-14352-27/05/2021","2 Metropolitan","PARA HILLS","5096","CITY OF SALISBURY",2,0,0,0,0,2012,"August","Wednesday","05:45 pm","050","Not Divided","CURVED, VIEW OPEN","Slope","Driveway or Entrance","Sealed","Wet","Raining","Night","Right Turn","01","Driver Rider","1: PDO","No Control","","",1333707.36,1682694.83,"13337071682695"
"2012-14353-27/05/2021","2 Metropolitan","OLD REYNELLA","5161","CITY OF ONKAPARINGA",2,0,0,0,0,2012,"August","Wednesday","05:50 pm","050","Not Divided","Straight road","Level","Driveway or Entrance","Sealed","Dry","Not Raining","Night","Rear End","02","Driver Rider","1: PDO","No Control","","",1322112.76,1651974.97,"13221131651975"
"2012-14354-27/05/2021","2 Metropolitan","ELIZABETH NORTH","5113","CITY OF PLAYFORD.",2,0,0,0,0,2012,"August","Wednesday","06:50 pm","050","Not Divided","Straight road","Level","Driveway or Entrance","Sealed","Wet","Not Raining","Night","Hit Parked Vehicle","02","Driver Rider","1: PDO","No Control","","",1336703.55,1695733.42,"13367041695733"
"2012-14355-27/05/2021","3 Country","PORT LINCOLN","5606","CC PT.LINCOLN.                ",2,0,0,0,0,2012,"August","Wednesday","09:50 pm","050","Not Divided","Straight road","Slope","Driveway or Entrance","Sealed","Dry","Not Raining","Night","Hit Parked Vehicle","01","Driver Rider","1: PDO","No Control","","",,,
"2012-14356-27/05/2021","2 Metropolitan","ELIZABETH PARK","5113","CITY OF PLAYFORD.",3,0,0,0,0,2012,"August","Wednesday","08:50 pm","060","Not Divided","Straight road","Level","Not Applicable","Sealed","Dry","Not Raining","Night","Hit Fixed Object","09","Other","1: PDO","No Control","","",1337125.2,1693432.31,"13371251693432"
"2012-14357-27/05/2021","2 Metropolitan","CAMDEN PARK","5038","CITY OF WEST TORRENS",3,1,0,0,1,2012,"August","Wednesday","04:10 pm","060","T-Junction","Straight road","Level","Not Applicable","Sealed","Dry","Not Raining","Daylight","Rear End","01","Driver Rider","2: MI","No Control","","",1322615.66,1666104.64,"13226161666105"
"2012-14358-27/05/2021","2 Metropolitan","CROYDON PARK","5008","CITY OF PORT ADELAIDE ENFIELD",2,1,0,0,1,2012,"August","Wednesday","06:25 pm","060","T-Junction","Straight road","Level","Not Applicable","Sealed","Dry","Not Raining","Night","Right Angle","01","Driver Rider","2: MI","No Control","","",1324937.43,1675666.61,"13249371675667"
"2012-14359-27/05/2021","2 Metropolitan","GLOBE DERBY PARK","5110","CITY OF SALISBURY",2,1,0,0,1,2012,"August","Wednesday","04:50 pm","080","Divided Road","Straight road","Level","Not Applicable","Sealed","Dry","Not Raining","Daylight","Side Swipe","02","Driver Rider","2: MI","No Control","","",1328638.08,1684616.8,"13286381684617"
"2012-14360-27/05/2021","2 Metropolitan","LONSDALE","5160","CITY OF ONKAPARINGA",2,0,0,0,0,2012,"August","Wednesday","06:30 am","080","Divided Road","CURVED, VIEW OPEN","Slope","Not Applicable","Sealed","Dry","Not Raining","Night","Rear End","02","Driver Rider","1: PDO","No Control","","",1318710.73,1651541.82,"13187111651542"
"2012-14361-27/05/2021","3 Country","BUGLE RANGES","5251","DC MT.BARKER.                 ",1,0,0,0,0,2012,"August","Wednesday","02:15 pm","100","T-Junction","CURVED, VIEW OPEN","Level","Not Applicable","Sealed","Dry","Not Raining","Daylight","Roll Over","01","Driver Rider","1: PDO","No Control","","",,,
"2012-14362-27/05/2021","2 Metropolitan","PANORAMA","5041","CC MITCHAM.                   ",2,0,0,0,0,2012,"August","Wednesday","06:00 pm","060","Divided Road","Straight road","Level","Not Applicable","Sealed","Dry","Not Raining","Night","Rear End","02","Driver Rider","1: PDO","No Control","","",1327592.52,1663515.03,"13275931663515"
"2012-14363-27/05/2021","2 Metropolitan","NORTHGATE","5085","CITY OF PORT ADELAIDE ENFIELD",2,0,0,0,0,2012,"August","Thursday","07:40 am","050","Cross Road","Straight road","Level","Not Applicable","Sealed","Dry","Not Raining","Daylight","Right Angle","01","Driver Rider","1: PDO","Roundabout","","",1331201.56,1678668.27,"13312021678668"
"2012-14364-27/05/2021","3 Country","MURRAY BRIDGE","5253","RC MURRAY BRIDGE.             ",2,0,0,0,0,2012,"August","Wednesday","04:00 pm","050","T-Junction","Straight road","Level","Not Applicable","Sealed","Dry","Not Raining","Daylight","Hit Fixed Object","01","Driver Rider","1: PDO","No Control","","",1389139.75,1644326.85,"13891401644327"
"2012-14365-27/05/2021","2 Metropolitan","BOWDEN","5007","CITY OF CHARLES STURT",2,1,0,0,1,2012,"August","Thursday","08:00 am","060","Divided Road","Straight road","Level","Not Applicable","Sealed","Dry","Not Raining","Daylight","Rear End","02","Driver Rider","2: MI","No Control","","",1326789.85,1672933.75,"13267901672934"
"2012-14366-27/05/2021","2 Metropolitan","HAPPY VALLEY","5159","CITY OF ONKAPARINGA",2,1,0,0,1,2012,"August","Saturday","06:30 pm","080","Cross Road","Straight road","Level","Not Applicable","Sealed","Dry","Not Raining","Night","Rear End","02","Driver Rider","2: MI","Traffic Signals","","",1323417.65,1654231,"13234181654231"
"2012-14367-27/05/2021","3 Country","CURRAMULKA","5580","YORKE PENINSULA COUNCIL",2,1,0,0,1,2012,"August","Thursday","07:15 am","100","Not Divided","Straight road","Slope","Not Applicable","Unsealed","Wet","Not Raining","Daylight","Hit Fixed Object","01","Driver Rider","2: MI","No Control","","",1242933.48,1692709.52,"12429331692710"
"2012-14368-27/05/2021","2 Metropolitan","BELAIR","5052","CC MITCHAM.                   ",2,1,0,0,1,2012,"August","Wednesday","04:00 pm","060","Not Divided","Straight road","Level","Not Applicable","Sealed","Dry","Not Raining","Daylight","Right Angle","02","Driver Rider","2: MI","No Control","","",1330330.18,1662610.63,"13303301662611"
"2012-14369-27/05/2021","3 Country","TANUNDA","5352","THE BAROSSA COUNCIL.",2,0,0,0,0,2012,"August","Wednesday","03:30 pm","080","Cross Road","Straight road","Level","Not Applicable","Sealed","Dry","Not Raining","Daylight","Right Angle","02","Driver Rider","1: PDO","Stop Sign","","",1364042.61,1713570.72,"13640431713571"
"2012-14370-27/05/2021","2 Metropolitan","BLAKEVIEW","5114","CITY OF PLAYFORD.",2,0,0,0,0,2012,"August","Thursday","08:30 am","050","T-Junction","Straight road","Level","Not Applicable","Sealed","Dry","Not Raining","Daylight","Right Angle","01","Driver Rider","1: PDO","No Control","","",1338442.96,1696375.07,"13384431696375"
"2012-14371-27/05/2021","2 Metropolitan","TEA TREE GULLY","5091","CITY OF TEA TREE GULLY",2,0,0,0,0,2012,"August","Wednesday","05:30 pm","060","T-Junction","Straight road","Level","Not Applicable","Sealed","Dry","Not Raining","Daylight","Right Angle","02","Driver Rider","1: PDO","No Control","","",1340322.41,1681915.97,"13403221681916"
"2012-14372-27/05/2021","3 Country","KEITH","5267","DC TATIARA.                   ",2,0,0,0,0,2012,"August","Thursday","03:30 am","110","Not Divided","Straight road","Level","Not Applicable","Sealed","Wet","Not Raining","Night","Side Swipe","02","Driver Rider","1: PDO","No Control","","",,,
"2012-14373-27/05/2021","2 Metropolitan","FLAGSTAFF HILL","5159","CITY OF ONKAPARINGA",2,0,0,0,0,2012,"August","Wednesday","05:00 pm","080","Cross Road","Straight road","Level","Not Applicable","Sealed","Dry","Not Raining","Daylight","Rear End","02","Driver Rider","1: PDO","Roundabout","","",1325603.37,1656854,"13256031656854"
"2012-14374-27/05/2021","1 City","ADELAIDE","5000","CITY OF ADELAIDE",2,0,0,0,0,2012,"August","Thursday","09:15 am","050","T-Junction","Straight road","Level","Not Applicable","Sealed","Dry","Not Raining","Daylight","Rear End","01","Driver Rider","1: PDO","No Control","","",1329036.52,1670283.23,"13290371670283"
"2012-14375-27/05/2021","2 Metropolitan","ST MARYS","5042","CC MITCHAM.                   ",2,0,0,0,0,2012,"August","Tuesday","07:40 am","060","Cross Road","Straight road","Slope","Not Applicable","Sealed","Dry","Not Raining","Daylight","Rear End","02","Driver Rider","1: PDO","Traffic Signals","","",1326004.51,1661277.67,"13260051661278"
"2012-14376-27/05/2021","2 Metropolitan","MILE END","5031","CITY OF WEST TORRENS",3,0,0,0,0,2012,"August","Thursday","08:00 am","060","T-Junction","Straight road","Level","Not Applicable","Sealed","Dry","Not Raining","Daylight","Right Turn","01","Driver Rider","1: PDO","No Control","","",1326080.52,1670999.64,"13260811671000"
"2012-14377-27/05/2021","2 Metropolitan","NORTHFIELD","5085","CITY OF PORT ADELAIDE ENFIELD",2,0,0,0,0,2012,"August","Thursday","08:00 am","060","Not Divided","Straight road","Level","Not Applicable","Sealed","Dry","Not Raining","Daylight","Side Swipe","01","Driver Rider","1: PDO","No Control","","",,,
"2012-14378-27/05/2021","2 Metropolitan","GEPPS CROSS","5094","CITY OF PORT ADELAIDE ENFIELD",2,0,0,0,0,2012,"August","Wednesday","04:00 pm","060","Cross Road","Straight road","Level","Not Applicable","Sealed","Dry","Not Raining","Daylight","Rear End","02","Driver Rider","1: PDO","Traffic Signals","","",1327182.14,1679208.39,"13271821679208"
"2012-14379-27/05/2021","2 Metropolitan","ENFIELD","5085","CITY OF PORT ADELAIDE ENFIELD",5,0,0,0,0,2012,"August","Thursday","09:15 am","060","Divided Road","Straight road","Level","Not Applicable","Sealed","Dry","Not Raining","Daylight","Rear End","02","Driver Rider","1: PDO","No Control","","",1328856.79,1677187.67,"13288571677188"
"2012-14380-27/05/2021","2 Metropolitan","PORT ADELAIDE","5015","CITY OF PORT ADELAIDE ENFIELD",2,0,0,0,0,2012,"August","Monday","11:35 am","050","Cross Road","Straight road","Level","Not Applicable","Sealed","Dry","Not Raining","Daylight","Right Angle","02","Driver Rider","1: PDO","Roundabout","","",1319937.71,1679679.74,"13199381679680"
"2012-14381-27/05/2021","2 Metropolitan","REYNELLA EAST","5161","CITY OF ONKAPARINGA",2,0,0,0,0,2012,"August","Wednesday","04:50 pm","060","T-Junction","Straight road","Slope","Not Applicable","Sealed","Dry","Not Raining","Daylight","Rear End","01","Driver Rider","1: PDO","No Control","","",1323826.55,1653417.56,"13238271653418"
"2012-14382-27/05/2021","2 Metropolitan","GILLES PLAINS","5086","CITY OF PORT ADELAIDE ENFIELD",2,0,0,0,0,2012,"August","Thursday","12:30 pm","060","T-Junction","Straight road","Level","Not Applicable","Sealed","Dry","Not Raining","Daylight","Side Swipe","02","Driver Rider","1: PDO","Traffic Signals","","",1333628.77,1678276.91,"13336291678277"
"2012-14383-27/05/2021","2 Metropolitan","HAWTHORN","5062","CC MITCHAM.                   ",2,0,0,0,0,2012,"August","Thursday","11:30 am","060","Divided Road","Straight road","Level","Not Applicable","Sealed","Dry","Not Raining","Daylight","Side Swipe","01","Driver Rider","1: PDO","No Control","","",1328939.02,1666241.76,"13289391666242"
"2012-14384-27/05/2021","2 Metropolitan","TORRENS PARK","5062","CC MITCHAM.                   ",2,0,0,0,0,2012,"August","Thursday","10:20 am","060","T-Junction","CURVED, VIEW OPEN","Slope","Not Applicable","Sealed","Dry","Not Raining","Daylight","Right Angle","02","Driver Rider","1: PDO","Traffic Signals","","",1329163.75,1665286.3,"13291641665286"
"2012-14385-27/05/2021","2 Metropolitan","GLENSIDE","5065","CITY OF BURNSIDE",2,0,0,0,0,2012,"August","Thursday","12:00 pm","060","Divided Road","Straight road","Level","Not Applicable","Sealed","Dry","Not Raining","Daylight","Hit Parked Vehicle","01","Driver Rider","1: PDO","No Control","","",1330835.27,1669013.06,"13308351669013"
"2012-14386-27/05/2021","2 Metropolitan","FULHAM GARDENS","5024","CITY OF CHARLES STURT",3,0,0,0,0,2012,"August","Thursday","01:15 pm","060","Divided Road","Straight road","Level","Not Applicable","Sealed","Dry","Not Raining","Daylight","Rear End","01","Driver Rider","1: PDO","No Control","","",1320734.94,1673073.4,"13207351673073"
"2012-14387-27/05/2021","2 Metropolitan","HOVE","5048","CITY OF HOLDFAST BAY",2,0,0,0,0,2012,"August","Thursday","12:30 pm","060","Rail Crossing","Straight road","Level","Not Applicable","Sealed","Dry","Not Raining","Daylight","Rear End","02","Driver Rider","1: PDO","Rail Xing-Traffic Signals","","",1321125.08,1661279.2,"13211251661279"
"2012-14388-27/05/2021","2 Metropolitan","BEDFORD PARK","5042","CC MARION.                    ",3,1,0,0,1,2012,"August","Thursday","12:10 pm","070","Divided Road","Straight road","Level","Not Applicable","Sealed","Dry","Not Raining","Daylight","Hit Fixed Object","01","Driver Rider","2: MI","No Control","","",1324437.23,1660023.49,"13244371660023"
"2012-14389-27/05/2021","2 Metropolitan","FIRLE","5070","CC OF NORWOOD,PAYNEHAM & ST PETERS",2,0,0,0,0,2012,"August","Thursday","02:00 pm","050","Not Divided","Straight road","Level","Driveway or Entrance","Sealed","Dry","Not Raining","Daylight","Right Angle","02","Driver Rider","1: PDO","No Control","","",1333700.63,1672694.24,"13337011672694"
"2012-14390-27/05/2021","2 Metropolitan","SALISBURY","5108","CITY OF SALISBURY",2,1,0,0,1,2012,"August","Thursday","01:10 pm","060","Not Divided","Straight road","Level","Not Applicable","Sealed","Dry","Not Raining","Daylight","Rear End","01","Driver Rider","2: MI","No Control","","Y",1332664.49,1688657.3,"13326641688657"
"2012-14391-27/05/2021","3 Country","NORMANVILLE","5204","DC YANKALILLA.                ",2,0,0,0,0,2012,"August","Thursday","01:45 pm","060","T-Junction","CURVED, VIEW OPEN","Slope","Not Applicable","Sealed","Wet","Raining","Daylight","Right Angle","01","Driver Rider","1: PDO","Give Way Sign","","",1301036.33,1613660.29,"13010361613660"
"2012-14392-27/05/2021","2 Metropolitan","LONSDALE","5160","CITY OF ONKAPARINGA",2,0,0,0,0,2012,"August","Thursday","03:30 pm","080","Cross Road","Straight road","Level","Not Applicable","Sealed","Wet","Raining","Daylight","Rear End","02","Driver Rider","1: PDO","Traffic Signals","","",1318632.31,1650955.58,"13186321650956"
"2012-14393-27/05/2021","3 Country","SPENCE","5271","DC NARACOORTE & LUCINDALE.",2,0,0,0,0,2012,"August","Thursday","12:45 pm","110","Not Divided","CURVED, VIEW OPEN","Level","Not Applicable","Sealed","Dry","Not Raining","Daylight","Hit Fixed Object","01","Driver Rider","1: PDO","No Control","","",,,
"2012-14394-27/05/2021","3 Country","PORT PIRIE WEST","5540","PT.PIRIE CITY & DIST. COUNCIL ",2,0,0,0,0,2012,"August","Thursday","03:30 pm","060","Not Divided","Straight road","Level","Not Applicable","Sealed","Dry","Not Raining","Daylight","Side Swipe","02","Driver Rider","1: PDO","No Control","","",,,
"2012-14395-27/05/2021","2 Metropolitan","KENT TOWN","5067","CC OF NORWOOD,PAYNEHAM & ST PETERS",2,1,0,0,1,2012,"August","Tuesday","12:05 pm","050","Not Divided","Straight road","Level","Not Applicable","Sealed","Dry","Not Raining","Daylight","Hit Parked Vehicle","02","Driver Rider","2: MI","No Control","","",1330081.95,1671132.95,"13300821671133"
"2012-14396-27/05/2021","3 Country","LIPSON","5607","DC TUMBY BAY.                 ",2,0,0,0,0,2012,"August","Thursday","03:15 pm","100","Not Divided","Straight road","Level","Not Applicable","Unsealed","Wet","Not Raining","Daylight","Hit Fixed Object","01","Driver Rider","1: PDO","No Control","","",,,
"2012-14397-27/05/2021","3 Country","ROBE","5276","DC ROBE.                      ",2,0,0,0,0,2012,"August","Thursday","11:40 am","050","T-Junction","CURVED, VIEW OBSCURED","Level","Not Applicable","Sealed","Wet","Raining","Daylight","Right Angle","02","Driver Rider","1: PDO","No Control","","",1423034.32,1418595.1,"14230341418595"
"2012-14398-27/05/2021","2 Metropolitan","O'HALLORAN HILL","5158","CITY OF ONKAPARINGA",2,1,0,0,1,2012,"August","Wednesday","09:22 pm","080","Not Divided","Straight road","Level","Median Opening (not at I/S)","Sealed","Dry","Not Raining","Night","Right Turn","01","Driver Rider","2: MI","No Control","","Y",1324338.62,1657027.5,"13243391657028"
"2012-14399-27/05/2021","3 Country","WASLEYS","5400","LIGHT REGIONAL COUNCIL",2,1,0,1,0,2012,"August","Thursday","03:00 am","100","Not Divided","Straight road","Level","Not Applicable","Sealed","Dry","Not Raining","Night","Hit Fixed Object","01","Driver Rider","3: SI","No Control","","",1338147.43,1718182.42,"13381471718182"
"2012-14400-27/05/2021","2 Metropolitan","STIRLING","5152","THE ADELAIDE HILLS COUNCIL",2,0,0,0,0,2012,"August","Thursday","02:35 pm","100","Interchange","CURVED, VIEW OPEN","Slope","Driveway or Entrance","Sealed","Wet","Raining","Daylight","Hit Fixed Object","01","Driver Rider","1: PDO","No Control","","",1338419.31,1662140.56,"13384191662141"
"2012-14401-27/05/2021","2 Metropolitan","WINGFIELD","5013","CITY OF PORT ADELAIDE ENFIELD",2,0,0,0,0,2012,"August","Thursday","03:45 pm","060","Cross Road","Straight road","Level","Not Applicable","Sealed","Wet","Raining","Daylight","Hit Fixed Object","01","Driver Rider","1: PDO","Traffic Signals","","",1323910.63,1679162.4,"13239111679162"
"2012-14402-27/05/2021","2 Metropolitan","HUNTFIELD HEIGHTS","5163","CITY OF ONKAPARINGA",2,1,0,0,1,2012,"August","Thursday","03:15 pm","100","Freeway","Straight road","Slope","Not Applicable","Sealed","Wet","Raining","Daylight","Rear End","02","Driver Rider","2: MI","No Control","","",1319096.77,1646242.4,"13190971646242"
"2012-14403-27/05/2021","2 Metropolitan","TUSMORE","5065","CITY OF BURNSIDE",2,0,0,0,0,2012,"August","Thursday","07:30 am","060","Cross Road","Straight road","Level","Not Applicable","Sealed","Dry","Not Raining","Daylight","Right Angle","02","Driver Rider","1: PDO","Give Way Sign","","",1332821.93,1669060.1,"13328221669060"
"2012-14404-27/05/2021","2 Metropolitan","MAWSON LAKES","5095","CITY OF SALISBURY",2,0,0,0,0,2012,"August","Thursday","03:45 pm","080","Divided Road","Straight road","Level","Not Applicable","Sealed","Wet","Not Raining","Daylight","Rear End","02","Driver Rider","1: PDO","No Control","","",1328714.71,1682497.94,"13287151682498"