"REPORT_ID","Stats Area","Suburb","Postcode","LGA Name","Total Units","Total Cas","Total Fats","Total SI","Total MI","Year","Month","Day","Time","Area Speed","Position Type","Horizontal Align","Vertical Align","Other Feat","Road Surface","Moisture Cond","Weather Cond","DayNight","Crash Type","Unit Resp","Entity Code","CSEF Severity","Traffic Ctrls","DUI Involved","Drugs Involved","ACCLOC_X","ACCLOC_Y","UNIQUE_LOC"
"2012-14405-27/05/2021","2 Metropolitan","MITCHELL PARK","5043","CC MARION.                    ",2,0,0,0,0,2012,"August","Wednesday","06:15 pm","060","T-Junction","Straight road","Level","Not Applicable","Sealed","Dry","Not Raining","Night","Side Swipe","02","Driver Rider","1: PDO","No Control","","",1324934.77,1663291.97,"13249351663292"
"2012-14406-27/05/2021","2 Metropolitan","WINDSOR GARDENS","5087","CITY OF PORT ADELAIDE ENFIELD",2,0,0,0,0,2012,"August","Wednesday","08:55 pm","060","T-Junction","Straight road","Level","Not Applicable","Sealed","Dry","Not Raining","Night","Right Angle","01","Driver Rider","1: PDO","No Control","Y","",1332539.47,1676983.64,"13325391676984"
"2012-14407-27/05/2021","2 Metropolitan","UNLEY","5061","CITY OF UNLEY",2,0,0,0,0,2012,"August","Thursday","01:55 pm","050","T-Junction","Straight road","Level","Not Applicable","Sealed","Dry","Not Raining","Daylight","Right Angle","02","Driver Rider","1: PDO","Stop Sign","","",1329706.77,1668046.4,"13297071668046"
"2012-14408-27/05/2021","2 Metropolitan","SALISBURY EAST","5109","CITY OF SALISBURY",2,0,0,0,0,2012,"August","Thursday","03:15 pm","060","T-Junction","Straight road","Level","Not Applicable","Sealed","Wet","Raining","Daylight","Rear End","02","Driver Rider","1: PDO","Traffic Signals","","",1334901.75,1685566.81,"13349021685567"
"2012-14409-27/05/2021","2 Metropolitan","STURT","5047","CC MARION.                    ",2,0,0,0,0,2012,"August","Thursday","02:30 pm","060","T-Junction","Straight road","Level","Not Applicable","Sealed","Wet","Raining","Daylight","Rear End","02","Driver Rider","1: PDO","No Control","","",1323837.15,1660658.2,"13238371660658"
"2012-14410-27/05/2021","2 Metropolitan","NAILSWORTH","5083","CITY OF PROSPECT",2,3,0,0,3,2012,"August","Wednesday","08:30 am","060","Divided Road","Straight road","Level","Not Applicable","Sealed","Dry","Not Raining","Daylight","Rear End","02","Driver Rider","2: MI","No Control","","",1328914.91,1674862.81,"13289151674863"
"2012-14411-27/05/2021","2 Metropolitan","SEATON","5023","CITY OF CHARLES STURT",4,2,0,0,2,2012,"August","Thursday","05:20 pm","060","Divided Road","Straight road","Level","Not Applicable","Sealed","Wet","Raining","Daylight","Rear End","01","Driver Rider","2: MI","No Control","","",1320746,1674584.3,"13207461674584"
"2012-14412-27/05/2021","2 Metropolitan","BEVERLEY","5009","CITY OF CHARLES STURT",2,0,0,0,0,2012,"August","Thursday","05:15 pm","060","T-Junction","Straight road","Level","Not Applicable","Sealed","Wet","Raining","Daylight","Right Angle","02","Driver Rider","1: PDO","Give Way Sign","","",1324161.01,1674504.23,"13241611674504"
"2012-14413-27/05/2021","2 Metropolitan","MORPHETT VALE","5162","CITY OF ONKAPARINGA",3,0,0,0,0,2012,"August","Thursday","03:35 pm","060","Not Divided","Straight road","Level","Not Applicable","Sealed","Wet","Raining","Daylight","Rear End","01","Driver Rider","1: PDO","No Control","","",1322106.41,1649895.43,"13221061649895"
"2012-14414-27/05/2021","2 Metropolitan","HIGHBURY","5089","CITY OF TEA TREE GULLY",2,1,0,0,1,2012,"August","Thursday","06:20 pm","060","T-Junction","Straight road","Level","Not Applicable","Sealed","Wet","Raining","Night","Rear End","02","Driver Rider","2: MI","No Control","","",1336794.44,1677872.27,"13367941677872"
"2012-14415-27/05/2021","2 Metropolitan","SEACLIFF PARK","5049","CITY OF HOLDFAST BAY",3,0,0,0,0,2012,"August","Thursday","05:50 pm","060","Divided Road","CURVED, VIEW OPEN","Bottom of Hill","Driveway or Entrance","Sealed","Wet","Raining","Night","Right Angle","01","Driver Rider","1: PDO","No Control","","",1321209.58,1658537.25,"13212101658537"
"2012-14416-27/05/2021","2 Metropolitan","STURT","5047","CC MARION.                    ",2,0,0,0,0,2012,"August","Thursday","03:40 pm","060","Divided Road","Straight road","Level","Not Applicable","Sealed","Wet","Raining","Daylight","Rear End","01","Driver Rider","1: PDO","No Control","","",,,
"2012-14417-27/05/2021","2 Metropolitan","WINGFIELD","5013","CITY OF PORT ADELAIDE ENFIELD",2,2,0,0,2,2012,"August","Thursday","03:30 pm","040","Not Divided","CURVED, VIEW OBSCURED","Slope","Roadworks","Sealed","Wet","Raining","Daylight","Head On","02","Driver Rider","2: MI","No Control","","",1325459.13,1680711.99,"13254591680712"
"2012-14418-27/05/2021","2 Metropolitan","OTTOWAY","5013","CITY OF PORT ADELAIDE ENFIELD",3,0,0,0,0,2012,"August","Thursday","07:00 pm","060","Divided Road","Straight road","Slope","Not Applicable","Sealed","Wet","Raining","Night","Side Swipe","02","Driver Rider","1: PDO","No Control","","",,,
"2012-14419-27/05/2021","2 Metropolitan","PROSPECT","5082","CITY OF PROSPECT",2,0,0,0,0,2012,"August","Wednesday","06:30 pm","050","Not Divided","Straight road","Level","Not Applicable","Sealed","Dry","Not Raining","Night","Hit Parked Vehicle","02","Driver Rider","1: PDO","No Control","","",,,
"2012-14420-27/05/2021","2 Metropolitan","SALISBURY PARK","5109","CITY OF SALISBURY",2,0,0,0,0,2012,"August","Thursday","05:15 pm","080","Divided Road","CURVED, VIEW OPEN","Level","Not Applicable","Sealed","Wet","Raining","Daylight","Rear End","01","Driver Rider","1: PDO","No Control","","",1335558.58,1688296.03,"13355591688296"
"2012-14421-27/05/2021","2 Metropolitan","SEATON","5023","CITY OF CHARLES STURT",2,0,0,0,0,2012,"August","Thursday","03:50 pm","050","Not Divided","Straight road","Level","Driveway or Entrance","Sealed","Dry","Not Raining","Daylight","Right Angle","01","Driver Rider","1: PDO","No Control","","",1320670.93,1675781.15,"13206711675781"
"2012-14422-27/05/2021","2 Metropolitan","OAKDEN","5086","CITY OF PORT ADELAIDE ENFIELD",2,1,0,0,1,2012,"August","Thursday","06:00 pm","060","T-Junction","Straight road","Level","Not Applicable","Sealed","Wet","Raining","Night","Right Turn","01","Driver Rider","2: MI","Traffic Signals","","",1333378.55,1678561.06,"13333791678561"
"2012-14423-27/05/2021","3 Country","RENMARK","5341","DC RENMARK PARINGA            ",2,1,0,0,1,2012,"August","Thursday","06:30 pm","050","Cross Road","Straight road","Level","Not Applicable","Sealed","Wet","Not Raining","Night","Right Angle","01","Driver Rider","2: MI","Give Way Sign","","",1528509.56,1744900.39,"15285101744900"
"2012-14424-27/05/2021","2 Metropolitan","NOARLUNGA DOWNS","5168","CITY OF ONKAPARINGA",2,1,0,0,1,2012,"August","Thursday","03:35 pm","070","T-Junction","Straight road","Level","Not Applicable","Sealed","Wet","Raining","Daylight","Right Angle","02","Driver Rider","2: MI","No Control","","",1318828.27,1646931.73,"13188281646932"
"2012-14425-27/05/2021","2 Metropolitan","KURRALTA PARK","5037","CITY OF WEST TORRENS",2,2,0,0,2,2012,"August","Thursday","04:40 pm","050","T-Junction","CURVED, VIEW OPEN","Level","Not Applicable","Sealed","Wet","Raining","Daylight","Right Turn","01","Driver Rider","2: MI","Give Way Sign","","",1325167.85,1668136.08,"13251681668136"
"2012-14426-27/05/2021","2 Metropolitan","COROMANDEL VALLEY","5051","CITY OF ONKAPARINGA",2,0,0,0,0,2012,"August","Thursday","05:20 pm","060","Not Divided","Straight road","Slope","Not Applicable","Sealed","Wet","Raining","Daylight","Hit Object on Road","01","Driver Rider","1: PDO","No Control","","",1329783.92,1655926.04,"13297841655926"
"2012-14427-27/05/2021","1 City","ADELAIDE","5000","CITY OF ADELAIDE",2,1,0,0,1,2012,"August","Sunday","11:16 am","050","Cross Road","Straight road","Level","Not Applicable","Sealed","Wet","Not Raining","Daylight","Right Angle","02","Driver Rider","2: MI","Traffic Signals","","",1328682.01,1670831.04,"13286821670831"
"2012-14428-27/05/2021","2 Metropolitan","SOUTH BRIGHTON","5048","CITY OF HOLDFAST BAY",2,0,0,0,0,2012,"August","Thursday","03:10 pm","050","Not Divided","Straight road","Level","Driveway or Entrance","Sealed","Unknown","Unknown","Daylight","Right Angle","01","Driver Rider","1: PDO","No Control","","",1321205.42,1659991.74,"13212051659992"
"2012-14429-27/05/2021","1 City","ADELAIDE","5000","CITY OF ADELAIDE",2,0,0,0,0,2012,"August","Thursday","05:00 pm","050","Not Divided","Straight road","Level","Not Applicable","Sealed","Wet","Raining","Daylight","Side Swipe","02","Driver Rider","1: PDO","No Control","","",1329014.72,1671056.34,"13290151671056"
"2012-14430-27/05/2021","1 City","ADELAIDE","5000","CITY OF ADELAIDE",2,1,0,0,1,2012,"August","Thursday","05:53 pm","050","Cross Road","Straight road","Level","Not Applicable","Sealed","Wet","Raining","Night","Hit Pedestrian","01","Driver Rider","2: MI","Traffic Signals","","",1329585.7,1670383.19,"13295861670383"
"2012-14431-27/05/2021","2 Metropolitan","TRINITY GARDENS","5068","CC OF NORWOOD,PAYNEHAM & ST PETERS",2,0,0,0,0,2012,"August","Thursday","08:00 pm","060","Not Divided","Straight road","Level","Driveway or Entrance","Sealed","Wet","Raining","Night","Right Angle","02","Driver Rider","1: PDO","No Control","","",1332268.71,1671762.5,"13322691671763"
"2012-14432-27/05/2021","2 Metropolitan","BRIDGEWATER","5155","THE ADELAIDE HILLS COUNCIL",7,0,0,0,0,2012,"August","Thursday","09:00 pm","110","Freeway","CURVED, VIEW OPEN","Slope","Bridge, Culvert, Causeway","Sealed","Wet","Raining","Night","Hit Fixed Object","01","Driver Rider","1: PDO","No Control","","",,,
"2012-14433-27/05/2021","2 Metropolitan","DOVER GARDENS","5048","CC MARION.                    ",2,0,0,0,0,2012,"August","Thursday","08:30 pm","060","Cross Road","Straight road","Level","Not Applicable","Sealed","Wet","Not Raining","Night","Right Turn","02","Driver Rider","1: PDO","Traffic Signals","","",1322777.1,1660604.93,"13227771660605"
"2012-14434-27/05/2021","2 Metropolitan","BLAKISTON","5250","DC MT.BARKER.                 ",2,1,0,0,1,2012,"August","Thursday","06:20 pm","080","Not Divided","CURVED, VIEW OPEN","Level","Not Applicable","Sealed","Wet","Raining","Night","Hit Fixed Object","01","Driver Rider","2: MI","No Control","","",1354675.91,1655673.46,"13546761655673"
"2012-14435-27/05/2021","3 Country","GUMERACHA","5233","THE ADELAIDE HILLS COUNCIL",2,4,0,0,4,2012,"August","Thursday","09:45 pm","100","Not Divided","CURVED, VIEW OBSCURED","Level","Not Applicable","Sealed","Wet","Raining","Night","Hit Fixed Object","01","Driver Rider","2: MI","No Control","","",,,
"2012-14436-27/05/2021","2 Metropolitan","UPPER STURT","5156","THE ADELAIDE HILLS COUNCIL",2,0,0,0,0,2012,"August","Thursday","09:00 pm","080","Not Divided","CURVED, VIEW OBSCURED","Slope","Not Applicable","Sealed","Wet","Raining","Night","Hit Fixed Object","01","Driver Rider","1: PDO","No Control","","",1336630.23,1659692.12,"13366301659692"
"2012-14437-27/05/2021","3 Country","LINCOLN NATIONAL PARK","5607","DC LOWER EYRE PENINSULA       ",2,2,0,0,2,2012,"August","Monday","07:30 pm","080","Not Divided","Straight road","Level","Unknown","Sealed","Wet","Raining","Night","Hit Fixed Object","09","Other","2: MI","No Control","","",,,
"2012-14438-27/05/2021","2 Metropolitan","CLELAND","5152","THE ADELAIDE HILLS COUNCIL",2,0,0,0,0,2012,"August","Thursday","10:20 pm","080","Not Divided","CURVED, VIEW OBSCURED","Slope","Not Applicable","Sealed","Wet","Raining","Night","Hit Fixed Object","01","Driver Rider","1: PDO","No Control","","",1336074.12,1667457.95,"13360741667458"
"2012-14439-27/05/2021","1 City","NORTH ADELAIDE","5006","CITY OF ADELAIDE",2,0,0,0,0,2012,"August","Thursday","11:30 pm","050","Not Divided","Straight road","Level","Not Applicable","Sealed","Wet","Raining","Night","Side Swipe","01","Driver Rider","1: PDO","No Control","","",,,
"2012-14440-27/05/2021","2 Metropolitan","BIRDWOOD","5234","THE ADELAIDE HILLS COUNCIL",1,2,0,0,2,2012,"August","Friday","12:45 am","080","Cross Road","Straight road","Slope","Not Applicable","Sealed","Wet","Raining","Night","Roll Over","01","Driver Rider","2: MI","Give Way Sign","","",1362070.43,1680188.7,"13620701680189"
"2012-14441-27/05/2021","3 Country","PORT AUGUSTA","5700","CC PT.AUGUSTA.                ",1,4,0,0,4,2012,"August","Thursday","10:30 pm","100","Not Divided","Unknown","Unknown","Unknown","Unsealed","Wet","Unknown","Night","Roll Over","01","Driver Rider","2: MI","No Control","","",1260751.21,1944313.34,"12607511944313"
"2012-14442-27/05/2021","3 Country","LEASINGHAM","5452","CLARE AND GILBERT VALLEYS DISTRICT COUNCIL",2,1,0,1,0,2012,"August","Friday","01:45 am","100","Not Divided","Straight road","Level","Not Applicable","Sealed","Wet","Raining","Night","Hit Fixed Object","01","Driver Rider","3: SI","No Control","","",1336862.67,1774500.21,"13368631774500"
"2012-14443-27/05/2021","2 Metropolitan","CAVAN","5094","CITY OF SALISBURY",3,1,0,0,1,2012,"August","Friday","05:45 am","070","Cross Road","CURVED, VIEW OPEN","Level","Unknown","Sealed","Wet","Not Raining","Night","Side Swipe","02","Driver Rider","2: MI","Traffic Signals","","",1328720.51,1681539.76,"13287211681540"
"2012-14444-27/05/2021","2 Metropolitan","ROYAL PARK","5014","CITY OF CHARLES STURT",2,1,0,1,0,2012,"August","Friday","06:00 am","050","Not Divided","Straight road","Level","Not Applicable","Sealed","Dry","Not Raining","Night","Hit Object on Road","01","Driver Rider","3: SI","No Control","","",1320297.29,1676725.5,"13202971676726"
"2012-14445-27/05/2021","2 Metropolitan","BURTON","5110","CITY OF SALISBURY",2,0,0,0,0,2012,"August","Monday","01:30 pm","050","T-Junction","Straight road","Level","Not Applicable","Sealed","Dry","Not Raining","Daylight","Hit Fixed Object","01","Driver Rider","1: PDO","No Control","","",1329450.85,1692309.64,"13294511692310"
"2012-14446-27/05/2021","2 Metropolitan","LONSDALE","5160","CITY OF ONKAPARINGA",2,0,0,0,0,2012,"August","Thursday","11:50 am","080","Cross Road","Straight road","Level","Not Applicable","Sealed","Wet","Not Raining","Daylight","Hit Fixed Object","01","Driver Rider","1: PDO","Traffic Signals","","",1318632.31,1650955.58,"13186321650956"
"2012-14447-27/05/2021","2 Metropolitan","SALISBURY PLAIN","5109","CITY OF SALISBURY",2,1,0,0,1,2012,"August","Friday","08:50 am","060","Cross Road","Straight road","Level","Not Applicable","Sealed","Wet","Not Raining","Daylight","Rear End","02","Driver Rider","2: MI","Traffic Signals","","",,,
"2012-14448-27/05/2021","1 City","ADELAIDE","5000","CITY OF ADELAIDE",2,0,0,0,0,2012,"August","Thursday","09:45 pm","050","T-Junction","Straight road","Level","Not Applicable","Sealed","Wet","Not Raining","Night","Rear End","02","Driver Rider","1: PDO","Traffic Signals","","",1329511.89,1670854.34,"13295121670854"
"2012-14449-27/05/2021","3 Country","TANUNDA","5352","THE BAROSSA COUNCIL.",2,0,0,0,0,2012,"August","Thursday","07:15 pm","050","Cross Road","Straight road","Level","Not Applicable","Sealed","Wet","Raining","Night","Right Turn","01","Driver Rider","1: PDO","Stop Sign","","",1364488.43,1714639.87,"13644881714640"
"2012-14450-27/05/2021","2 Metropolitan","GLENELG EAST","5045","CITY OF HOLDFAST BAY",2,0,0,0,0,2012,"August","Thursday","01:55 pm","060","Cross Road","Straight road","Level","Not Applicable","Sealed","Dry","Not Raining","Daylight","Side Swipe","01","Driver Rider","1: PDO","Traffic Signals","","",1322636.62,1665410.15,"13226371665410"
"2012-14451-27/05/2021","2 Metropolitan","SALISBURY PARK","5109","CITY OF SALISBURY",3,0,0,0,0,2012,"August","Thursday","05:30 pm","080","Divided Road","Straight road","Level","Not Applicable","Sealed","Wet","Raining","Daylight","Rear End","02","Driver Rider","1: PDO","No Control","","",1335513.65,1688203.82,"13355141688204"
"2012-14452-27/05/2021","2 Metropolitan","SEACLIFF PARK","5049","CITY OF HOLDFAST BAY",2,0,0,0,0,2012,"August","Thursday","05:30 pm","060","Cross Road","Straight road","Level","Not Applicable","Sealed","Wet","Raining","Daylight","Right Angle","02","Driver Rider","1: PDO","Give Way Sign","","",1321189.23,1659188.32,"13211891659188"
"2012-14453-27/05/2021","2 Metropolitan","SALISBURY DOWNS","5108","CITY OF SALISBURY",2,0,0,0,0,2012,"August","Friday","08:18 am","050","Not Divided","Straight road","Level","Not Applicable","Sealed","Wet","Not Raining","Daylight","Rear End","02","Driver Rider","1: PDO","No Control","","",,,
"2012-14454-27/05/2021","2 Metropolitan","ANDREWS FARM","5114","CITY OF PLAYFORD.",2,1,0,0,1,2012,"August","Friday","09:00 am","050","T-Junction","Straight road","Level","Not Applicable","Sealed","Wet","Raining","Daylight","Rear End","01","Driver Rider","2: MI","Roundabout","","",1335224.11,1698389.2,"13352241698389"
"2012-14455-27/05/2021","2 Metropolitan","PARADISE","5075","CC CAMPBELLTOWN.              ",2,0,0,0,0,2012,"August","Tuesday","07:20 am","060","T-Junction","Straight road","Level","Not Applicable","Sealed","Dry","Not Raining","Daylight","Rear End","02","Driver Rider","1: PDO","Traffic Signals","","",1335624.13,1676678.29,"13356241676678"
"2012-14456-27/05/2021","3 Country","TANUNDA","5352","THE BAROSSA COUNCIL.",2,0,0,0,0,2012,"August","Thursday","06:15 pm","050","Cross Road","Straight road","Level","Not Applicable","Sealed","Wet","Raining","Night","Right Angle","02","Driver Rider","1: PDO","Give Way Sign","","",1363526.8,1713778.77,"13635271713779"
"2012-14457-27/05/2021","2 Metropolitan","PARADISE","5075","CC CAMPBELLTOWN.              ",2,0,0,0,0,2012,"August","Friday","09:10 am","060","Not Divided","Straight road","Level","Not Applicable","Sealed","Wet","Raining","Daylight","Rear End","01","Driver Rider","1: PDO","No Control","","",,,
"2012-14458-27/05/2021","2 Metropolitan","WAYVILLE","5034","CITY OF UNLEY",2,0,0,0,0,2012,"August","Thursday","03:15 pm","050","Not Divided","Straight road","Level","Driveway or Entrance","Sealed","Wet","Not Raining","Daylight","Right Angle","02","Driver Rider","1: PDO","No Control","","",,,
"2012-14459-27/05/2021","2 Metropolitan","FLINDERS PARK","5025","CITY OF CHARLES STURT",2,0,0,0,0,2012,"August","Friday","08:40 am","060","T-Junction","Straight road","Level","Not Applicable","Sealed","Dry","Not Raining","Daylight","Right Angle","02","Driver Rider","1: PDO","No Control","","",1324018.92,1672839.01,"13240191672839"
"2012-14460-27/05/2021","2 Metropolitan","LARGS BAY","5016","CITY OF PORT ADELAIDE ENFIELD",2,1,0,0,1,2012,"August","Friday","08:20 am","050","Not Divided","Straight road","Level","Driveway or Entrance","Sealed","Dry","Not Raining","Daylight","Right Angle","01","Driver Rider","2: MI","No Control","","",1318927.42,1681926.87,"13189271681927"
"2012-14461-27/05/2021","2 Metropolitan","MOUNT BARKER SUMMIT","5251","DC MT.BARKER.                 ",2,0,0,0,0,2012,"August","Friday","07:52 am","110","Freeway","Straight road","Level","Not Applicable","Sealed","Wet","Raining","Daylight","Rear End","02","Driver Rider","1: PDO","No Control","","",1358597.4,1654464.53,"13585971654465"
"2012-14462-27/05/2021","3 Country","PORT LINCOLN","5606","CC PT.LINCOLN.                ",3,0,0,0,0,2012,"August","Thursday","08:30 am","060","Multiple","Straight road","Level","Not Applicable","Sealed","Wet","Raining","Daylight","Rear End","02","Driver Rider","1: PDO","Roundabout","","",1078453.97,1697795.07,"10784541697795"
"2012-14463-27/05/2021","3 Country","PARACHILNA","5730",,2,0,0,0,0,2012,"August","Thursday","03:00 pm","110","Not Divided","Straight road","Unknown","Not Applicable","Sealed","Dry","Not Raining","Daylight","Hit Animal","02","Animal","1: PDO","No Control","","",1391972.14,2544457.92,"13919722544458"
"2012-14464-27/05/2021","2 Metropolitan","INGLEWOOD","5133","THE ADELAIDE HILLS COUNCIL",2,0,0,0,0,2012,"August","Friday","08:40 am","060","T-Junction","Straight road","Slope","Unknown","Sealed","Wet","Raining","Daylight","Rear End","01","Driver Rider","1: PDO","Give Way Sign","","",1345272.34,1681206.05,"13452721681206"
"2012-14465-27/05/2021","2 Metropolitan","WATERLOO CORNER","5110","CITY OF SALISBURY",2,0,0,0,0,2012,"August","Friday","09:00 am","090","T-Junction","Straight road","Level","Not Applicable","Sealed","Dry","Not Raining","Daylight","Side Swipe","02","Driver Rider","1: PDO","Traffic Signals","","",1327645.93,1692118.06,"13276461692118"
"2012-14466-27/05/2021","2 Metropolitan","MODBURY HEIGHTS","5092","CITY OF TEA TREE GULLY",2,0,0,0,0,2012,"August","Friday","07:35 am","060","T-Junction","Straight road","Level","Not Applicable","Sealed","Dry","Not Raining","Daylight","Right Turn","01","Driver Rider","1: PDO","Traffic Signals","","",1338002.79,1683512.56,"13380031683513"
"2012-14467-27/05/2021","2 Metropolitan","UNLEY","5061","CITY OF UNLEY",2,1,0,0,1,2012,"August","Thursday","10:45 am","040","Not Divided","Straight road","Level","Not Applicable","Sealed","Dry","Not Raining","Daylight","Side Swipe","02","Driver Rider","2: MI","No Control","","",1329274.43,1668167.15,"13292741668167"
"2012-14468-27/05/2021","1 City","NORTH ADELAIDE","5006","CITY OF ADELAIDE",2,0,0,0,0,2012,"August","Friday","09:45 am","050","Not Divided","Straight road","Level","Not Applicable","Sealed","Wet","Raining","Daylight","Right Angle","01","Driver Rider","1: PDO","No Control","","",1328147.86,1672547.62,"13281481672548"
"2012-14469-27/05/2021","2 Metropolitan","KILKENNY","5009","CITY OF CHARLES STURT",3,0,0,0,0,2012,"August","Friday","08:25 am","050","Not Divided","Straight road","Level","Not Applicable","Sealed","Dry","Not Raining","Daylight","Side Swipe","01","Driver Rider","1: PDO","No Control","","",,,
"2012-14470-27/05/2021","2 Metropolitan","FINDON","5023","CITY OF CHARLES STURT",2,1,0,0,1,2012,"August","Friday","08:40 am","060","T-Junction","Straight road","Level","Not Applicable","Sealed","Dry","Not Raining","Daylight","Right Angle","02","Driver Rider","2: MI","No Control","","",1322404.85,1673722.58,"13224051673723"
"2012-14471-27/05/2021","2 Metropolitan","GILLES PLAINS","5086","CITY OF PORT ADELAIDE ENFIELD",2,0,0,0,0,2012,"August","Friday","11:00 am","050","Not Divided","Straight road","Level","Driveway or Entrance","Sealed","Wet","Not Raining","Daylight","Hit Parked Vehicle","01","Driver Rider","1: PDO","No Control","","",,,
"2012-14472-27/05/2021","3 Country","MIDDLETON","5213","ALEXANDRINA COUNCIL",2,0,0,0,0,2012,"August","Thursday","05:00 pm","050","T-Junction","Straight road","Level","Not Applicable","Sealed","Wet","Raining","Daylight","Right Angle","01","Driver Rider","1: PDO","Stop Sign","","",1336261.02,1605883.41,"13362611605883"
"2012-14473-27/05/2021","2 Metropolitan","HENLEY BEACH","5022","CITY OF CHARLES STURT",2,0,0,0,0,2012,"August","Thursday","12:30 pm","050","Not Divided","Straight road","Level","Not Applicable","Sealed","Dry","Not Raining","Daylight","Hit Parked Vehicle","02","Driver Rider","1: PDO","No Control","","",1319882.08,1672341.63,"13198821672342"
"2012-14474-27/05/2021","1 City","ADELAIDE","5000","CITY OF ADELAIDE",2,0,0,0,0,2012,"August","Friday","10:00 am","050","Cross Road","Straight road","Level","Not Applicable","Sealed","Wet","Not Raining","Daylight","Right Turn","02","Driver Rider","1: PDO","Traffic Signals","","",1329244.29,1670538.33,"13292441670538"
"2012-14475-27/05/2021","2 Metropolitan","FLINDERS PARK","5025","CITY OF CHARLES STURT",2,0,0,0,0,2012,"August","Thursday","10:00 pm","060","T-Junction","Straight road","Level","Not Applicable","Sealed","Wet","Raining","Night","Rear End","02","Driver Rider","1: PDO","Traffic Signals","","",1324133.87,1673170.2,"13241341673170"
"2012-14476-27/05/2021","2 Metropolitan","MARION","5043","CC MARION.                    ",2,0,0,0,0,2012,"August","Thursday","09:15 pm","050","Not Divided","Straight road","Level","Driveway or Entrance","Sealed","Wet","Raining","Night","Right Angle","02","Driver Rider","1: PDO","No Control","","",1324343.99,1661858.61,"13243441661859"
"2012-14477-27/05/2021","2 Metropolitan","ELIZABETH VALE","5112","CITY OF PLAYFORD.",2,0,0,0,0,2012,"August","Thursday","03:15 pm","080","T-Junction","Straight road","Level","Not Applicable","Sealed","Wet","Raining","Daylight","Rear End","02","Driver Rider","1: PDO","Traffic Signals","","",1336141.79,1690279.18,"13361421690279"
"2012-14478-27/05/2021","2 Metropolitan","WEST HINDMARSH","5007","CITY OF CHARLES STURT",3,1,0,0,1,2012,"August","Friday","07:55 am","060","Not Divided","Straight road","Level","Not Applicable","Sealed","Dry","Not Raining","Daylight","Rear End","01","Driver Rider","2: MI","No Control","Y","",,,
"2012-14479-27/05/2021","2 Metropolitan","KENT TOWN","5067","CC OF NORWOOD,PAYNEHAM & ST PETERS",3,0,0,0,0,2012,"August","Friday","09:30 am","060","Divided Road","Straight road","Level","Not Applicable","Sealed","Dry","Not Raining","Daylight","Rear End","02","Driver Rider","1: PDO","No Control","","",1329921.73,1671161.72,"13299221671162"
"2012-14480-27/05/2021","3 Country","MOUNT TORRENS","5244","MID MURRAY DISTRICT COUNCIL",2,0,0,0,0,2012,"August","Friday","10:00 am","100","Not Divided","Straight road","Slope","Not Applicable","Unsealed","Wet","Raining","Daylight","Hit Fixed Object","01","Driver Rider","1: PDO","No Control","","",,,
"2012-14481-27/05/2021","2 Metropolitan","GEPPS CROSS","5094","CITY OF PORT ADELAIDE ENFIELD",2,0,0,0,0,2012,"August","Friday","10:15 am","060","Divided Road","Straight road","Level","Not Applicable","Sealed","Dry","Not Raining","Daylight","Side Swipe","02","Driver Rider","1: PDO","No Control","","",1327327.69,1679239.37,"13273281679239"
"2012-14482-27/05/2021","2 Metropolitan","RICHMOND","5033","CITY OF WEST TORRENS",2,0,0,0,0,2012,"August","Friday","08:55 am","060","T-Junction","Straight road","Level","Not Applicable","Sealed","Wet","Raining","Daylight","Right Turn","02","Driver Rider","1: PDO","No Control","","",1325778,1669768.28,"13257781669768"
"2012-14483-27/05/2021","2 Metropolitan","URRBRAE","5064","CC MITCHAM.                   ",3,1,0,0,1,2012,"August","Friday","08:38 am","100","Freeway","CURVED, VIEW OPEN","Slope","Not Applicable","Sealed","Wet","Raining","Daylight","Hit Fixed Object","01","Driver Rider","2: MI","No Control","","",1332934.02,1665487.83,"13329341665488"
"2012-14484-27/05/2021","2 Metropolitan","WILLUNGA","5172","CITY OF ONKAPARINGA",1,1,0,0,1,2012,"August","Friday","09:40 am","080","Not Divided","CURVED, VIEW OBSCURED","Slope","Not Applicable","Sealed","Wet","Not Raining","Daylight","Left Road - Out of Control","01","Driver Rider","2: MI","No Control","","",,,
"2012-14485-27/05/2021","3 Country","WHYALLA NORRIE","5608","CC WHYALLA.                   ",3,0,0,0,0,2012,"August","Friday","08:50 am","050","Not Divided","Straight road","Level","Driveway or Entrance","Sealed","Dry","Not Raining","Daylight","Rear End","01","Driver Rider","1: PDO","No Control","","",1236290.26,1883533.59,"12362901883534"
"2012-14486-27/05/2021","2 Metropolitan","TRANMERE","5073","CC CAMPBELLTOWN.              ",2,0,0,0,0,2012,"August","Friday","11:20 am","060","Divided Road","Straight road","Level","Not Applicable","Sealed","Wet","Raining","Daylight","Side Swipe","01","Driver Rider","1: PDO","No Control","","",1333806.8,1673586.86,"13338071673587"
"2012-14487-27/05/2021","2 Metropolitan","WAYVILLE","5034","CITY OF UNLEY",2,0,0,0,0,2012,"August","Friday","08:15 am","060","Divided Road","Straight road","Level","Driveway or Entrance","Sealed","Wet","Raining","Daylight","Rear End","01","Driver Rider","1: PDO","No Control","","",1327329.58,1668910.73,"13273301668911"