"REPORT_ID","Stats Area","Suburb","Postcode","LGA Name","Total Units","Total Cas","Total Fats","Total SI","Total MI","Year","Month","Day","Time","Area Speed","Position Type","Horizontal Align","Vertical Align","Other Feat","Road Surface","Moisture Cond","Weather Cond","DayNight","Crash Type","Unit Resp","Entity Code","CSEF Severity","Traffic Ctrls","DUI Involved","Drugs Involved","ACCLOC_X","ACCLOC_Y","UNIQUE_LOC"
"2012-15230-27/05/2021","2 Metropolitan","KILBURN","5084","CITY OF PORT ADELAIDE ENFIELD",2,0,0,0,0,2012,"August","Tuesday","03:45 pm","060","Divided Road","Straight road","Level","Not Applicable","Sealed","Dry","Not Raining","Daylight","Side Swipe","02","Driver Rider","1: PDO","No Control","","",1327168.77,1679094.43,"13271691679094"
"2012-15231-27/05/2021","2 Metropolitan","GLENELG SOUTH","5045","CITY OF HOLDFAST BAY",2,0,0,0,0,2012,"August","Wednesday","01:05 pm","050","Cross Road","Straight road","Level","Not Applicable","Sealed","Dry","Not Raining","Daylight","Right Angle","01","Driver Rider","1: PDO","Roundabout","","",1320813.33,1664340.79,"13208131664341"
"2012-15232-27/05/2021","2 Metropolitan","PARKSIDE","5063","CITY OF UNLEY",2,0,0,0,0,2012,"August","Wednesday","08:30 am","060","Cross Road","Straight road","Level","Not Applicable","Sealed","Dry","Not Raining","Daylight","Rear End","02","Driver Rider","1: PDO","Traffic Signals","","",1330707.08,1668319.59,"13307071668320"
"2012-15233-27/05/2021","2 Metropolitan","FERRYDEN PARK","5010","CITY OF PORT ADELAIDE ENFIELD",2,0,0,0,0,2012,"August","Tuesday","09:10 am","050","Not Divided","Straight road","Level","Not Applicable","Sealed","Dry","Not Raining","Daylight","Head On","02","Driver Rider","1: PDO","No Control","","",,,
"2012-15234-27/05/2021","2 Metropolitan","GILLES PLAINS","5086","CITY OF PORT ADELAIDE ENFIELD",2,0,0,0,0,2012,"August","Wednesday","12:39 pm","060","T-Junction","Straight road","Level","Not Applicable","Sealed","Dry","Not Raining","Daylight","Right Angle","02","Driver Rider","1: PDO","Traffic Signals","","",1333628.77,1678276.91,"13336291678277"
"2012-15235-27/05/2021","2 Metropolitan","TORRENSVILLE","5031","CITY OF WEST TORRENS",2,0,0,0,0,2012,"August","Wednesday","08:05 am","050","Cross Road","Straight road","Level","Not Applicable","Sealed","Dry","Not Raining","Daylight","Right Angle","02","Driver Rider","1: PDO","Give Way Sign","","",1324852.7,1671393.01,"13248531671393"
"2012-15236-27/05/2021","2 Metropolitan","ELIZABETH","5112","CITY OF PLAYFORD.",2,1,0,0,1,2012,"August","Wednesday","12:20 pm","060","T-Junction","Straight road","Level","Not Applicable","Sealed","Dry","Not Raining","Daylight","Right Turn","02","Driver Rider","2: MI","Traffic Signals","","",1335570.41,1693051.39,"13355701693051"
"2012-15237-27/05/2021","1 City","ADELAIDE","5000","CITY OF ADELAIDE",2,0,0,0,0,2012,"August","Wednesday","08:05 am","060","Not Divided","Straight road","Level","Not Applicable","Sealed","Dry","Not Raining","Daylight","Rear End","01","Driver Rider","1: PDO","No Control","","",,,
"2012-15238-27/05/2021","2 Metropolitan","CONCORDIA","5118","THE BAROSSA COUNCIL.",1,4,0,0,4,2012,"August","Sunday","10:50 pm","100","Not Divided","CURVED, VIEW OPEN","Slope","Not Applicable","Unsealed","Wet","Not Raining","Night","Roll Over","01","Driver Rider","2: MI","No Control","","",1345970.29,1707710.14,"13459701707710"
"2012-15239-27/05/2021","2 Metropolitan","BEDFORD PARK","5042","CC MITCHAM.                   ",2,0,0,0,0,2012,"August","Sunday","12:30 pm","060","T-Junction","Straight road","Level","Not Applicable","Sealed","Dry","Not Raining","Daylight","Rear End","01","Driver Rider","1: PDO","No Control","","",1326030.61,1660866.9,"13260311660867"
"2012-15240-27/05/2021","1 City","ADELAIDE","5000","CITY OF ADELAIDE",1,1,0,0,1,2012,"August","Wednesday","09:00 am","050","T-Junction","Straight road","Level","Not Applicable","Sealed","Dry","Not Raining","Daylight","Roll Over","01","Driver Rider","2: MI","Traffic Signals","","",1328231.39,1670509.41,"13282311670509"
"2012-15241-27/05/2021","3 Country","GRACE PLAINS","5502","DC MALLALA.                   ",1,0,0,0,0,2012,"August","Monday","09:13 am","100","Not Divided","Straight road","Slope","Not Applicable","Unsealed","Dry","Not Raining","Daylight","Roll Over","01","Driver Rider","1: PDO","No Control","","",1322330.9,1734185.77,"13223311734186"
"2012-15242-27/05/2021","2 Metropolitan","NOARLUNGA DOWNS","5168","CITY OF ONKAPARINGA",2,1,0,0,1,2012,"August","Wednesday","02:20 pm","070","Divided Road","Straight road","Level","Driveway or Entrance","Sealed","Dry","Not Raining","Daylight","Right Angle","02","Driver Rider","2: MI","No Control","","",1318141.08,1646799.61,"13181411646800"
"2012-15243-27/05/2021","2 Metropolitan","TORRENSVILLE","5031","CITY OF WEST TORRENS",2,0,0,0,0,2012,"August","Tuesday","07:20 pm","060","Cross Road","Straight road","Level","Not Applicable","Sealed","Dry","Not Raining","Night","Right Turn","02","Driver Rider","1: PDO","Traffic Signals","","",1325429.88,1672005.77,"13254301672006"
"2012-15244-27/05/2021","1 City","ADELAIDE","5000","CITY OF ADELAIDE",2,0,0,0,0,2012,"August","Tuesday","04:30 pm","050","Cross Road","Straight road","Level","Not Applicable","Sealed","Dry","Not Raining","Daylight","Right Angle","02","Driver Rider","1: PDO","Traffic Signals","","",1327905.8,1670963.97,"13279061670964"
"2012-15245-27/05/2021","3 Country","JAMESTOWN","5491","NORTHERN AREAS DISTRICT COUNCIL",2,0,0,0,0,2012,"August","Wednesday","01:50 pm","050","Divided Road","CURVED, VIEW OPEN","Level","Not Applicable","Sealed","Wet","Raining","Daylight","Hit Fixed Object","01","Driver Rider","1: PDO","No Control","","",1335420.41,1861008.24,"13354201861008"
"2012-15246-27/05/2021","2 Metropolitan","NOARLUNGA DOWNS","5168","CITY OF ONKAPARINGA",2,0,0,0,0,2012,"August","Wednesday","04:30 pm","080","T-Junction","Straight road","Level","Not Applicable","Sealed","Wet","Raining","Daylight","Right Angle","01","Driver Rider","1: PDO","No Control","","",1318601.75,1643978.67,"13186021643979"
"2012-15247-27/05/2021","1 City","ADELAIDE","5000","CITY OF ADELAIDE",2,0,0,0,0,2012,"August","Wednesday","03:50 pm","060","Divided Road","Straight road","Level","Bridge, Culvert, Causeway","Sealed","Dry","Not Raining","Daylight","Rear End","02","Driver Rider","1: PDO","No Control","","",1327896.31,1671164.09,"13278961671164"
"2012-15248-27/05/2021","3 Country","MIL-LEL","5291","DISTRICT COUNCIL OF GRANT",2,0,0,0,0,2012,"August","Wednesday","03:20 pm","025","Not Divided","Straight road","Level","Roadworks","Sealed","Wet","Not Raining","Daylight","Rear End","01","Driver Rider","1: PDO","No Control","","",,,
"2012-15249-27/05/2021","2 Metropolitan","DARLINGTON","5042","CITY OF ONKAPARINGA",3,0,0,0,0,2012,"August","Wednesday","12:50 pm","070","Cross Road","Straight road","Level","Not Applicable","Sealed","Dry","Not Raining","Daylight","Rear End","01","Driver Rider","1: PDO","Traffic Signals","","",1324444.06,1659724.14,"13244441659724"
"2012-15250-27/05/2021","2 Metropolitan","MAWSON LAKES","5095","CITY OF SALISBURY",2,0,0,0,0,2012,"August","Monday","07:10 am","070","Cross Road","CURVED, VIEW OPEN","Level","Not Applicable","Sealed","Dry","Not Raining","Daylight","Rear End","02","Driver Rider","1: PDO","Traffic Signals","","",1329549.75,1684430.78,"13295501684431"
"2012-15251-27/05/2021","2 Metropolitan","SALISBURY NORTH","5108","CITY OF SALISBURY",2,1,0,0,1,2012,"August","Wednesday","03:10 pm","050","Not Divided","Straight road","Level","Not Applicable","Sealed","Dry","Not Raining","Daylight","Rear End","02","Driver Rider","2: MI","No Control","","",,,
"2012-15252-27/05/2021","2 Metropolitan","WARRADALE","5046","CC MARION.                    ",3,1,0,0,1,2012,"August","Wednesday","03:50 pm","050","Not Divided","Straight road","Level","Not Applicable","Sealed","Dry","Not Raining","Daylight","Hit Parked Vehicle","01","Driver Rider","2: MI","No Control","","",1322252.51,1661376.12,"13222531661376"
"2012-15253-27/05/2021","1 City","ADELAIDE","5000","CITY OF ADELAIDE",2,0,0,0,0,2012,"August","Wednesday","04:15 pm","060","Divided Road","Straight road","Level","Not Applicable","Sealed","Dry","Not Raining","Daylight","Rear End","01","Driver Rider","1: PDO","No Control","","",,,
"2012-15254-27/05/2021","2 Metropolitan","ADELAIDE","5069","CC OF NORWOOD,PAYNEHAM & ST PETERS",2,1,0,0,1,2012,"August","Wednesday","05:35 pm","060","Cross Road","Straight road","Level","Not Applicable","Sealed","Dry","Not Raining","Daylight","Rear End","02","Driver Rider","2: MI","Traffic Signals","","",1329888.83,1671303.97,"13298891671304"
"2012-15255-27/05/2021","2 Metropolitan","KESWICK","5035","CITY OF WEST TORRENS",2,0,0,0,0,2012,"August","Wednesday","06:00 pm","060","T-Junction","Straight road","Level","Not Applicable","Sealed","Dry","Not Raining","Night","Rear End","02","Driver Rider","1: PDO","Give Way Sign","","",1326559.92,1668496.69,"13265601668497"
"2012-15256-27/05/2021","2 Metropolitan","KLEMZIG","5087","CITY OF PORT ADELAIDE ENFIELD",2,0,0,0,0,2012,"August","Wednesday","03:30 pm","060","Not Divided","Straight road","Level","Not Applicable","Sealed","Dry","Not Raining","Daylight","Roll Over","01","Driver Rider","1: PDO","No Control","","",,,
"2012-15257-27/05/2021","2 Metropolitan","MODBURY NORTH","5092","CITY OF TEA TREE GULLY",2,0,0,0,0,2012,"August","Wednesday","07:05 pm","060","Cross Road","Straight road","Level","Not Applicable","Sealed","Dry","Not Raining","Night","Right Angle","02","Driver Rider","1: PDO","Roundabout","","",1335688.29,1681182.79,"13356881681183"
"2012-15258-27/05/2021","2 Metropolitan","SALISBURY EAST","5109","CITY OF SALISBURY",2,0,0,0,0,2012,"August","Wednesday","05:05 pm","060","T-Junction","Straight road","Level","Not Applicable","Sealed","Dry","Not Raining","Daylight","Rear End","01","Driver Rider","1: PDO","Traffic Signals","","",1334901.75,1685566.81,"13349021685567"
"2012-15259-27/05/2021","2 Metropolitan","BLAIR ATHOL","5084","CITY OF PORT ADELAIDE ENFIELD",2,0,0,0,0,2012,"August","Wednesday","07:45 pm","050","T-Junction","Straight road","Level","Not Applicable","Sealed","Dry","Not Raining","Night","Rear End","02","Driver Rider","1: PDO","No Control","","",1328033.17,1677535.73,"13280331677536"
"2012-15260-27/05/2021","2 Metropolitan","NOARLUNGA DOWNS","5168","CITY OF ONKAPARINGA",2,1,0,1,0,2012,"August","Wednesday","06:50 pm","050","Not Divided","Straight road","Bottom of Hill","Not Applicable","Sealed","Dry","Not Raining","Night","Head On","02","Driver Rider","3: SI","No Control","","",1318644.04,1646106.99,"13186441646107"
"2012-15261-27/05/2021","2 Metropolitan","THEBARTON","5031","CITY OF WEST TORRENS",2,5,0,0,5,2012,"August","Wednesday","03:30 pm","060","T-Junction","Straight road","Level","Not Applicable","Sealed","Dry","Not Raining","Daylight","Right Angle","01","Driver Rider","2: MI","Traffic Signals","","",1325685.29,1671373.54,"13256851671374"
"2012-15262-27/05/2021","2 Metropolitan","MODBURY","5092","CITY OF TEA TREE GULLY",2,0,0,0,0,2012,"August","Monday","05:46 pm","060","T-Junction","Straight road","Slope","Not Applicable","Sealed","Dry","Not Raining","Daylight","Rear End","02","Driver Rider","1: PDO","No Control","Y","",1335714.6,1680321.63,"13357151680322"
"2012-15263-27/05/2021","2 Metropolitan","WEST LAKES","5021","CITY OF CHARLES STURT",2,0,0,0,0,2012,"August","Wednesday","03:05 pm","060","T-Junction","Straight road","Level","Not Applicable","Sealed","Dry","Not Raining","Daylight","Right Angle","02","Driver Rider","1: PDO","Give Way Sign","","",1318842.91,1674473.86,"13188431674474"
"2012-15264-27/05/2021","2 Metropolitan","BURNSIDE","5066","CITY OF BURNSIDE",2,0,0,0,0,2012,"August","Wednesday","05:10 pm","060","Cross Road","Straight road","Level","Not Applicable","Sealed","Wet","Not Raining","Daylight","Side Swipe","02","Driver Rider","1: PDO","Roundabout","","",1333935.99,1669099.19,"13339361669099"
"2012-15265-27/05/2021","2 Metropolitan","POORAKA","5095","CITY OF SALISBURY",3,1,0,0,1,2012,"August","Tuesday","06:18 pm","080","Cross Road","Straight road","Level","Not Applicable","Sealed","Dry","Not Raining","Night","Rear End","01","Driver Rider","2: MI","Traffic Signals","","",1330465.1,1681818.42,"13304651681818"
"2012-15266-27/05/2021","2 Metropolitan","SEATON","5023","CITY OF CHARLES STURT",2,0,0,0,0,2012,"August","Wednesday","04:50 pm","050","Not Divided","Straight road","Level","Road hump or Slow point","Sealed","Dry","Not Raining","Daylight","Hit Fixed Object","01","Driver Rider","1: PDO","No Control","","",1320952.17,1673576.52,"13209521673577"
"2012-15267-27/05/2021","3 Country","PORT LINCOLN","5606","CC PT.LINCOLN.                ",2,1,0,0,1,2012,"August","Wednesday","05:05 pm","050","Not Divided","CURVED, VIEW OPEN","Level","Not Applicable","Sealed","Dry","Not Raining","Daylight","Hit Fixed Object","01","Driver Rider","2: MI","No Control","","",1078489.44,1696828.97,"10784891696829"
"2012-15268-27/05/2021","2 Metropolitan","INGLE FARM","5098","CITY OF SALISBURY",2,0,0,0,0,2012,"August","Wednesday","10:55 pm","050","T-Junction","Straight road","Slope","Not Applicable","Sealed","Wet","Raining","Night","Hit Fixed Object","01","Driver Rider","1: PDO","Roundabout","","",1332825.12,1682662.29,"13328251682662"
"2012-15269-27/05/2021","2 Metropolitan","ELIZABETH SOUTH","5112","CITY OF PLAYFORD.",2,0,0,0,0,2012,"August","Thursday","12:20 am","050","Not Divided","Straight road","Level","Not Applicable","Sealed","Dry","Not Raining","Night","Hit Fixed Object","01","Driver Rider","1: PDO","No Control","Y","",1334918.6,1691441.86,"13349191691442"
"2012-15270-27/05/2021","2 Metropolitan","KENT TOWN","5067","CC OF NORWOOD,PAYNEHAM & ST PETERS",2,0,0,0,0,2012,"August","Thursday","05:00 am","050","Not Divided","Straight road","Level","Not Applicable","Sealed","Wet","Raining","Night","Hit Fixed Object","01","Driver Rider","1: PDO","No Control","","",1330123.53,1671156.97,"13301241671157"
"2012-15271-27/05/2021","1 City","ADELAIDE","5000","CITY OF ADELAIDE",2,0,0,0,0,2012,"August","Tuesday","05:30 am","050","Divided Road","Straight road","Level","Not Applicable","Sealed","Dry","Not Raining","Night","Hit Fixed Object","01","Driver Rider","1: PDO","No Control","","",1327431.62,1671102.66,"13274321671103"
"2012-15272-27/05/2021","3 Country","HINDMARSH VALLEY","5211","DC VICTOR HARBOR.             ",2,0,0,0,0,2012,"August","Wednesday","01:45 pm","100","Not Divided","Straight road","Level","Not Applicable","Sealed","Dry","Not Raining","Daylight","Head On","01","Driver Rider","1: PDO","No Control","","",1327456.83,1609077.8,"13274571609078"
"2012-15273-27/05/2021","2 Metropolitan","FINDON","5023","CITY OF CHARLES STURT",2,0,0,0,0,2012,"August","Wednesday","11:00 pm","060","T-Junction","Straight road","Level","Not Applicable","Sealed","Wet","Raining","Night","Hit Fixed Object","01","Driver Rider","1: PDO","Give Way Sign","","",1321607.69,1674706.62,"13216081674707"
"2012-15274-27/05/2021","2 Metropolitan","TORRENS PARK","5062","CC MITCHAM.                   ",2,0,0,0,0,2012,"August","Wednesday","05:35 pm","060","T-Junction","Straight road","Level","Not Applicable","Sealed","Dry","Not Raining","Daylight","Right Angle","01","Driver Rider","1: PDO","Stop Sign","","",1329173.84,1664902.1,"13291741664902"
"2012-15275-27/05/2021","2 Metropolitan","LOWER MITCHAM","5062","CC MITCHAM.                   ",2,0,0,0,0,2012,"August","Thursday","08:15 am","050","Not Divided","Straight road","Level","Driveway or Entrance","Sealed","Dry","Not Raining","Daylight","Rear End","02","Driver Rider","1: PDO","No Control","","",1329088.78,1665059.46,"13290891665059"
"2012-15276-27/05/2021","1 City","ADELAIDE","5000","CITY OF ADELAIDE",3,0,0,0,0,2012,"August","Thursday","08:10 am","050","Cross Road","Straight road","Level","Not Applicable","Sealed","Dry","Not Raining","Daylight","Rear End","01","Driver Rider","1: PDO","Give Way Sign","","",1329436.8,1670373.55,"13294371670374"
"2012-15277-27/05/2021","1 City","NORTH ADELAIDE","5006","CITY OF ADELAIDE",2,0,0,0,0,2012,"August","Wednesday","10:00 am","050","Cross Road","Straight road","Level","Not Applicable","Sealed","Dry","Not Raining","Daylight","Rear End","02","Driver Rider","1: PDO","Traffic Signals","","",1328087.06,1673327.96,"13280871673328"
"2012-15278-27/05/2021","2 Metropolitan","WAYVILLE","5034","CITY OF UNLEY",3,0,0,0,0,2012,"August","Thursday","07:25 am","060","Cross Road","Straight road","Level","Not Applicable","Sealed","Dry","Not Raining","Daylight","Rear End","01","Driver Rider","1: PDO","Traffic Signals","","",1327426.25,1668913.54,"13274261668914"
"2012-15279-27/05/2021","3 Country","LYNDHURST","5731",,1,1,0,0,1,2012,"August","Sunday","12:00 pm","100","Not Divided","Straight road","Level","Not Applicable","Unsealed","Dry","Not Raining","Daylight","Roll Over","01","Driver Rider","2: MI","No Control","","",1433827.07,2259203.98,"14338272259204"
"2012-15280-27/05/2021","2 Metropolitan","SOMERTON PARK","5044","CITY OF HOLDFAST BAY",2,0,0,0,0,2012,"August","Thursday","07:00 am","050","Cross Road","Straight road","Level","Not Applicable","Sealed","Dry","Not Raining","Daylight","Right Angle","01","Driver Rider","1: PDO","Give Way Sign","","",1321531.96,1662684.77,"13215321662685"
"2012-15281-27/05/2021","3 Country","DUDLEY WEST","5222","KANGAROO ISLAND COUNCIL",2,0,0,0,0,2012,"August","Wednesday","07:00 pm","110","T-Junction","CURVED, VIEW OPEN","Slope","Unknown","Sealed","Dry","Not Raining","Night","Hit Animal","02","Animal","1: PDO","No Control","","",1258216.37,1576469.47,"12582161576469"
"2012-15282-27/05/2021","3 Country","ARNO BAY","5603","DC CLEVE.                     ",1,1,0,1,0,2012,"August","Thursday","05:00 am","110","Not Divided","CURVED, VIEW OPEN","Level","Not Applicable","Sealed","Dry","Not Raining","Night","Roll Over","01","Driver Rider","3: SI","No Control","Y","",1148294.04,1789984.69,"11482941789985"
"2012-15283-27/05/2021","1 City","ADELAIDE","5000","CITY OF ADELAIDE",2,0,0,0,0,2012,"August","Thursday","10:10 am","050","T-Junction","Straight road","Level","Not Applicable","Sealed","Dry","Not Raining","Daylight","Right Angle","01","Driver Rider","1: PDO","Traffic Signals","","",1328448.73,1671622.84,"13284491671623"
"2012-15284-27/05/2021","2 Metropolitan","HACKNEY","5069","CC OF NORWOOD,PAYNEHAM & ST PETERS",2,0,0,0,0,2012,"August","Thursday","09:00 am","060","Divided Road","Straight road","Level","Median Opening (not at I/S)","Sealed","Dry","Not Raining","Daylight","Right Turn","01","Driver Rider","1: PDO","No Control","","",1329850.31,1671650.06,"13298501671650"
"2012-15285-27/05/2021","2 Metropolitan","GLENSIDE","5065","CITY OF BURNSIDE",2,0,0,0,0,2012,"August","Thursday","08:40 am","060","Cross Road","Straight road","Level","Not Applicable","Sealed","Dry","Not Raining","Daylight","Right Turn","02","Driver Rider","1: PDO","Traffic Signals","","",1330687.25,1668997.74,"13306871668998"
"2012-15286-27/05/2021","2 Metropolitan","PARA HILLS WEST","5096","CITY OF SALISBURY",2,0,0,0,0,2012,"August","Thursday","07:30 am","080","T-Junction","Straight road","Level","Not Applicable","Sealed","Dry","Not Raining","Daylight","Rear End","01","Driver Rider","1: PDO","No Control","","",1332537.93,1684407.94,"13325381684408"
"2012-15287-27/05/2021","3 Country","INGLEWOOD","5133","THE ADELAIDE HILLS COUNCIL",2,0,0,0,0,2012,"August","Thursday","07:30 am","060","Not Divided","Straight road","Level","Not Applicable","Sealed","Dry","Not Raining","Daylight","Hit Animal","02","Animal","1: PDO","No Control","","",,,
"2012-15288-27/05/2021","2 Metropolitan","OAKDEN","5086","CITY OF PORT ADELAIDE ENFIELD",2,0,0,0,0,2012,"August","Thursday","08:10 am","060","T-Junction","Straight road","Level","Not Applicable","Sealed","Dry","Not Raining","Daylight","Right Angle","02","Driver Rider","1: PDO","No Control","","",1332050.28,1677944.35,"13320501677944"
"2012-15289-27/05/2021","2 Metropolitan","NORTHFIELD","5085","CITY OF PORT ADELAIDE ENFIELD",2,0,0,0,0,2012,"August","Thursday","12:45 pm","060","Not Divided","Straight road","Level","Not Applicable","Sealed","Dry","Not Raining","Daylight","Side Swipe","01","Driver Rider","1: PDO","No Control","","",1330401.95,1677950.77,"13304021677951"
"2012-15290-27/05/2021","2 Metropolitan","ENFIELD","5085","CITY OF PORT ADELAIDE ENFIELD",3,0,0,0,0,2012,"August","Wednesday","08:00 am","060","Divided Road","Straight road","Level","Not Applicable","Sealed","Dry","Not Raining","Daylight","Rear End","01","Driver Rider","1: PDO","No Control","","",1328809.31,1679227.14,"13288091679227"
"2012-15291-27/05/2021","2 Metropolitan","BEDFORD PARK","5042","CC MITCHAM.                   ",2,0,0,0,0,2012,"August","Thursday","12:55 pm","050","Not Divided","Straight road","Level","Not Applicable","Sealed","Dry","Not Raining","Daylight","Side Swipe","02","Driver Rider","1: PDO","No Control","","",,,
"2012-15292-27/05/2021","2 Metropolitan","ETHELTON","5015","CITY OF PORT ADELAIDE ENFIELD",2,0,0,0,0,2012,"August","Thursday","11:20 am","050","Not Divided","Straight road","Level","Roadworks","Sealed","Dry","Not Raining","Daylight","Hit Fixed Object","01","Driver Rider","1: PDO","No Control","","",1318613.18,1679393.85,"13186131679394"
"2012-15293-27/05/2021","2 Metropolitan","ATHOL PARK","5012","CITY OF CHARLES STURT",2,0,0,0,0,2012,"August","Thursday","02:10 pm","060","T-Junction","Straight road","Level","Not Applicable","Sealed","Dry","Not Raining","Daylight","Side Swipe","01","Driver Rider","1: PDO","No Control","","",1323915.72,1678952.43,"13239161678952"
"2012-15294-27/05/2021","2 Metropolitan","GLEN OSMOND","5064","CITY OF BURNSIDE",2,0,0,0,0,2012,"August","Thursday","02:00 pm","060","Divided Road","Straight road","Level","Not Applicable","Sealed","Dry","Not Raining","Daylight","Hit Parked Vehicle","02","Driver Rider","1: PDO","No Control","","",1332374.15,1667055.27,"13323741667055"
"2012-15295-27/05/2021","2 Metropolitan","O'HALLORAN HILL","5158","CITY OF ONKAPARINGA",3,0,0,0,0,2012,"August","Thursday","11:30 am","050","Not Divided","Straight road","Slope","Not Applicable","Sealed","Dry","Not Raining","Daylight","Hit Parked Vehicle","02","Driver Rider","1: PDO","No Control","","",1324010.83,1655568.33,"13240111655568"
"2012-15296-27/05/2021","2 Metropolitan","PARADISE","5075","CC CAMPBELLTOWN.              ",2,0,0,0,0,2012,"August","Thursday","03:10 pm","060","Cross Road","Straight road","Level","Not Applicable","Sealed","Dry","Not Raining","Daylight","Rear End","02","Driver Rider","1: PDO","Traffic Signals","","",1334976.63,1676238.55,"13349771676239"
"2012-15297-27/05/2021","2 Metropolitan","HAPPY VALLEY","5159","CITY OF ONKAPARINGA",2,1,0,0,1,2012,"August","Thursday","03:15 pm","050","T-Junction","CURVED, VIEW OPEN","Level","Not Applicable","Sealed","Dry","Not Raining","Daylight","Right Angle","02","Driver Rider","2: MI","No Control","","",1324678.39,1653072.9,"13246781653073"
"2012-15298-27/05/2021","2 Metropolitan","PAYNEHAM","5070","CC OF NORWOOD,PAYNEHAM & ST PETERS",2,0,0,0,0,2012,"August","Thursday","02:00 pm","060","Divided Road","Straight road","Level","Not Applicable","Sealed","Dry","Not Raining","Daylight","Side Swipe","01","Driver Rider","1: PDO","No Control","","",,,
"2012-15299-27/05/2021","2 Metropolitan","NORTH PLYMPTON","5037","CITY OF WEST TORRENS",2,0,0,0,0,2012,"August","Thursday","12:30 pm","060","Not Divided","Straight road","Level","Not Applicable","Sealed","Dry","Not Raining","Daylight","Hit Parked Vehicle","01","Driver Rider","1: PDO","No Control","","",1323512.08,1667027.2,"13235121667027"
"2012-15300-27/05/2021","2 Metropolitan","MORPHETT VALE","5162","CITY OF ONKAPARINGA",3,0,0,0,0,2012,"August","Wednesday","06:20 pm","060","Cross Road","Straight road","Level","Not Applicable","Sealed","Dry","Not Raining","Night","Rear End","01","Driver Rider","1: PDO","Roundabout","","",1321966.86,1648723.81,"13219671648724"
"2012-15301-27/05/2021","2 Metropolitan","CLEARVIEW","5085","CITY OF PORT ADELAIDE ENFIELD",2,0,0,0,0,2012,"August","Wednesday","05:00 pm","050","Cross Road","Straight road","Level","Not Applicable","Sealed","Dry","Not Raining","Daylight","Right Angle","02","Driver Rider","1: PDO","Roundabout","","",1330058.7,1678379.28,"13300591678379"
"2012-15302-27/05/2021","3 Country","EUDUNDA","5374","REGIONAL COUNCIL OF GOYDER",2,0,0,0,0,2012,"August","Thursday","02:30 pm","050","Not Divided","Straight road","Level","Not Applicable","Sealed","Dry","Not Raining","Daylight","Side Swipe","02","Driver Rider","1: PDO","No Control","","",1375849.44,1752567.19,"13758491752567"
"2012-15303-27/05/2021","1 City","ADELAIDE","5000","CITY OF ADELAIDE",2,0,0,0,0,2012,"August","Thursday","04:15 pm","050","Cross Road","Straight road","Level","Not Applicable","Sealed","Dry","Not Raining","Daylight","Side Swipe","02","Driver Rider","1: PDO","Traffic Signals","","",1328466.7,1671134.19,"13284671671134"
"2012-15304-27/05/2021","2 Metropolitan","BEDFORD PARK","5042","CC MITCHAM.                   ",2,0,0,0,0,2012,"August","Thursday","04:00 pm","050","T-Junction","Straight road","Level","Not Applicable","Sealed","Dry","Not Raining","Daylight","Right Turn","02","Driver Rider","1: PDO","Stop Sign","","",1325289.83,1659603.03,"13252901659603"
"2012-15305-27/05/2021","2 Metropolitan","SALISBURY DOWNS","5108","CITY OF SALISBURY",2,0,0,0,0,2012,"August","Thursday","04:30 pm","050","T-Junction","Straight road","Level","Not Applicable","Sealed","Dry","Not Raining","Daylight","Right Angle","01","Driver Rider","1: PDO","Give Way Sign","","",1331587.84,1688193.63,"13315881688194"
"2012-15306-27/05/2021","3 Country","PORT LINCOLN","5606","CC PT.LINCOLN.                ",2,0,0,0,0,2012,"August","Thursday","04:45 pm","110","T-Junction","Straight road","Level","Not Applicable","Sealed","Dry","Not Raining","Daylight","Right Angle","02","Driver Rider","1: PDO","No Control","","",1076888.37,1695770.6,"10768881695771"
"2012-15307-27/05/2021","3 Country","IRON KNOB","5601",,1,3,0,0,3,2012,"August","Thursday","12:15 pm","100","Not Divided","CURVED, VIEW OPEN","Slope","Not Applicable","Unsealed","Dry","Not Raining","Daylight","Roll Over","01","Driver Rider","2: MI","No Control","","",1185902.15,1926243.96,"11859021926244"
"2012-15308-27/05/2021","2 Metropolitan","MORPHETT VALE","5162","CITY OF ONKAPARINGA",4,0,0,0,0,2012,"August","Thursday","05:00 pm","060","Divided Road","Straight road","Slope","Not Applicable","Sealed","Wet","Raining","Daylight","Rear End","01","Driver Rider","1: PDO","No Control","","",1320988.02,1651025.18,"13209881651025"
"2012-15309-27/05/2021","2 Metropolitan","RIDGEHAVEN","5092","CITY OF TEA TREE GULLY",3,1,0,0,1,2012,"August","Thursday","03:30 pm","060","Divided Road","Straight road","Level","Not Applicable","Sealed","Dry","Not Raining","Daylight","Rear End","02","Driver Rider","2: MI","No Control","","",1337388.39,1681208.16,"13373881681208"
"2012-15310-27/05/2021","2 Metropolitan","BALHANNAH","5242","THE ADELAIDE HILLS COUNCIL",2,0,0,0,0,2012,"August","Thursday","07:30 am","050","T-Junction","Straight road","Level","Not Applicable","Sealed","Dry","Not Raining","Daylight","Rear End","01","Driver Rider","1: PDO","No Control","","",1349023.37,1662831.16,"13490231662831"
"2012-15311-27/05/2021","2 Metropolitan","NOARLUNGA DOWNS","5168","CITY OF ONKAPARINGA",2,1,0,0,1,2012,"August","Thursday","04:50 pm","070","Divided Road","Straight road","Level","Driveway or Entrance","Sealed","Wet","Raining","Daylight","Right Angle","01","Driver Rider","2: MI","No Control","","",1318141.08,1646799.61,"13181411646800"