"REPORT_ID","Stats Area","Suburb","Postcode","LGA Name","Total Units","Total Cas","Total Fats","Total SI","Total MI","Year","Month","Day","Time","Area Speed","Position Type","Horizontal Align","Vertical Align","Other Feat","Road Surface","Moisture Cond","Weather Cond","DayNight","Crash Type","Unit Resp","Entity Code","CSEF Severity","Traffic Ctrls","DUI Involved","Drugs Involved","ACCLOC_X","ACCLOC_Y","UNIQUE_LOC"
"2012-15721-27/05/2021","2 Metropolitan","GREENWITH","5125","CITY OF TEA TREE GULLY",3,0,0,0,0,2012,"September","Thursday","10:00 am","060","Not Divided","Straight road","Slope","Not Applicable","Sealed","Dry","Not Raining","Daylight","Hit Fixed Object","01","Driver Rider","1: PDO","No Control","","",,,
"2012-15722-27/05/2021","2 Metropolitan","PORT NOARLUNGA","5167","CITY OF ONKAPARINGA",2,0,0,0,0,2012,"September","Wednesday","02:50 pm","050","Not Divided","Straight road","Bottom of Hill","Driveway or Entrance","Sealed","Dry","Not Raining","Daylight","Hit Parked Vehicle","01","Driver Rider","1: PDO","No Control","","",1317385.26,1646326.21,"13173851646326"
"2012-15723-27/05/2021","2 Metropolitan","REGENCY PARK","5010","CITY OF PORT ADELAIDE ENFIELD",2,0,0,0,0,2012,"September","Wednesday","10:00 pm","060","Cross Road","Straight road","Level","Not Applicable","Sealed","Wet","Raining","Night","Hit Fixed Object","01","Driver Rider","1: PDO","Roundabout","","",1326405.99,1677739.6,"13264061677740"
"2012-15724-27/05/2021","2 Metropolitan","TORRENSVILLE","5031","CITY OF WEST TORRENS",2,1,0,0,1,2012,"September","Thursday","08:15 am","060","T-Junction","Straight road","Level","Not Applicable","Sealed","Dry","Not Raining","Daylight","Right Turn","01","Driver Rider","2: MI","No Control","","",1325405.96,1670982.44,"13254061670982"
"2012-15725-27/05/2021","2 Metropolitan","GAWLER SOUTH","5118","CT GAWLER.                    ",2,0,0,0,0,2012,"September","Thursday","11:00 am","050","Not Divided","Straight road","Level","Driveway or Entrance","Sealed","Dry","Not Raining","Daylight","Hit Parked Vehicle","02","Driver Rider","1: PDO","No Control","","",1342860.39,1705495.69,"13428601705496"
"2012-15726-27/05/2021","3 Country","PORT AUGUSTA","5700",,3,0,0,0,0,2012,"September","Wednesday","11:50 am","110","Not Divided","Straight road","Level","Not Applicable","Sealed","Dry","Not Raining","Daylight","Hit Animal","01","Driver Rider","1: PDO","No Control","","",1220995.43,2012837.54,"12209952012838"
"2012-15727-27/05/2021","2 Metropolitan","PORT ADELAIDE","5015","CITY OF PORT ADELAIDE ENFIELD",2,0,0,0,0,2012,"September","Thursday","12:15 pm","060","Cross Road","Straight road","Level","Not Applicable","Sealed","Dry","Not Raining","Daylight","Rear End","01","Driver Rider","1: PDO","Traffic Signals","","",1320509.08,1679073.54,"13205091679074"
"2012-15728-27/05/2021","2 Metropolitan","UNDERDALE","5032","CITY OF WEST TORRENS",2,3,0,0,3,2012,"September","Wednesday","03:30 pm","060","T-Junction","Straight road","Level","Not Applicable","Sealed","Dry","Not Raining","Daylight","Hit Fixed Object","01","Driver Rider","2: MI","Traffic Signals","","",1323829.19,1671602.14,"13238291671602"
"2012-15729-27/05/2021","2 Metropolitan","GEPPS CROSS","5094","CITY OF PORT ADELAIDE ENFIELD",2,0,0,0,0,2012,"September","Thursday","10:15 am","060","Cross Road","Straight road","Level","Not Applicable","Sealed","Dry","Not Raining","Daylight","Rear End","01","Driver Rider","1: PDO","Traffic Signals","","",1327996.81,1679245.21,"13279971679245"
"2012-15730-27/05/2021","1 City","ADELAIDE","5000","CITY OF ADELAIDE",2,0,0,0,0,2012,"September","Thursday","12:50 pm","050","Cross Road","Straight road","Level","Not Applicable","Sealed","Dry","Not Raining","Daylight","Right Turn","02","Driver Rider","1: PDO","No Control","","",1328546.83,1670034.96,"13285471670035"
"2012-15731-27/05/2021","2 Metropolitan","COROMANDEL EAST","5157","CITY OF ONKAPARINGA",2,0,0,0,0,2012,"September","Monday","05:40 pm","080","Not Divided","Straight road","Slope","Not Applicable","Sealed","Dry","Not Raining","Daylight","Hit Fixed Object","01","Driver Rider","1: PDO","No Control","","",1331299.69,1657478.38,"13313001657478"
"2012-15732-27/05/2021","2 Metropolitan","BURTON","5110","CITY OF SALISBURY",2,0,0,0,0,2012,"September","Thursday","12:05 pm","070","Not Divided","Straight road","Level","Driveway or Entrance","Sealed","Dry","Not Raining","Daylight","Right Angle","02","Driver Rider","1: PDO","No Control","","",1329761.65,1691134.9,"13297621691135"
"2012-15733-27/05/2021","3 Country","WAROOKA","5577","YORKE PENINSULA COUNCIL",2,1,0,1,0,2012,"September","Wednesday","04:15 pm","100","Not Divided","CURVED, VIEW OBSCURED","Slope","Not Applicable","Sealed","Unknown","Unknown","Daylight","Hit Fixed Object","01","Driver Rider","3: SI","No Control","","",1227747.61,1663384.71,"12277481663385"
"2012-15734-27/05/2021","2 Metropolitan","WEST BEACH","5024","CITY OF WEST TORRENS",2,2,0,0,2,2012,"September","Wednesday","05:45 pm","080","Divided Road","Straight road","Level","Unknown","Sealed","Wet","Not Raining","Daylight","Rear End","02","Driver Rider","2: MI","No Control","","",1320936.08,1668586.23,"13209361668586"
"2012-15735-27/05/2021","3 Country","MILLICENT","5280","WATTLE RANGE COUNCIL",1,0,0,0,0,2012,"September","Wednesday","08:30 pm","100","Not Divided","CURVED, VIEW OPEN","Level","Not Applicable","Unsealed","Wet","Raining","Night","Left Road - Out of Control","01","Driver Rider","1: PDO","No Control","","",,,
"2012-15736-27/05/2021","2 Metropolitan","CRAFERS WEST","5152","THE ADELAIDE HILLS COUNCIL",2,0,0,0,0,2012,"September","Wednesday","04:40 pm","060","Not Divided","CURVED, VIEW OPEN","Level","Driveway or Entrance","Sealed","Wet","Not Raining","Daylight","Hit Object on Road","01","Driver Rider","1: PDO","No Control","","",1337114.61,1660689.83,"13371151660690"
"2012-15737-27/05/2021","1 City","NORTH ADELAIDE","5006","CITY OF ADELAIDE",2,0,0,0,0,2012,"September","Thursday","01:30 pm","050","Not Divided","Straight road","Level","Not Applicable","Sealed","Dry","Not Raining","Daylight","Hit Parked Vehicle","02","Driver Rider","1: PDO","No Control","","",,,
"2012-15738-27/05/2021","2 Metropolitan","SEATON","5023","CITY OF CHARLES STURT",2,0,0,0,0,2012,"September","Wednesday","05:00 pm","050","Not Divided","Straight road","Level","Not Applicable","Sealed","Dry","Not Raining","Daylight","Hit Parked Vehicle","02","Driver Rider","1: PDO","No Control","","",1320516.5,1675928.25,"13205171675928"
"2012-15739-27/05/2021","2 Metropolitan","GAWLER SOUTH","5118","CT GAWLER.                    ",2,0,0,0,0,2012,"September","Thursday","03:25 pm","050","T-Junction","Unknown","Level","Not Applicable","Sealed","Wet","Raining","Daylight","Right Angle","02","Driver Rider","1: PDO","No Control","","",1342497.39,1705539.35,"13424971705539"
"2012-15740-27/05/2021","2 Metropolitan","ELIZABETH NORTH","5113","CITY OF PLAYFORD.",2,0,0,0,0,2012,"September","Thursday","03:10 pm","050","T-Junction","Straight road","Level","Not Applicable","Sealed","Wet","Raining","Daylight","Right Angle","01","Driver Rider","1: PDO","No Control","","",1336472.84,1695079.69,"13364731695080"
"2012-15741-27/05/2021","3 Country","ANGASTON","5353","THE BAROSSA COUNCIL.",2,0,0,0,0,2012,"September","Wednesday","07:30 pm","050","Not Divided","Straight road","Level","Driveway or Entrance","Sealed","Wet","Raining","Night","Hit Fixed Object","01","Driver Rider","1: PDO","No Control","","",1370927.32,1716179.23,"13709271716179"
"2012-15742-27/05/2021","2 Metropolitan","KENSINGTON","5068","CC OF NORWOOD,PAYNEHAM & ST PETERS",2,0,0,0,0,2012,"September","Thursday","03:50 pm","050","Cross Road","Straight road","Level","Not Applicable","Sealed","Wet","Raining","Daylight","Rear End","02","Driver Rider","1: PDO","Traffic Signals","","",1332259.75,1671076.47,"13322601671076"
"2012-15743-27/05/2021","2 Metropolitan","ATHOL PARK","5012","CITY OF CHARLES STURT",2,1,0,0,1,2012,"September","Thursday","01:32 pm","050","T-Junction","Straight road","Level","Not Applicable","Sealed","Dry","Not Raining","Daylight","Right Angle","02","Driver Rider","2: MI","No Control","","",1323680.52,1678947.27,"13236811678947"
"2012-15744-27/05/2021","2 Metropolitan","WOODCROFT","5162","CITY OF ONKAPARINGA",2,0,0,0,0,2012,"September","Saturday","10:30 am","050","Not Divided","Straight road","Level","Driveway or Entrance","Sealed","Dry","Not Raining","Daylight","Hit Parked Vehicle","01","Driver Rider","1: PDO","No Control","","",1324644.95,1651665.22,"13246451651665"
"2012-15745-27/05/2021","2 Metropolitan","NORWOOD","5067","CC OF NORWOOD,PAYNEHAM & ST PETERS",2,1,0,0,1,2012,"September","Thursday","02:45 pm","060","Multiple","Straight road","Level","Not Applicable","Sealed","Wet","Raining","Daylight","Right Turn","01","Driver Rider","2: MI","Traffic Signals","","",1330628.16,1671038.76,"13306281671039"
"2012-15746-27/05/2021","2 Metropolitan","CHRISTIE DOWNS","5164","CITY OF ONKAPARINGA",2,0,0,0,0,2012,"September","Thursday","03:15 pm","070","T-Junction","Straight road","Level","Not Applicable","Sealed","Wet","Raining","Daylight","Right Angle","02","Driver Rider","1: PDO","No Control","","",1318062.84,1648616.43,"13180631648616"
"2012-15747-27/05/2021","2 Metropolitan","PARALOWIE","5108","CITY OF SALISBURY",2,0,0,0,0,2012,"September","Thursday","04:20 pm","060","Divided Road","Straight road","Level","Not Applicable","Sealed","Dry","Not Raining","Daylight","Side Swipe","01","Driver Rider","1: PDO","No Control","","",1328823.93,1689147.52,"13288241689148"
"2012-15748-27/05/2021","2 Metropolitan","BRIDGEWATER","5155","THE ADELAIDE HILLS COUNCIL",2,0,0,0,0,2012,"September","Thursday","03:40 pm","110","Freeway","Straight road","Slope","Not Applicable","Sealed","Wet","Raining","Daylight","Hit Fixed Object","01","Driver Rider","1: PDO","No Control","","",1344019.31,1661202.11,"13440191661202"
"2012-15749-27/05/2021","2 Metropolitan","OVINGHAM","5082","CITY OF PROSPECT",2,1,0,0,1,2012,"September","Thursday","04:45 pm","060","Cross Road","Straight road","Level","Not Applicable","Sealed","Wet","Raining","Daylight","Rear End","02","Driver Rider","2: MI","Traffic Signals","","",1327262,1673837.29,"13272621673837"
"2012-15750-27/05/2021","2 Metropolitan","GLENELG EAST","5045","CITY OF HOLDFAST BAY",3,0,0,0,0,2012,"September","Wednesday","01:15 pm","060","Cross Road","Straight road","Level","Not Applicable","Sealed","Dry","Not Raining","Daylight","Hit Fixed Object","01","Driver Rider","1: PDO","Stop Sign","","",1321015.85,1665101.7,"13210161665102"
"2012-15751-27/05/2021","2 Metropolitan","COLLINSWOOD","5081","CITY OF PROSPECT",3,0,0,0,0,2012,"September","Thursday","04:00 pm","060","T-Junction","Straight road","Level","Not Applicable","Sealed","Wet","Raining","Daylight","Right Turn","01","Driver Rider","1: PDO","No Control","","",1330186.09,1674963.57,"13301861674964"
"2012-15752-27/05/2021","2 Metropolitan","ENFIELD","5085","CITY OF PORT ADELAIDE ENFIELD",2,0,0,0,0,2012,"September","Thursday","08:35 am","060","Divided Road","Straight road","Level","Not Applicable","Sealed","Dry","Not Raining","Daylight","Side Swipe","02","Driver Rider","1: PDO","No Control","","",1328796.27,1679227.85,"13287961679228"
"2012-15753-27/05/2021","2 Metropolitan","PROSPECT","5082","CITY OF PROSPECT",3,0,0,0,0,2012,"September","Thursday","04:00 pm","060","T-Junction","Straight road","Level","Not Applicable","Sealed","Wet","Raining","Daylight","Rear End","01","Driver Rider","1: PDO","No Control","","",1327227.81,1676760.11,"13272281676760"
"2012-15754-27/05/2021","1 City","NORTH ADELAIDE","5006","CITY OF ADELAIDE",2,0,0,0,0,2012,"September","Thursday","11:00 am","050","T-Junction","Straight road","Level","Not Applicable","Sealed","Dry","Not Raining","Daylight","Right Angle","01","Driver Rider","1: PDO","No Control","","",1328135.18,1672544.52,"13281351672545"
"2012-15755-27/05/2021","2 Metropolitan","LOCKLEYS","5024","CITY OF WEST TORRENS",2,0,0,0,0,2012,"September","Thursday","04:10 pm","060","Divided Road","Straight road","Level","Not Applicable","Sealed","Wet","Raining","Daylight","Rear End","01","Driver Rider","1: PDO","No Control","","",1320909.67,1669854.46,"13209101669854"
"2012-15756-27/05/2021","2 Metropolitan","FITZROY","5082","CITY OF PROSPECT",4,0,0,0,0,2012,"September","Thursday","03:30 pm","060","Divided Road","Straight road","Level","Not Applicable","Sealed","Wet","Raining","Daylight","Rear End","01","Driver Rider","1: PDO","No Control","","",1327712.47,1673645.18,"13277121673645"
"2012-15757-27/05/2021","2 Metropolitan","SALISBURY PLAIN","5109","CITY OF SALISBURY",2,0,0,0,0,2012,"September","Thursday","05:50 pm","060","Cross Road","Straight road","Level","Not Applicable","Sealed","Wet","Raining","Daylight","Rear End","02","Driver Rider","1: PDO","Traffic Signals","","",1335434.47,1688134.74,"13354341688135"
"2012-15758-27/05/2021","2 Metropolitan","POORAKA","5095","CITY OF SALISBURY",2,0,0,0,0,2012,"September","Thursday","05:10 pm","070","Cross Road","Straight road","Level","Not Applicable","Sealed","Wet","Raining","Daylight","Rear End","02","Driver Rider","1: PDO","Traffic Signals","","",1330499.62,1681832.25,"13305001681832"
"2012-15759-27/05/2021","2 Metropolitan","FIRLE","5070","CC OF NORWOOD,PAYNEHAM & ST PETERS",2,0,0,0,0,2012,"September","Thursday","06:00 pm","060","T-Junction","Straight road","Level","Not Applicable","Sealed","Wet","Not Raining","Night","Right Turn","02","Driver Rider","1: PDO","Traffic Signals","","",1333815.17,1673244.73,"13338151673245"
"2012-15760-27/05/2021","1 City","NORTH ADELAIDE","5006","CITY OF ADELAIDE",2,0,0,0,0,2012,"September","Thursday","02:35 pm","050","T-Junction","Straight road","Level","Not Applicable","Sealed","Wet","Raining","Daylight","Right Angle","02","Driver Rider","1: PDO","Traffic Signals","","",1328616.56,1672152.86,"13286171672153"
"2012-15761-27/05/2021","1 City","ADELAIDE","5000","CITY OF ADELAIDE",2,1,0,0,1,2012,"September","Thursday","04:45 pm","060","Divided Road","Straight road","Level","Not Applicable","Sealed","Wet","Raining","Daylight","Rear End","02","Driver Rider","2: MI","No Control","","",1327905.79,1671164.69,"13279061671165"
"2012-15762-27/05/2021","2 Metropolitan","KIDMAN PARK","5025","CITY OF CHARLES STURT",2,0,0,0,0,2012,"September","Thursday","05:30 pm","050","Cross Road","Straight road","Level","Not Applicable","Sealed","Wet","Not Raining","Daylight","Rear End","02","Driver Rider","1: PDO","Roundabout","","",1321952.82,1672210.82,"13219531672211"
"2012-15763-27/05/2021","2 Metropolitan","MELROSE PARK","5039","CC MITCHAM.                   ",2,0,0,0,0,2012,"September","Tuesday","06:30 pm","060","T-Junction","Straight road","Level","Not Applicable","Sealed","Dry","Not Raining","Night","Rear End","02","Driver Rider","1: PDO","Traffic Signals","","",1325936.31,1664190.8,"13259361664191"
"2012-15764-27/05/2021","2 Metropolitan","WOODVILLE","5011","CITY OF CHARLES STURT",2,0,0,0,0,2012,"September","Thursday","11:00 am","050","Not Divided","Straight road","Level","Driveway or Entrance","Sealed","Dry","Not Raining","Daylight","Hit Parked Vehicle","01","Driver Rider","1: PDO","No Control","","",1323248.21,1676585.41,"13232481676585"
"2012-15765-27/05/2021","2 Metropolitan","HACKHAM WEST","5163","CITY OF ONKAPARINGA",2,1,0,0,1,2012,"September","Thursday","05:55 pm","050","T-Junction","Straight road","Level","Not Applicable","Sealed","Dry","Not Raining","Daylight","Right Turn","02","Driver Rider","2: MI","No Control","","",1319635.1,1647197.12,"13196351647197"
"2012-15766-27/05/2021","2 Metropolitan","GAWLER SOUTH","5118","CT GAWLER.                    ",2,0,0,0,0,2012,"September","Thursday","03:00 pm","050","Cross Road","Straight road","Level","Not Applicable","Sealed","Dry","Not Raining","Daylight","Right Angle","02","Driver Rider","1: PDO","Give Way Sign","","",1342851.02,1705710.49,"13428511705710"
"2012-15767-27/05/2021","2 Metropolitan","MARLESTON","5033","CITY OF WEST TORRENS",2,0,0,0,0,2012,"September","Wednesday","01:00 pm","050","Not Divided","Straight road","Level","Not Applicable","Sealed","Dry","Not Raining","Daylight","Side Swipe","02","Driver Rider","1: PDO","No Control","","",1325183.88,1668687.49,"13251841668687"
"2012-15768-27/05/2021","2 Metropolitan","SALISBURY EAST","5096","CITY OF SALISBURY",2,0,0,0,0,2012,"September","Thursday","03:20 pm","060","T-Junction","Straight road","Slope","Not Applicable","Sealed","Wet","Raining","Daylight","Right Angle","01","Driver Rider","1: PDO","No Control","","",1334798.65,1685437.21,"13347991685437"
"2012-15769-27/05/2021","2 Metropolitan","KILBURN","5084","CITY OF PORT ADELAIDE ENFIELD",2,0,0,0,0,2012,"September","Thursday","07:20 pm","050","Divided Road","Straight road","Level","Driveway or Entrance","Sealed","Dry","Not Raining","Night","Right Angle","01","Driver Rider","1: PDO","No Control","","",1328031.43,1677603.14,"13280311677603"
"2012-15770-27/05/2021","2 Metropolitan","NEW PORT","5015","CITY OF PORT ADELAIDE ENFIELD",2,0,0,0,0,2012,"September","Thursday","12:15 pm","060","T-Junction","Straight road","Level","Not Applicable","Sealed","Dry","Not Raining","Daylight","Right Turn","01","Driver Rider","1: PDO","Traffic Signals","","",1319183.3,1679164.13,"13191831679164"
"2012-15771-27/05/2021","2 Metropolitan","GEPPS CROSS","5094","CITY OF PORT ADELAIDE ENFIELD",2,0,0,0,0,2012,"September","Thursday","06:25 pm","060","Multiple","Straight road","Level","Not Applicable","Sealed","Wet","Not Raining","Night","Right Angle","02","Driver Rider","1: PDO","Traffic Signals","","",1328810.92,1679280.6,"13288111679281"
"2012-15772-27/05/2021","2 Metropolitan","WATERLOO CORNER","5110","CITY OF PLAYFORD.",2,0,0,0,0,2012,"September","Thursday","05:40 pm","090","Divided Road","CURVED, VIEW OPEN","Level","Not Applicable","Sealed","Wet","Raining","Daylight","Hit Fixed Object","01","Driver Rider","1: PDO","No Control","","",1326342.29,1696634.67,"13263421696635"
"2012-15773-27/05/2021","2 Metropolitan","HALLETT COVE","5158","CC MARION.                    ",2,0,0,0,0,2012,"September","Thursday","03:20 pm","060","Not Divided","Straight road","Level","Driveway or Entrance","Sealed","Wet","Raining","Daylight","Right Angle","01","Driver Rider","1: PDO","No Control","","",1320499.79,1654130.77,"13205001654131"
"2012-15774-27/05/2021","2 Metropolitan","NETLEY","5037","CITY OF WEST TORRENS",2,0,0,0,0,2012,"September","Tuesday","04:30 pm","060","Not Divided","Straight road","Level","Not Applicable","Sealed","Dry","Not Raining","Daylight","Side Swipe","01","Driver Rider","1: PDO","No Control","","",1324181.09,1668707.8,"13241811668708"
"2012-15775-27/05/2021","2 Metropolitan","MAYLANDS","5069","CC OF NORWOOD,PAYNEHAM & ST PETERS",3,0,0,0,0,2012,"September","Wednesday","06:50 pm","060","Cross Road","Straight road","Level","Not Applicable","Sealed","Dry","Not Raining","Night","Rear End","01","Driver Rider","1: PDO","Traffic Signals","","",1332227.63,1671761.35,"13322281671761"
"2012-15776-27/05/2021","2 Metropolitan","TRANMERE","5073","CC CAMPBELLTOWN.              ",3,0,0,0,0,2012,"September","Thursday","02:50 pm","060","T-Junction","Straight road","Level","Not Applicable","Sealed","Wet","Raining","Daylight","Right Turn","02","Driver Rider","1: PDO","Traffic Signals","","",1333834.79,1672885.54,"13338351672886"
"2012-15777-27/05/2021","2 Metropolitan","PROSPECT","5082","CITY OF PROSPECT",2,0,0,0,0,2012,"September","Thursday","08:20 pm","060","Cross Road","Straight road","Level","Unknown","Sealed","Wet","Raining","Night","Rear End","01","Driver Rider","1: PDO","Traffic Signals","","",1328862.28,1676441.72,"13288621676442"
"2012-15778-27/05/2021","1 City","ADELAIDE","5000","CITY OF ADELAIDE",2,0,0,0,0,2012,"September","Thursday","06:00 pm","050","Cross Road","Straight road","Level","Not Applicable","Sealed","Dry","Not Raining","Night","Right Turn","01","Driver Rider","1: PDO","Give Way Sign","","",1327395.92,1670003.03,"13273961670003"
"2012-15779-27/05/2021","2 Metropolitan","MARRYATVILLE","5068","CC OF NORWOOD,PAYNEHAM & ST PETERS",2,0,0,0,0,2012,"September","Thursday","05:00 pm","060","Cross Road","Straight road","Level","Not Applicable","Sealed","Wet","Raining","Daylight","Hit Fixed Object","01","Driver Rider","1: PDO","Traffic Signals","","",1332280.78,1670410.05,"13322811670410"
"2012-15780-27/05/2021","1 City","ADELAIDE","5000","CITY OF ADELAIDE",3,0,0,0,0,2012,"September","Thursday","06:00 pm","060","Cross Road","Straight road","Level","Not Applicable","Sealed","Wet","Raining","Night","Rear End","01","Driver Rider","1: PDO","Traffic Signals","","",1327395.61,1669542.05,"13273961669542"
"2012-15781-27/05/2021","3 Country","PARACOMBE","5231","THE ADELAIDE HILLS COUNCIL",2,0,0,0,0,2012,"September","Thursday","08:05 pm","080","Not Divided","CURVED, VIEW OPEN","Slope","Not Applicable","Sealed","Wet","Raining","Night","Hit Fixed Object","01","Driver Rider","1: PDO","No Control","","",,,
"2012-15782-27/05/2021","2 Metropolitan","ST AGNES","5097","CITY OF TEA TREE GULLY",2,0,0,0,0,2012,"September","Wednesday","04:45 pm","060","T-Junction","Straight road","Level","Not Applicable","Sealed","Wet","Raining","Daylight","Right Angle","01","Driver Rider","1: PDO","Stop Sign","","",1338584.03,1681287.55,"13385841681288"
"2012-15783-27/05/2021","2 Metropolitan","PARA HILLS","5096","CITY OF SALISBURY",2,0,0,0,0,2012,"September","Wednesday","08:35 pm","060","Divided Road","Straight road","Level","Not Applicable","Sealed","Wet","Raining","Night","Side Swipe","02","Driver Rider","1: PDO","No Control","","",1334224.85,1684597.13,"13342251684597"
"2012-15784-27/05/2021","2 Metropolitan","SMITHFIELD","5114","CITY OF PLAYFORD.",2,0,0,0,0,2012,"September","Thursday","06:45 pm","050","T-Junction","Straight road","Level","Not Applicable","Sealed","Wet","Raining","Night","Right Angle","02","Driver Rider","1: PDO","No Control","","",1337526.67,1697026.77,"13375271697027"
"2012-15785-27/05/2021","3 Country","MOONTA","5558","COPPER COAST DISTRICT COUNCIL",2,1,0,0,1,2012,"September","Thursday","11:20 pm","100","Not Divided","Straight road","Level","Not Applicable","Sealed","Wet","Raining","Night","Hit Fixed Object","01","Driver Rider","2: MI","No Control","","",,,
"2012-15786-27/05/2021","2 Metropolitan","STIRLING","5152","THE ADELAIDE HILLS COUNCIL",6,1,0,0,1,2012,"September","Friday","12:20 am","110","Freeway","CURVED, VIEW OPEN","Level","Bridge, Culvert, Causeway","Sealed","Wet","Raining","Night","Hit Fixed Object","01","Driver Rider","2: MI","No Control","","",,,
"2012-15787-27/05/2021","2 Metropolitan","CRAFERS","5152","THE ADELAIDE HILLS COUNCIL",2,0,0,0,0,2012,"September","Friday","12:42 am","100","Freeway","Straight road","Level","Not Applicable","Sealed","Wet","Raining","Night","Hit Fixed Object","01","Driver Rider","1: PDO","No Control","","",,,
"2012-15788-27/05/2021","3 Country","HINDMARSH VALLEY","5211","DC VICTOR HARBOR.             ",2,0,0,0,0,2012,"September","Friday","03:30 am","100","Not Divided","CURVED, VIEW OPEN","Slope","Not Applicable","Sealed","Wet","Not Raining","Night","Head On","02","Driver Rider","1: PDO","No Control","","",1329483.07,1609343.81,"13294831609344"
"2012-15789-27/05/2021","2 Metropolitan","NAIRNE","5252","DC MT.BARKER.                 ",2,0,0,0,0,2012,"September","Friday","04:35 am","080","Not Divided","CURVED, VIEW OPEN","Slope","Not Applicable","Sealed","Wet","Raining","Night","Hit Object on Road","01","Driver Rider","1: PDO","No Control","","",1357560.28,1657106.08,"13575601657106"
"2012-15790-27/05/2021","2 Metropolitan","PETERHEAD","5016","CITY OF PORT ADELAIDE ENFIELD",2,0,0,0,0,2012,"September","Friday","06:40 am","060","Cross Road","Straight road","Level","Not Applicable","Sealed","Wet","Raining","Daylight","Right Turn","01","Driver Rider","1: PDO","Traffic Signals","","",1319793.22,1681681.05,"13197931681681"
"2012-15791-27/05/2021","2 Metropolitan","VALLEY VIEW","5093","CITY OF TEA TREE GULLY",2,0,0,0,0,2012,"September","Friday","07:45 am","060","Cross Road","Straight road","Level","Not Applicable","Sealed","Dry","Not Raining","Daylight","Rear End","02","Driver Rider","1: PDO","Traffic Signals","","",1335297.49,1679399.6,"13352971679400"
"2012-15792-27/05/2021","3 Country","MOUNT GAMBIER","5290","CC MT.GAMBIER.                ",2,0,0,0,0,2012,"September","Thursday","06:09 pm","050","Cross Road","Straight road","Level","Not Applicable","Sealed","Wet","Not Raining","Night","Right Angle","02","Driver Rider","1: PDO","Roundabout","","",1509634.67,1340149.1,"15096351340149"
"2012-15793-27/05/2021","2 Metropolitan","BLACK FOREST","5035","CITY OF UNLEY",2,0,0,0,0,2012,"September","Thursday","03:05 pm","050","Cross Road","Straight road","Level","Not Applicable","Sealed","Wet","Raining","Daylight","Rear End","02","Driver Rider","1: PDO","Stop Sign","","",1326664.79,1667056.08,"13266651667056"
"2012-15794-27/05/2021","3 Country","GLADSTONE","5473","NORTHERN AREAS DISTRICT COUNCIL",2,0,0,0,0,2012,"September","Thursday","03:00 am","110","Not Divided","Straight road","Level","Not Applicable","Sealed","Dry","Not Raining","Night","Roll Over","01","Driver Rider","1: PDO","No Control","","",1313647.75,1851516.12,"13136481851516"
"2012-15795-27/05/2021","2 Metropolitan","GLYNDE","5070","CC OF NORWOOD,PAYNEHAM & ST PETERS",2,1,0,0,1,2012,"September","Friday","08:45 am","060","Divided Road","Straight road","Level","Not Applicable","Sealed","Dry","Not Raining","Daylight","Right Angle","01","Driver Rider","2: MI","No Control","","",1333803.69,1673710.62,"13338041673711"
"2012-15796-27/05/2021","2 Metropolitan","GOLDEN GROVE","5125","CITY OF TEA TREE GULLY",2,1,0,0,1,2012,"September","Thursday","03:25 pm","060","T-Junction","Straight road","Slope","Not Applicable","Sealed","Wet","Raining","Daylight","Rear End","02","Driver Rider","2: MI","Roundabout","","",1340715.18,1687202.53,"13407151687203"
"2012-15797-27/05/2021","2 Metropolitan","MODBURY NORTH","5092","CITY OF TEA TREE GULLY",2,0,0,0,0,2012,"September","Thursday","09:50 am","080","Cross Road","Straight road","Slope","Not Applicable","Sealed","Wet","Raining","Daylight","Rear End","02","Driver Rider","1: PDO","Traffic Signals","","",1335966.45,1682345.59,"13359661682346"
"2012-15798-27/05/2021","1 City","ADELAIDE","5000","CITY OF ADELAIDE",2,0,0,0,0,2012,"September","Thursday","08:55 am","050","Not Divided","Straight road","Level","Not Applicable","Sealed","Dry","Not Raining","Daylight","Side Swipe","02","Driver Rider","1: PDO","No Control","","",1329015.29,1671032.89,"13290151671033"
"2012-15799-27/05/2021","2 Metropolitan","CROYDON","5008","CITY OF CHARLES STURT",2,0,0,0,0,2012,"September","Thursday","08:50 pm","060","Not Divided","Straight road","Level","Driveway or Entrance","Sealed","Wet","Not Raining","Night","Right Turn","02","Driver Rider","1: PDO","No Control","","",,,
"2012-15800-27/05/2021","2 Metropolitan","SALISBURY PARK","5109","CITY OF SALISBURY",2,0,0,0,0,2012,"September","Thursday","03:00 pm","080","Divided Road","Straight road","Level","Not Applicable","Sealed","Wet","Raining","Daylight","Side Swipe","02","Driver Rider","1: PDO","No Control","","",,,
"2012-15801-27/05/2021","1 City","ADELAIDE","5000","CITY OF ADELAIDE",2,0,0,0,0,2012,"September","Friday","08:10 am","050","Not Divided","Straight road","Level","Driveway or Entrance","Sealed","Dry","Not Raining","Daylight","Rear End","01","Driver Rider","1: PDO","No Control","","",1327422.99,1669692.81,"13274231669693"