"REPORT_ID","Stats Area","Suburb","Postcode","LGA Name","Total Units","Total Cas","Total Fats","Total SI","Total MI","Year","Month","Day","Time","Area Speed","Position Type","Horizontal Align","Vertical Align","Other Feat","Road Surface","Moisture Cond","Weather Cond","DayNight","Crash Type","Unit Resp","Entity Code","CSEF Severity","Traffic Ctrls","DUI Involved","Drugs Involved","ACCLOC_X","ACCLOC_Y","UNIQUE_LOC"
"2012-16372-27/05/2021","2 Metropolitan","CAMPBELLTOWN","5074","CC CAMPBELLTOWN.              ",2,0,0,0,0,2012,"September","Sunday","06:00 pm","050","Not Divided","Straight road","Level","Unknown","Sealed","Dry","Not Raining","Daylight","Hit Parked Vehicle","02","Driver Rider","1: PDO","No Control","","",1333533.66,1675534.42,"13335341675534"
"2012-16373-27/05/2021","2 Metropolitan","OSBORNE","5017","CITY OF PORT ADELAIDE ENFIELD",2,0,0,0,0,2012,"September","Sunday","05:30 pm","050","Not Divided","Straight road","Level","Not Applicable","Sealed","Dry","Not Raining","Daylight","Hit Fixed Object","01","Driver Rider","1: PDO","No Control","","",1320209.26,1686026.12,"13202091686026"
"2012-16374-27/05/2021","1 City","ADELAIDE","5000","CITY OF ADELAIDE",2,0,0,0,0,2012,"September","Friday","08:40 pm","050","Cross Road","Straight road","Level","Not Applicable","Sealed","Wet","Not Raining","Night","Side Swipe","02","Driver Rider","1: PDO","Traffic Signals","","",1328476.66,1670828.84,"13284771670829"
"2012-16375-27/05/2021","3 Country","MANNUM","5238","MID MURRAY DISTRICT COUNCIL",2,3,0,0,3,2012,"September","Saturday","06:15 pm","100","Not Divided","CURVED, VIEW OPEN","Crest of Hill","Not Applicable","Unsealed","Dry","Not Raining","Night","Hit Fixed Object","01","Driver Rider","2: MI","No Control","","",,,
"2012-16376-27/05/2021","2 Metropolitan","GOODWOOD","5034","CITY OF UNLEY",2,0,0,0,0,2012,"September","Saturday","10:30 pm","025","T-Junction","Straight road","Level","Driveway or Entrance","Sealed","Dry","Not Raining","Night","Right Angle","02","Driver Rider","1: PDO","No Control","","",1327099.13,1668165.21,"13270991668165"
"2012-16377-27/05/2021","2 Metropolitan","DAVOREN PARK","5113","CITY OF PLAYFORD.",3,0,0,0,0,2012,"September","Sunday","06:00 pm","060","Not Divided","Straight road","Level","Not Applicable","Sealed","Dry","Not Raining","Daylight","Rear End","01","Driver Rider","1: PDO","No Control","","",1336417.01,1696901.07,"13364171696901"
"2012-16378-27/05/2021","2 Metropolitan","GLENUNGA","5064","CITY OF BURNSIDE",2,0,0,0,0,2012,"September","Sunday","04:40 pm","050","Not Divided","Straight road","Level","Not Applicable","Sealed","Dry","Not Raining","Daylight","Hit Fixed Object","01","Driver Rider","1: PDO","No Control","","",1332201.43,1668035.45,"13322011668035"
"2012-16379-27/05/2021","3 Country","CALOOTE","5254","MID MURRAY DISTRICT COUNCIL",2,0,0,0,0,2012,"September","Friday","08:30 pm","080","Not Divided","Straight road","Level","Not Applicable","Unsealed","Dry","Not Raining","Night","Roll Over","01","Driver Rider","1: PDO","No Control","","",,,
"2012-16380-27/05/2021","3 Country","PORT LINCOLN","5606","CC PT.LINCOLN.                ",3,0,0,0,0,2012,"September","Sunday","04:30 pm","060","T-Junction","CURVED, VIEW OPEN","Slope","Not Applicable","Sealed","Dry","Not Raining","Daylight","Rear End","01","Driver Rider","1: PDO","Give Way Sign","","",1078001.17,1699475.1,"10780011699475"
"2012-16381-27/05/2021","3 Country","RISDON PARK","5540","PT.PIRIE CITY & DIST. COUNCIL ",2,0,0,0,0,2012,"September","Sunday","08:15 pm","050","Not Divided","Straight road","Level","Not Applicable","Sealed","Dry","Not Raining","Night","Hit Fixed Object","01","Driver Rider","1: PDO","No Control","","",1279247.21,1863215.72,"12792471863216"
"2012-16382-27/05/2021","2 Metropolitan","POORAKA","5095","CITY OF SALISBURY",2,0,0,0,0,2012,"September","Sunday","02:45 am","050","T-Junction","Straight road","Level","Not Applicable","Sealed","Dry","Not Raining","Night","Hit Fixed Object","01","Driver Rider","1: PDO","No Control","","",1331655.1,1681543,"13316551681543"
"2012-16383-27/05/2021","2 Metropolitan","FULHAM GARDENS","5024","CITY OF CHARLES STURT",2,0,0,0,0,2012,"September","Sunday","07:00 pm","060","Divided Road","Straight road","Level","Driveway or Entrance","Sealed","Dry","Not Raining","Night","Right Angle","02","Driver Rider","1: PDO","No Control","","",1320661.24,1672433.29,"13206611672433"
"2012-16384-27/05/2021","2 Metropolitan","PORT NOARLUNGA SOUTH","5167","CITY OF ONKAPARINGA",2,0,0,0,0,2012,"September","Sunday","08:10 pm","070","Not Divided","Straight road","Level","Not Applicable","Sealed","Dry","Not Raining","Night","Hit Fixed Object","01","Driver Rider","1: PDO","No Control","","",1316279.63,1644898.55,"13162801644899"
"2012-16385-27/05/2021","2 Metropolitan","PROSPECT","5082","CITY OF PROSPECT",2,0,0,0,0,2012,"September","Sunday","10:25 pm","060","Cross Road","Straight road","Slope","Not Applicable","Sealed","Dry","Not Raining","Night","Side Swipe","01","Driver Rider","1: PDO","Traffic Signals","","",1327235.97,1676403.16,"13272361676403"
"2012-16386-27/05/2021","3 Country","COBDOGLA","5346","THE BERRI BARMERA COUNCIL",2,1,0,0,1,2012,"September","Sunday","05:30 am","110","T-Junction","Straight road","Level","Bridge, Culvert, Causeway","Sealed","Dry","Not Raining","Night","Hit Fixed Object","01","Driver Rider","2: MI","No Control","","",1496345.48,1740042.24,"14963451740042"
"2012-16387-27/05/2021","2 Metropolitan","ONKAPARINGA HILLS","5163","CITY OF ONKAPARINGA",2,1,1,0,0,2012,"September","Sunday","04:15 pm","080","Not Divided","Straight road","Slope","Not Applicable","Sealed","Dry","Not Raining","Daylight","Hit Fixed Object","01","Driver Rider","4: Fatal","No Control","","",1326180.89,1648040.28,"13261811648040"
"2012-16388-27/05/2021","2 Metropolitan","TENNYSON","5022","CITY OF CHARLES STURT",2,0,0,0,0,2012,"September","Sunday","01:30 pm","060","Divided Road","Straight road","Level","Not Applicable","Sealed","Dry","Not Raining","Daylight","Hit Parked Vehicle","01","Driver Rider","1: PDO","No Control","","",1318297.27,1675436.94,"13182971675437"
"2012-16389-27/05/2021","2 Metropolitan","LOCKLEYS","5032","CITY OF WEST TORRENS",2,0,0,0,0,2012,"September","Monday","08:20 am","060","T-Junction","Straight road","Level","Not Applicable","Sealed","Dry","Not Raining","Daylight","Rear End","02","Driver Rider","1: PDO","Traffic Signals","","",1322549.55,1670731.56,"13225501670732"
"2012-16390-27/05/2021","2 Metropolitan","OLD REYNELLA","5161","CITY OF ONKAPARINGA",2,0,0,0,0,2012,"September","Sunday","02:20 pm","050","Not Divided","Straight road","Slope","Driveway or Entrance","Sealed","Dry","Not Raining","Daylight","Right Turn","01","Driver Rider","1: PDO","No Control","","",1322107.42,1651970.35,"13221071651970"
"2012-16391-27/05/2021","2 Metropolitan","SEACOMBE GARDENS","5047","CC MARION.                    ",2,0,0,0,0,2012,"September","Monday","07:20 am","060","Not Divided","Straight road","Level","Not Applicable","Sealed","Dry","Not Raining","Daylight","Side Swipe","02","Driver Rider","1: PDO","No Control","","",,,
"2012-16392-27/05/2021","2 Metropolitan","TORRENS PARK","5062","CC MITCHAM.                   ",2,0,0,0,0,2012,"September","Monday","08:30 am","060","Not Divided","Straight road","Level","Not Applicable","Sealed","Dry","Not Raining","Daylight","Side Swipe","02","Driver Rider","1: PDO","No Control","","",,,
"2012-16393-27/05/2021","2 Metropolitan","HENLEY BEACH SOUTH","5022","CITY OF CHARLES STURT",2,1,0,0,1,2012,"September","Monday","07:30 am","050","Cross Road","Straight road","Level","Not Applicable","Sealed","Dry","Not Raining","Daylight","Right Angle","02","Driver Rider","2: MI","Roundabout","","",1319011.68,1670996.19,"13190121670996"
"2012-16394-27/05/2021","2 Metropolitan","BEDFORD PARK","5042","CC MITCHAM.                   ",2,0,0,0,0,2012,"September","Monday","09:00 am","060","Not Divided","Straight road","Level","Not Applicable","Sealed","Dry","Not Raining","Daylight","Rear End","02","Driver Rider","1: PDO","No Control","","",,,
"2012-16395-27/05/2021","2 Metropolitan","PARKSIDE","5063","CITY OF UNLEY",3,0,0,0,0,2012,"September","Sunday","11:00 am","040","T-Junction","Straight road","Level","Not Applicable","Sealed","Dry","Not Raining","Daylight","Right Angle","01","Driver Rider","1: PDO","No Control","","",1329341.7,1668675.59,"13293421668676"
"2012-16396-27/05/2021","1 City","ADELAIDE","5000","CITY OF ADELAIDE",2,0,0,0,0,2012,"September","Monday","08:25 am","050","Not Divided","Straight road","Level","Not Applicable","Sealed","Dry","Not Raining","Daylight","Side Swipe","01","Driver Rider","1: PDO","No Control","","",1328820.97,1670042.75,"13288211670043"
"2012-16397-27/05/2021","3 Country","PETINA","5680","DC STREAKY BAY.               ",2,0,0,0,0,2012,"September","Monday","09:00 am","110","Not Divided","Straight road","Level","Not Applicable","Sealed","Dry","Not Raining","Daylight","Hit Animal","02","Animal","1: PDO","No Control","","",946787.36,1954371.91,"09467871954372"
"2012-16398-27/05/2021","2 Metropolitan","FLAGSTAFF HILL","5159","CITY OF ONKAPARINGA",4,0,0,0,0,2012,"September","Sunday","12:30 am","050","Not Divided","CURVED, VIEW OBSCURED","Level","Not Applicable","Sealed","Dry","Not Raining","Night","Hit Fixed Object","01","Driver Rider","1: PDO","No Control","","",1327969.23,1656867.93,"13279691656868"
"2012-16399-27/05/2021","2 Metropolitan","HAWTHORN","5062","CC MITCHAM.                   ",3,0,0,0,0,2012,"September","Monday","08:05 am","060","T-Junction","Straight road","Level","Not Applicable","Sealed","Dry","Not Raining","Daylight","Rear End","01","Driver Rider","1: PDO","No Control","","",1328312.94,1666111.14,"13283131666111"
"2012-16400-27/05/2021","2 Metropolitan","WINGFIELD","5013","CITY OF PORT ADELAIDE ENFIELD",2,0,0,0,0,2012,"September","Sunday","02:30 pm","090","Freeway","Straight road","Level","Not Applicable","Sealed","Dry","Not Raining","Daylight","Side Swipe","01","Driver Rider","1: PDO","No Control","","",,,
"2012-16401-27/05/2021","2 Metropolitan","HIGHBURY","5089","CITY OF TEA TREE GULLY",2,0,0,0,0,2012,"September","Monday","08:10 am","060","T-Junction","Straight road","Level","Not Applicable","Sealed","Dry","Not Raining","Daylight","Right Angle","01","Driver Rider","1: PDO","No Control","","",1337899.79,1678419.51,"13379001678420"
"2012-16402-27/05/2021","2 Metropolitan","KENT TOWN","5067","CC OF NORWOOD,PAYNEHAM & ST PETERS",2,0,0,0,0,2012,"September","Monday","10:00 am","060","T-Junction","Straight road","Level","Not Applicable","Sealed","Dry","Not Raining","Daylight","Side Swipe","02","Driver Rider","1: PDO","No Control","","",1330616.72,1671435.25,"13306171671435"
"2012-16403-27/05/2021","2 Metropolitan","SOUTH PLYMPTON","5038","CC MARION.                    ",2,0,0,0,0,2012,"September","Sunday","04:30 pm","060","Cross Road","Straight road","Level","Not Applicable","Sealed","Dry","Not Raining","Daylight","Rear End","02","Driver Rider","1: PDO","Traffic Signals","","",1324280.88,1665110.12,"13242811665110"
"2012-16404-27/05/2021","2 Metropolitan","EDWARDSTOWN","5039","CC MARION.                    ",3,0,0,0,0,2012,"September","Saturday","05:05 pm","060","T-Junction","Straight road","Level","Not Applicable","Sealed","Dry","Not Raining","Daylight","Rear End","01","Driver Rider","1: PDO","Traffic Signals","","",1325915.83,1664786.38,"13259161664786"
"2012-16405-27/05/2021","2 Metropolitan","ELIZABETH PARK","5113","CITY OF PLAYFORD.",2,0,0,0,0,2012,"September","Monday","10:40 am","050","Not Divided","Straight road","Level","Unknown","Sealed","Dry","Not Raining","Daylight","Other","01","Driver Rider","1: PDO","No Control","","",,,
"2012-16406-27/05/2021","2 Metropolitan","MORPHETT VALE","5162","CITY OF ONKAPARINGA",2,0,0,0,0,2012,"September","Monday","11:30 am","050","Divided Road","Straight road","Level","Not Applicable","Sealed","Dry","Not Raining","Daylight","Right Angle","02","Driver Rider","1: PDO","No Control","","",1320743.95,1650895.11,"13207441650895"
"2012-16407-27/05/2021","2 Metropolitan","WYNN VALE","5127","CITY OF TEA TREE GULLY",2,1,0,0,1,2012,"September","Monday","08:10 am","070","T-Junction","Straight road","Level","Not Applicable","Sealed","Dry","Not Raining","Daylight","Right Turn","01","Driver Rider","2: MI","No Control","","",1336754.92,1684333.82,"13367551684334"
"2012-16408-27/05/2021","2 Metropolitan","GLENELG","5045","CITY OF HOLDFAST BAY",2,0,0,0,0,2012,"September","Monday","12:50 pm","050","One Way","Straight road","Level","Not Applicable","Sealed","Dry","Not Raining","Daylight","Hit Parked Vehicle","02","Driver Rider","1: PDO","No Control","","",,,
"2012-16409-27/05/2021","2 Metropolitan","KENSINGTON PARK","5068","CC OF NORWOOD,PAYNEHAM & ST PETERS",2,0,0,0,0,2012,"September","Monday","10:00 am","050","Not Divided","Straight road","Level","Not Applicable","Sealed","Dry","Not Raining","Daylight","Hit Parked Vehicle","02","Driver Rider","1: PDO","No Control","","",,,
"2012-16410-27/05/2021","2 Metropolitan","HALLETT COVE","5158","CC MARION.                    ",2,0,0,0,0,2012,"September","Monday","02:00 pm","050","Not Divided","Straight road","Level","Not Applicable","Sealed","Dry","Not Raining","Daylight","Hit Fixed Object","01","Driver Rider","1: PDO","No Control","","",1318727.19,1653123.93,"13187271653124"
"2012-16411-27/05/2021","2 Metropolitan","NOARLUNGA CENTRE","5168","CITY OF ONKAPARINGA",2,0,0,0,0,2012,"September","Friday","09:35 am","060","T-Junction","Straight road","Level","Not Applicable","Sealed","Dry","Not Raining","Daylight","Side Swipe","02","Driver Rider","1: PDO","Traffic Signals","","",1318337.56,1647460.97,"13183381647461"
"2012-16412-27/05/2021","2 Metropolitan","WALKERVILLE","5081","WALKERVILLE TOWN COUNCIL",4,1,0,0,1,2012,"September","Friday","05:10 pm","060","Cross Road","Straight road","Slope","Not Applicable","Sealed","Dry","Not Raining","Daylight","Rear End","01","Driver Rider","2: MI","Traffic Signals","","",1329483.39,1674233.16,"13294831674233"
"2012-16413-27/05/2021","3 Country","WOODLEIGH","5311","LOXTON WAIKERIE DISTRICT COUNCIL",3,0,0,0,0,2012,"September","Sunday","06:00 pm","100","Not Divided","Straight road","Level","Not Applicable","Unsealed","Dry","Not Raining","Daylight","Hit Animal","02","Animal","1: PDO","No Control","","",,,
"2012-16414-27/05/2021","2 Metropolitan","ROYAL PARK","5014","CITY OF CHARLES STURT",2,0,0,0,0,2012,"September","Monday","12:00 pm","060","Divided Road","Straight road","Level","Roadworks","Sealed","Dry","Not Raining","Daylight","Rear End","02","Driver Rider","1: PDO","No Control","","",1320687.8,1677171.19,"13206881677171"
"2012-16415-27/05/2021","1 City","ADELAIDE","5000","CITY OF ADELAIDE",2,0,0,0,0,2012,"September","Monday","01:45 pm","050","Not Divided","Straight road","Level","Not Applicable","Sealed","Dry","Not Raining","Daylight","Hit Parked Vehicle","02","Driver Rider","1: PDO","No Control","","",,,
"2012-16416-27/05/2021","2 Metropolitan","MARION","5043","CC MARION.                    ",2,0,0,0,0,2012,"September","Monday","12:30 pm","060","Not Divided","Straight road","Level","Not Applicable","Sealed","Dry","Not Raining","Daylight","Side Swipe","02","Driver Rider","1: PDO","No Control","","",,,
"2012-16417-27/05/2021","2 Metropolitan","FLAGSTAFF HILL","5159","CITY OF ONKAPARINGA",2,2,0,0,2,2012,"September","Monday","10:45 am","050","Not Divided","Straight road","Level","Bridge, Culvert, Causeway","Sealed","Dry","Not Raining","Daylight","Head On","02","Driver Rider","2: MI","No Control","","",1329243.81,1657177.15,"13292441657177"
"2012-16418-27/05/2021","3 Country","WHYALLA","5600",,2,0,0,0,0,2012,"September","Sunday","06:10 pm","100","Not Divided","CURVED, VIEW OPEN","Slope","Not Applicable","Unsealed","Dry","Not Raining","Night","Hit Fixed Object","01","Driver Rider","1: PDO","No Control","","",1192164.03,1870236.9,"11921641870237"
"2012-16419-27/05/2021","3 Country","MONASH","5342","THE BERRI BARMERA COUNCIL",2,0,0,0,0,2012,"September","Monday","02:15 pm","110","Not Divided","Straight road","Level","Not Applicable","Sealed","Dry","Not Raining","Daylight","Hit Animal","02","Animal","1: PDO","No Control","","",1514479.55,1738685.06,"15144801738685"
"2012-16420-27/05/2021","1 City","NORTH ADELAIDE","5006","CITY OF ADELAIDE",2,0,0,0,0,2012,"September","Sunday","02:00 pm","050","Cross Road","Straight road","Level","Not Applicable","Sealed","Dry","Not Raining","Daylight","Rear End","02","Driver Rider","1: PDO","Traffic Signals","","",1328660.53,1672322.4,"13286611672322"
"2012-16421-27/05/2021","2 Metropolitan","HALLETT COVE","5158","CC MARION.                    ",2,1,0,0,1,2012,"September","Monday","11:00 am","060","T-Junction","CURVED, VIEW OPEN","Bottom of Hill","Not Applicable","Sealed","Dry","Not Raining","Daylight","Hit Fixed Object","01","Driver Rider","2: MI","Roundabout","","",1319328.78,1654817.72,"13193291654818"
"2012-16422-27/05/2021","2 Metropolitan","BOWDEN","5007","CITY OF CHARLES STURT",3,1,0,0,1,2012,"September","Monday","08:20 am","060","Divided Road","Straight road","Level","Not Applicable","Sealed","Dry","Not Raining","Daylight","Rear End","01","Driver Rider","2: MI","No Control","","",1326608.62,1672759.66,"13266091672760"
"2012-16423-27/05/2021","2 Metropolitan","SALISBURY PLAIN","5109","CITY OF SALISBURY",3,0,0,0,0,2012,"September","Monday","02:50 pm","080","Cross Road","Straight road","Level","Not Applicable","Sealed","Dry","Not Raining","Daylight","Rear End","01","Driver Rider","1: PDO","Traffic Signals","","",1335434.47,1688134.74,"13354341688135"
"2012-16424-27/05/2021","2 Metropolitan","HACKHAM WEST","5163","CITY OF ONKAPARINGA",2,0,0,0,0,2012,"September","Monday","12:35 pm","060","T-Junction","Straight road","Level","Not Applicable","Sealed","Dry","Not Raining","Daylight","Rear End","02","Driver Rider","1: PDO","No Control","","",1319374.03,1646322.59,"13193741646323"
"2012-16425-27/05/2021","2 Metropolitan","BLACKWOOD","5051","CC MITCHAM.                   ",2,0,0,0,0,2012,"September","Monday","02:10 pm","050","Not Divided","Straight road","Level","Driveway or Entrance","Sealed","Dry","Not Raining","Daylight","Right Angle","02","Driver Rider","1: PDO","No Control","","",,,
"2012-16426-27/05/2021","2 Metropolitan","CROYDON PARK","5008","CITY OF PORT ADELAIDE ENFIELD",2,0,0,0,0,2012,"September","Monday","03:00 pm","050","Not Divided","Straight road","Level","Driveway or Entrance","Sealed","Dry","Not Raining","Daylight","Hit Parked Vehicle","02","Driver Rider","1: PDO","No Control","","",1325476.94,1675475.69,"13254771675476"
"2012-16427-27/05/2021","2 Metropolitan","LONSDALE","5160","CITY OF ONKAPARINGA",1,1,0,0,1,2012,"September","Monday","06:50 am","050","Not Divided","Straight road","Slope","Not Applicable","Sealed","Dry","Not Raining","Daylight","Roll Over","01","Driver Rider","2: MI","No Control","","",,,
"2012-16428-27/05/2021","2 Metropolitan","GLENELG EAST","5045","CITY OF HOLDFAST BAY",2,0,0,0,0,2012,"September","Monday","03:15 pm","060","T-Junction","Straight road","Level","Not Applicable","Sealed","Dry","Not Raining","Daylight","Right Angle","02","Driver Rider","1: PDO","Give Way Sign","","",1321273.88,1664170.77,"13212741664171"
"2012-16429-27/05/2021","1 City","ADELAIDE","5000","CITY OF ADELAIDE",3,0,0,0,0,2012,"September","Thursday","06:02 pm","050","Cross Road","Straight road","Level","Not Applicable","Sealed","Dry","Not Raining","Night","Rear End","02","Driver Rider","1: PDO","Traffic Signals","","",1329504.64,1671008.79,"13295051671009"
"2012-16430-27/05/2021","3 Country","KANGAROO HEAD","5222","KANGAROO ISLAND COUNCIL",2,0,0,0,0,2012,"September","Monday","02:00 pm","100","Not Divided","CURVED, VIEW OBSCURED","Slope","Not Applicable","Sealed","Wet","Not Raining","Daylight","Rear End","01","Driver Rider","1: PDO","No Control","","",1262283.31,1580660.56,"12622831580661"
"2012-16431-27/05/2021","2 Metropolitan","HACKNEY","5069","CC OF NORWOOD,PAYNEHAM & ST PETERS",2,0,0,0,0,2012,"September","Wednesday","06:20 pm","060","Not Divided","Straight road","Level","Driveway or Entrance","Sealed","Wet","Raining","Night","Right Angle","02","Driver Rider","1: PDO","No Control","","",1329981.78,1671357.89,"13299821671358"
"2012-16432-27/05/2021","2 Metropolitan","SALISBURY","5108","CITY OF SALISBURY",2,0,0,0,0,2012,"September","Monday","05:20 pm","060","Multiple","Straight road","Level","Not Applicable","Sealed","Dry","Not Raining","Daylight","Rear End","02","Driver Rider","1: PDO","Traffic Signals","","",1333632.48,1688660.75,"13336321688661"
"2012-16433-27/05/2021","3 Country","GERANIUM","5301","SOUTHERN MALLEE DISTRICT COUNCIL",3,0,0,0,0,2012,"September","Monday","02:30 pm","110","Not Divided","Straight road","Level","Not Applicable","Sealed","Dry","Not Raining","Daylight","Hit Fixed Object","01","Driver Rider","1: PDO","No Control","","",1469300.13,1614821.65,"14693001614822"
"2012-16434-27/05/2021","2 Metropolitan","WINDSOR GARDENS","5087","CITY OF PORT ADELAIDE ENFIELD",2,1,0,0,1,2012,"September","Thursday","12:35 pm","060","Divided Road","Straight road","Level","Not Applicable","Sealed","Dry","Not Raining","Daylight","Rear End","02","Driver Rider","2: MI","No Control","","",1333184.7,1677540.32,"13331851677540"
"2012-16435-27/05/2021","2 Metropolitan","GEPPS CROSS","5094","CITY OF PORT ADELAIDE ENFIELD",3,1,0,0,1,2012,"September","Friday","08:05 am","080","T-Junction","Straight road","Level","Not Applicable","Sealed","Dry","Not Raining","Daylight","Rear End","01","Driver Rider","2: MI","Traffic Signals","","",1329558.69,1680405.02,"13295591680405"
"2012-16436-27/05/2021","2 Metropolitan","PROSPECT","5082","CITY OF PROSPECT",2,1,0,0,1,2012,"September","Monday","04:30 pm","060","Not Divided","Straight road","Level","Not Applicable","Sealed","Dry","Not Raining","Daylight","Rear End","01","Driver Rider","2: MI","No Control","","",1327284.86,1674383.68,"13272851674384"
"2012-16437-27/05/2021","1 City","ADELAIDE","5000","CITY OF ADELAIDE",2,0,0,0,0,2012,"September","Monday","05:05 pm","050","Cross Road","Straight road","Level","Not Applicable","Sealed","Dry","Not Raining","Daylight","Right Angle","02","Driver Rider","1: PDO","Traffic Signals","","",1328509.64,1669574.68,"13285101669575"
"2012-16438-27/05/2021","2 Metropolitan","BLAKEVIEW","5114","CITY OF PLAYFORD.",2,0,0,0,0,2012,"September","Monday","03:40 pm","050","T-Junction","Straight road","Level","Not Applicable","Sealed","Dry","Not Raining","Daylight","Side Swipe","02","Driver Rider","1: PDO","No Control","","",1338439.56,1696880.82,"13384401696881"
"2012-16439-27/05/2021","3 Country","COULTA","5607","DC LOWER EYRE PENINSULA       ",1,1,0,0,1,2012,"September","Monday","04:40 pm","100","Not Divided","CURVED, VIEW OBSCURED","Level","Not Applicable","Unsealed","Wet","Raining","Daylight","Roll Over","01","Driver Rider","2: MI","No Control","","",,,
"2012-16440-27/05/2021","2 Metropolitan","KENSINGTON","5068","CC OF NORWOOD,PAYNEHAM & ST PETERS",2,0,0,0,0,2012,"September","Monday","09:45 am","060","Cross Road","Straight road","Level","Not Applicable","Sealed","Dry","Not Raining","Daylight","Right Angle","01","Driver Rider","1: PDO","Give Way Sign","","",1333058.67,1671093.6,"13330591671094"
"2012-16441-27/05/2021","2 Metropolitan","SEFTON PARK","5083","CITY OF PORT ADELAIDE ENFIELD",2,0,0,0,0,2012,"September","Monday","05:00 pm","050","Not Divided","Straight road","Level","Not Applicable","Sealed","Dry","Not Raining","Daylight","Right Turn","02","Driver Rider","1: PDO","No Control","","",1328988.55,1676228.27,"13289891676228"
"2012-16442-27/05/2021","2 Metropolitan","WEST RICHMOND","5033","CITY OF WEST TORRENS",2,1,0,0,1,2012,"September","Monday","05:10 pm","050","Cross Road","Straight road","Level","Not Applicable","Sealed","Dry","Not Raining","Daylight","Rear End","02","Driver Rider","2: MI","No Control","","",1323948.45,1669665.47,"13239481669665"
"2012-16443-27/05/2021","2 Metropolitan","PROSPECT","5082","CITY OF PROSPECT",3,0,0,0,0,2012,"September","Monday","04:10 pm","060","Not Divided","Straight road","Level","Not Applicable","Sealed","Dry","Not Raining","Daylight","Rear End","01","Driver Rider","1: PDO","No Control","","",,,
"2012-16444-27/05/2021","2 Metropolitan","INGLE FARM","5098","CITY OF SALISBURY",2,0,0,0,0,2012,"September","Monday","06:30 pm","060","T-Junction","Straight road","Level","Not Applicable","Sealed","Dry","Not Raining","Night","Right Angle","02","Driver Rider","1: PDO","No Control","","",1332014.26,1681649.92,"13320141681650"
"2012-16445-27/05/2021","3 Country","WHYALLA","5600","CC WHYALLA.                   ",1,0,0,0,0,2012,"September","Monday","02:00 pm","060","Not Divided","Unknown","Unknown","Unknown","Unsealed","Dry","Not Raining","Daylight","Roll Over","01","Driver Rider","1: PDO","No Control","","",,,
"2012-16446-27/05/2021","2 Metropolitan","ADELAIDE AIRPORT","5950","CITY OF WEST TORRENS",3,1,0,0,1,2012,"September","Monday","03:55 pm","020","Not Divided","Straight road","Level","Not Applicable","Sealed","Dry","Not Raining","Daylight","Hit Pedestrian","02","Driver Rider","2: MI","No Control","","",1322664.25,1669528.67,"13226641669529"
"2012-16447-27/05/2021","2 Metropolitan","KENT TOWN","5067","CC OF NORWOOD,PAYNEHAM & ST PETERS",2,0,0,0,0,2012,"September","Monday","04:30 pm","050","Cross Road","Straight road","Level","Not Applicable","Sealed","Dry","Not Raining","Daylight","Right Angle","02","Driver Rider","1: PDO","Give Way Sign","","",1330409.2,1671251.38,"13304091671251"
"2012-16448-27/05/2021","2 Metropolitan","MORPHETT VALE","5162","CITY OF ONKAPARINGA",2,0,0,0,0,2012,"September","Monday","08:30 am","060","Cross Road","Straight road","Level","Not Applicable","Sealed","Dry","Not Raining","Daylight","Right Angle","02","Driver Rider","1: PDO","Give Way Sign","","",1321143.64,1648704.96,"13211441648705"
"2012-16449-27/05/2021","2 Metropolitan","FERRYDEN PARK","5010","CITY OF PORT ADELAIDE ENFIELD",2,1,0,0,1,2012,"September","Monday","07:43 pm","050","T-Junction","Straight road","Level","Not Applicable","Sealed","Dry","Not Raining","Night","Head On","02","Driver Rider","2: MI","No Control","","",1324992.4,1676752.11,"13249921676752"
"2012-16450-27/05/2021","2 Metropolitan","KENSINGTON PARK","5068","CITY OF BURNSIDE",2,0,0,0,0,2012,"September","Monday","09:15 pm","050","Not Divided","Straight road","Level","Not Applicable","Sealed","Dry","Not Raining","Night","Hit Parked Vehicle","02","Driver Rider","1: PDO","No Control","","",1333402.26,1670791.42,"13334021670791"
"2012-16451-27/05/2021","1 City","ADELAIDE","5000","CITY OF ADELAIDE",2,2,0,0,2,2012,"September","Monday","09:20 pm","060","T-Junction","Straight road","Level","Driveway or Entrance","Sealed","Dry","Not Raining","Night","Right Angle","02","Driver Rider","2: MI","Give Way Sign","","",1327377.74,1670639.77,"13273781670640"
"2012-16452-27/05/2021","2 Metropolitan","WOODCROFT","5162","CITY OF ONKAPARINGA",3,0,0,0,0,2012,"September","Tuesday","12:35 am","050","Not Divided","Straight road","Slope","Not Applicable","Sealed","Dry","Not Raining","Night","Hit Fixed Object","01","Driver Rider","1: PDO","No Control","Y","",1323274.41,1649377.52,"13232741649378"
"2012-16453-27/05/2021","2 Metropolitan","INGLE FARM","5098","CITY OF SALISBURY",2,0,0,0,0,2012,"July","Thursday","05:30 pm","050","T-Junction","CURVED, VIEW OPEN","Level","Not Applicable","Sealed","Wet","Raining","Night","Hit Fixed Object","01","Driver Rider","1: PDO","No Control","","",1333233.62,1681579.4,"13332341681579"
"2012-16454-27/05/2021","2 Metropolitan","GEPPS CROSS","5094","CITY OF PORT ADELAIDE ENFIELD",3,0,0,0,0,2012,"September","Tuesday","12:10 am","060","Divided Road","Straight road","Level","Not Applicable","Sealed","Dry","Not Raining","Night","Hit Fixed Object","01","Driver Rider","1: PDO","No Control","","",,,