"REPORT_ID","Stats Area","Suburb","Postcode","LGA Name","Total Units","Total Cas","Total Fats","Total SI","Total MI","Year","Month","Day","Time","Area Speed","Position Type","Horizontal Align","Vertical Align","Other Feat","Road Surface","Moisture Cond","Weather Cond","DayNight","Crash Type","Unit Resp","Entity Code","CSEF Severity","Traffic Ctrls","DUI Involved","Drugs Involved","ACCLOC_X","ACCLOC_Y","UNIQUE_LOC"
"2012-16779-27/05/2021","3 Country","MARREE","5733",,1,0,0,0,0,2012,"September","Saturday","10:30 am","100","Not Divided","Straight road","Level","Not Applicable","Unsealed","Dry","Not Raining","Daylight","Roll Over","01","Driver Rider","1: PDO","No Control","","",1388399.43,2542922.52,"13883992542923"
"2012-16780-27/05/2021","2 Metropolitan","UNLEY","5061","CITY OF UNLEY",2,0,0,0,0,2012,"September","Saturday","06:00 pm","060","T-Junction","Straight road","Level","Not Applicable","Sealed","Dry","Not Raining","Daylight","Rear End","02","Driver Rider","1: PDO","Traffic Signals","","",1329086.84,1667942.21,"13290871667942"
"2012-16781-27/05/2021","3 Country","STREAKY BAY","5680","DC STREAKY BAY.               ",2,0,0,0,0,2012,"September","Thursday","03:35 pm","025","T-Junction","Straight road","Slope","Roadworks","Sealed","Dry","Not Raining","Daylight","Hit Fixed Object","01","Driver Rider","1: PDO","No Control","","",925859.73,1911523.05,"09258601911523"
"2012-16782-27/05/2021","2 Metropolitan","CHRISTIES BEACH","5165","CITY OF ONKAPARINGA",2,0,0,0,0,2012,"September","Saturday","07:54 pm","060","T-Junction","Straight road","Level","Driveway or Entrance","Sealed","Dry","Not Raining","Night","Right Angle","02","Driver Rider","1: PDO","No Control","","",1317124.6,1647418.8,"13171251647419"
"2012-16783-27/05/2021","2 Metropolitan","MAWSON LAKES","5095","CITY OF SALISBURY",2,0,0,0,0,2012,"September","Saturday","07:16 pm","050","Not Divided","Straight road","Level","Not Applicable","Sealed","Dry","Not Raining","Night","Hit Parked Vehicle","01","Driver Rider","1: PDO","No Control","Y","",,,
"2012-16784-27/05/2021","3 Country","HAYBOROUGH","5211","DC VICTOR HARBOR.             ",2,3,0,1,2,2012,"September","Friday","09:37 pm","060","T-Junction","Straight road","Level","Not Applicable","Sealed","Dry","Not Raining","Night","Side Swipe","02","Driver Rider","3: SI","No Control","","Y",1329730.35,1603250.69,"13297301603251"
"2012-16785-27/05/2021","2 Metropolitan","DARLINGTON","5047","CITY OF ONKAPARINGA",2,0,0,0,0,2012,"September","Saturday","05:20 pm","070","Cross Road","Straight road","Level","Not Applicable","Sealed","Dry","Not Raining","Daylight","Rear End","02","Driver Rider","1: PDO","Traffic Signals","","",1324432.96,1659694.42,"13244331659694"
"2012-16786-27/05/2021","3 Country","YUMALI","5261","COORONG DISTRICT COUNCIL",2,0,0,0,0,2012,"September","Sunday","06:45 am","110","Not Divided","CURVED, VIEW OPEN","Level","Not Applicable","Sealed","Dry","Not Raining","Daylight","Hit Fixed Object","01","Driver Rider","1: PDO","No Control","","",,,
"2012-16787-27/05/2021","2 Metropolitan","FULHAM GARDENS","5024","CITY OF CHARLES STURT",2,0,0,0,0,2012,"September","Sunday","06:25 pm","060","T-Junction","Straight road","Level","Not Applicable","Sealed","Dry","Not Raining","Night","Right Turn","02","Driver Rider","1: PDO","No Control","Y","",1320671.06,1672485.11,"13206711672485"
"2012-16788-27/05/2021","2 Metropolitan","HAHNDORF","5245","DC MT.BARKER.                 ",1,1,0,0,1,2012,"September","Sunday","08:20 am","110","Freeway","Straight road","Slope","Not Applicable","Sealed","Dry","Not Raining","Daylight","Roll Over","01","Driver Rider","2: MI","No Control","","",1346109,1658789.29,"13461091658789"
"2012-16789-27/05/2021","2 Metropolitan","SALISBURY DOWNS","5108","CITY OF SALISBURY",2,0,0,0,0,2012,"September","Saturday","10:30 pm","060","Not Divided","Straight road","Level","Driveway or Entrance","Sealed","Dry","Not Raining","Night","Side Swipe","02","Driver Rider","1: PDO","No Control","","",1330739.76,1687379.62,"13307401687380"
"2012-16790-27/05/2021","2 Metropolitan","SALISBURY DOWNS","5108","CITY OF SALISBURY",2,0,0,0,0,2012,"September","Sunday","08:45 am","060","T-Junction","Straight road","Level","Not Applicable","Sealed","Dry","Not Raining","Daylight","Side Swipe","01","Driver Rider","1: PDO","No Control","","",1331297.3,1686938.89,"13312971686939"
"2012-16791-27/05/2021","2 Metropolitan","STEPNEY","5069","CC OF NORWOOD,PAYNEHAM & ST PETERS",2,0,0,0,0,2012,"September","Saturday","03:08 pm","060","Not Divided","Straight road","Level","Not Applicable","Sealed","Dry","Not Raining","Daylight","Rear End","02","Driver Rider","1: PDO","No Control","","",1330917.68,1672139.86,"13309181672140"
"2012-16792-27/05/2021","3 Country","LYNDOCH","5351","THE BAROSSA COUNCIL.",3,0,0,0,0,2012,"September","Saturday","10:21 am","050","Not Divided","Straight road","Level","Not Applicable","Sealed","Dry","Not Raining","Daylight","Hit Parked Vehicle","02","Driver Rider","1: PDO","No Control","","",,,
"2012-16793-27/05/2021","1 City","NORTH ADELAIDE","5006","CITY OF ADELAIDE",2,0,0,0,0,2012,"September","Sunday","08:45 am","050","Not Divided","CURVED, VIEW OPEN","Level","Not Applicable","Sealed","Dry","Not Raining","Daylight","Hit Fixed Object","01","Driver Rider","1: PDO","No Control","","",1327173.2,1672948.92,"13271731672949"
"2012-16794-27/05/2021","2 Metropolitan","CLARENDON","5157","CITY OF ONKAPARINGA",2,2,0,0,2,2012,"September","Sunday","09:30 am","050","T-Junction","Straight road","Level","Not Applicable","Sealed","Dry","Not Raining","Daylight","Side Swipe","02","Driver Rider","2: MI","No Control","","",1330234.27,1650357.78,"13302341650358"
"2012-16795-27/05/2021","2 Metropolitan","URRBRAE","5064","CC MITCHAM.                   ",2,0,0,0,0,2012,"September","Sunday","06:44 am","060","Cross Road","CURVED, VIEW OPEN","Slope","Not Applicable","Sealed","Dry","Not Raining","Daylight","Side Swipe","02","Driver Rider","1: PDO","Traffic Signals","","",1332373.16,1666370.92,"13323731666371"
"2012-16796-27/05/2021","3 Country","PORT LINCOLN","5606","CC PT.LINCOLN.                ",2,0,0,0,0,2012,"September","Saturday","06:05 pm","050","Cross Road","Straight road","Slope","Not Applicable","Sealed","Dry","Not Raining","Daylight","Right Angle","01","Driver Rider","1: PDO","Give Way Sign","","",1079690.22,1697288.01,"10796901697288"
"2012-16797-27/05/2021","3 Country","TANTANOOLA","5280","WATTLE RANGE COUNCIL",2,2,0,0,2,2012,"September","Sunday","10:50 am","110","T-Junction","CURVED, VIEW OPEN","Level","Not Applicable","Sealed","Wet","Raining","Daylight","Right Angle","01","Driver Rider","2: MI","Give Way Sign","","",1486502.16,1353001.07,"14865021353001"
"2012-16798-27/05/2021","2 Metropolitan","ST MARYS","5042","CC MITCHAM.                   ",2,0,0,0,0,2012,"September","Sunday","12:00 pm","060","T-Junction","Straight road","Level","Not Applicable","Sealed","Dry","Not Raining","Daylight","Right Angle","02","Driver Rider","1: PDO","Stop Sign","","",1326615.61,1663335.37,"13266161663335"
"2012-16799-27/05/2021","2 Metropolitan","PARALOWIE","5108","CITY OF SALISBURY",3,0,0,0,0,2012,"September","Sunday","12:09 pm","090","Divided Road","CURVED, VIEW OPEN","Level","Not Applicable","Sealed","Dry","Not Raining","Daylight","Side Swipe","02","Driver Rider","1: PDO","No Control","","",1328468.53,1688650.32,"13284691688650"
"2012-16800-27/05/2021","1 City","ADELAIDE","5000","CITY OF ADELAIDE",2,0,0,0,0,2012,"September","Saturday","06:20 pm","050","Cross Road","Straight road","Level","Not Applicable","Sealed","Dry","Not Raining","Night","Rear End","02","Driver Rider","1: PDO","Traffic Signals","","",1328460.3,1670828.21,"13284601670828"
"2012-16801-27/05/2021","2 Metropolitan","MOUNT BARKER","5251","DC MT.BARKER.                 ",1,0,0,0,0,2012,"September","Sunday","11:45 am","080","T-Junction","Straight road","Level","Not Applicable","Sealed","Dry","Not Raining","Daylight","Left Road - Out of Control","01","Driver Rider","1: PDO","Give Way Sign","","",1353789.36,1652178.51,"13537891652179"
"2012-16802-27/05/2021","3 Country","TARCOOLA","5710","UNINCORP (NORTHERN & WESTERN) ",1,0,0,0,0,2012,"September","Tuesday","11:00 am","100","Not Divided","CURVED, VIEW OBSCURED","Slope","Not Applicable","Unsealed","Dry","Not Raining","Daylight","Roll Over","01","Driver Rider","1: PDO","No Control","","",,,
"2012-16803-27/05/2021","2 Metropolitan","BEDFORD PARK","5042","CC MARION.                    ",2,0,0,0,0,2012,"September","Monday","08:45 am","060","Divided Road","Straight road","Level","Not Applicable","Sealed","Dry","Not Raining","Daylight","Side Swipe","02","Driver Rider","1: PDO","No Control","","",1325287.95,1660695.52,"13252881660696"
"2012-16804-27/05/2021","2 Metropolitan","HINDMARSH","5007","CITY OF CHARLES STURT",2,0,0,0,0,2012,"September","Saturday","04:20 pm","060","Divided Road","Straight road","Level","Not Applicable","Sealed","Dry","Not Raining","Daylight","Side Swipe","02","Driver Rider","1: PDO","No Control","","",,,
"2012-16805-27/05/2021","3 Country","VEITCH","5312","LOXTON WAIKERIE DISTRICT COUNCIL",2,1,0,0,1,2012,"September","Sunday","01:15 pm","110","Not Divided","Straight road","Crest of Hill","Not Applicable","Sealed","Dry","Not Raining","Daylight","Hit Fixed Object","01","Driver Rider","2: MI","No Control","","",1504641.48,1691281.86,"15046411691282"
"2012-16806-27/05/2021","2 Metropolitan","WOODVILLE","5011","CITY OF CHARLES STURT",2,1,0,0,1,2012,"September","Sunday","02:45 pm","060","T-Junction","Straight road","Level","Not Applicable","Sealed","Dry","Not Raining","Daylight","Right Turn","02","Driver Rider","2: MI","No Control","","",1323245.3,1676426.86,"13232451676427"
"2012-16807-27/05/2021","2 Metropolitan","KILBURN","5084","CITY OF PORT ADELAIDE ENFIELD",3,0,0,0,0,2012,"September","Sunday","03:15 pm","050","Cross Road","Straight road","Level","Not Applicable","Sealed","Dry","Not Raining","Daylight","Right Angle","02","Driver Rider","1: PDO","Give Way Sign","","",1326958.61,1678228.41,"13269591678228"
"2012-16808-27/05/2021","2 Metropolitan","KURRALTA PARK","5037","CITY OF WEST TORRENS",2,0,0,0,0,2012,"September","Sunday","01:55 pm","060","Divided Road","Straight road","Level","Driveway or Entrance","Sealed","Dry","Not Raining","Daylight","Right Angle","02","Driver Rider","1: PDO","No Control","","",1325294.97,1667361.86,"13252951667362"
"2012-16809-27/05/2021","1 City","NORTH ADELAIDE","5006","CITY OF ADELAIDE",2,0,0,0,0,2012,"September","Saturday","04:00 pm","050","Cross Road","Straight road","Level","Not Applicable","Sealed","Dry","Not Raining","Daylight","Right Angle","01","Driver Rider","1: PDO","Roundabout","","",1329024.08,1672770.28,"13290241672770"
"2012-16810-27/05/2021","3 Country","MURRAY BRIDGE","5253","RC MURRAY BRIDGE.             ",4,1,0,0,1,2012,"September","Sunday","03:00 pm","050","T-Junction","Straight road","Level","Not Applicable","Sealed","Dry","Not Raining","Daylight","Hit Parked Vehicle","01","Driver Rider","2: MI","No Control","","",1388937.82,1646844.51,"13889381646845"
"2012-16811-27/05/2021","3 Country","SWAN REACH","5354","MID MURRAY DISTRICT COUNCIL",2,0,0,0,0,2012,"September","Sunday","02:50 pm","110","Not Divided","Straight road","Level","Not Applicable","Sealed","Dry","Not Raining","Daylight","Hit Fixed Object","01","Driver Rider","1: PDO","No Control","","",,,
"2012-16812-27/05/2021","2 Metropolitan","HINDMARSH","5007","CITY OF CHARLES STURT",2,0,0,0,0,2012,"September","Saturday","12:45 pm","060","Divided Road","Straight road","Level","Not Applicable","Sealed","Dry","Not Raining","Daylight","Side Swipe","02","Driver Rider","1: PDO","No Control","","",1325598.11,1673376.7,"13255981673377"
"2012-16813-27/05/2021","2 Metropolitan","WEST BEACH","5024","CITY OF WEST TORRENS",2,0,0,0,0,2012,"September","Saturday","05:40 pm","080","Cross Road","Straight road","Level","Not Applicable","Sealed","Dry","Not Raining","Daylight","Rear End","02","Driver Rider","1: PDO","Traffic Signals","","",1320929.56,1668827.66,"13209301668828"
"2012-16814-27/05/2021","2 Metropolitan","CAVAN","5094","CITY OF SALISBURY",2,0,0,0,0,2012,"September","Sunday","05:45 pm","070","T-Junction","Straight road","Level","Not Applicable","Sealed","Dry","Not Raining","Daylight","Rear End","02","Driver Rider","1: PDO","Traffic Signals","","",1328753.78,1681107.18,"13287541681107"
"2012-16815-27/05/2021","2 Metropolitan","WEST LAKES SHORE","5020","CITY OF CHARLES STURT",2,0,0,0,0,2012,"September","Sunday","05:30 pm","050","Not Divided","CURVED, VIEW OPEN","Level","Driveway or Entrance","Sealed","Dry","Not Raining","Daylight","Hit Parked Vehicle","01","Driver Rider","1: PDO","No Control","","",,,
"2012-16816-27/05/2021","1 City","NORTH ADELAIDE","5006","CITY OF ADELAIDE",2,0,0,0,0,2012,"September","Sunday","12:35 am","050","Cross Road","Straight road","Level","Not Applicable","Sealed","Dry","Not Raining","Night","Rear End","02","Driver Rider","1: PDO","Traffic Signals","","",1329587.86,1672938.09,"13295881672938"
"2012-16817-27/05/2021","3 Country","CLEMENTS GAP","5523","BARUNGA WEST DISTRICT COUNCIL",2,0,0,0,0,2012,"September","Saturday","06:00 pm","110","Not Divided","CURVED, VIEW OPEN","Level","Not Applicable","Sealed","Dry","Not Raining","Daylight","Hit Fixed Object","01","Driver Rider","1: PDO","No Control","Y","",,,
"2012-16818-27/05/2021","2 Metropolitan","PARAFIELD","5106","CITY OF SALISBURY",2,0,0,0,0,2012,"September","Wednesday","11:18 am","080","Divided Road","Straight road","Level","Not Applicable","Sealed","Dry","Not Raining","Daylight","Side Swipe","02","Driver Rider","1: PDO","No Control","","",1332290.85,1684128.31,"13322911684128"
"2012-16819-27/05/2021","2 Metropolitan","MARION","5043","CC MARION.                    ",2,0,0,0,0,2012,"September","Sunday","05:30 pm","050","Not Divided","Straight road","Level","Median Opening (not at I/S)","Sealed","Dry","Not Raining","Daylight","Other","01","Driver Rider","1: PDO","No Control","","",1323595.1,1661212.31,"13235951661212"
"2012-16820-27/05/2021","2 Metropolitan","O'HALLORAN HILL","5158","CC MARION.                    ",2,0,0,0,0,2012,"September","Saturday","10:13 pm","080","Divided Road","Straight road","Level","Not Applicable","Sealed","Dry","Not Raining","Night","Hit Fixed Object","01","Driver Rider","1: PDO","No Control","Y","",1323868.63,1655375.04,"13238691655375"
"2012-16821-27/05/2021","2 Metropolitan","HACKNEY","5069","CC OF NORWOOD,PAYNEHAM & ST PETERS",3,0,0,0,0,2012,"September","Sunday","04:30 am","060","Not Divided","Straight road","Level","Not Applicable","Sealed","Dry","Not Raining","Night","Hit Fixed Object","01","Driver Rider","1: PDO","No Control","Y","",1330405.56,1671602.57,"13304061671603"
"2012-16822-27/05/2021","3 Country","BERRI","5343","THE BERRI BARMERA COUNCIL",2,0,0,0,0,2012,"September","Sunday","11:50 pm","050","T-Junction","Straight road","Slope","Not Applicable","Sealed","Dry","Not Raining","Night","Hit Fixed Object","01","Driver Rider","1: PDO","No Control","","",1515476.05,1735042.39,"15154761735042"
"2012-16823-27/05/2021","3 Country","WALLAROO MINES","5554","COPPER COAST DISTRICT COUNCIL",3,1,0,1,0,2012,"September","Sunday","11:35 pm","050","Not Divided","Straight road","Level","Not Applicable","Unsealed","Dry","Not Raining","Night","Hit Fixed Object","01","Driver Rider","3: SI","No Control","","",1248311.83,1779589.23,"12483121779589"
"2012-16824-27/05/2021","2 Metropolitan","GLENGOWRIE","5044","CC MARION.                    ",2,1,0,0,1,2012,"September","Sunday","01:05 am","050","Cross Road","Straight road","Level","Not Applicable","Sealed","Dry","Not Raining","Night","Hit Fixed Object","01","Driver Rider","2: MI","Give Way Sign","Y","",1322452.96,1664454.66,"13224531664455"
"2012-16825-27/05/2021","2 Metropolitan","HAPPY VALLEY","5159","CITY OF ONKAPARINGA",2,0,0,0,0,2012,"September","Monday","03:00 am","080","Cross Road","Straight road","Level","Not Applicable","Sealed","Wet","Not Raining","Night","Hit Fixed Object","01","Driver Rider","1: PDO","Traffic Signals","","",1323446.95,1654232.01,"13234471654232"
"2012-16826-27/05/2021","2 Metropolitan","FULLARTON","5063","CITY OF UNLEY",2,0,0,0,0,2012,"September","Monday","07:15 am","060","Not Divided","Straight road","Level","Driveway or Entrance","Sealed","Dry","Not Raining","Daylight","Right Angle","02","Driver Rider","1: PDO","No Control","","",1331622.46,1667555.53,"13316221667556"
"2012-16827-27/05/2021","2 Metropolitan","TAPEROO","5017","CITY OF PORT ADELAIDE ENFIELD",2,0,0,0,0,2012,"September","Wednesday","03:20 pm","060","Cross Road","Straight road","Level","Not Applicable","Sealed","Wet","Raining","Daylight","Right Angle","02","Driver Rider","1: PDO","Give Way Sign","","",1319931.39,1684414.64,"13199311684415"
"2012-16828-27/05/2021","2 Metropolitan","WOODVILLE SOUTH","5011","CITY OF CHARLES STURT",2,0,0,0,0,2012,"August","Tuesday","01:45 pm","050","Divided Road","Straight road","Level","Not Applicable","Sealed","Dry","Not Raining","Daylight","Rear End","02","Driver Rider","1: PDO","No Control","","",1322544.24,1675581.83,"13225441675582"
"2012-16829-27/05/2021","2 Metropolitan","INGLE FARM","5098","CITY OF SALISBURY",2,1,0,0,1,2012,"September","Monday","06:45 am","070","Cross Road","Straight road","Slope","Not Applicable","Sealed","Wet","Not Raining","Daylight","Rear End","01","Driver Rider","2: MI","Traffic Signals","","Y",1332126.96,1681789.14,"13321271681789"
"2012-16830-27/05/2021","2 Metropolitan","HOPE VALLEY","5090","CITY OF TEA TREE GULLY",2,0,0,0,0,2012,"September","Monday","07:40 am","060","Not Divided","Straight road","Level","Not Applicable","Sealed","Dry","Not Raining","Daylight","Rear End","01","Driver Rider","1: PDO","No Control","","",,,
"2012-16831-27/05/2021","2 Metropolitan","TORRENSVILLE","5031","CITY OF WEST TORRENS",2,1,0,0,1,2012,"September","Sunday","12:40 pm","060","T-Junction","Straight road","Level","Not Applicable","Sealed","Dry","Not Raining","Daylight","Right Angle","02","Driver Rider","2: MI","No Control","","",1325405.96,1670982.44,"13254061670982"
"2012-16832-27/05/2021","2 Metropolitan","MORPHETT VALE","5162","CITY OF ONKAPARINGA",2,0,0,0,0,2012,"September","Sunday","05:40 am","060","Not Divided","Straight road","Level","Driveway or Entrance","Sealed","Dry","Not Raining","Night","Hit Fixed Object","01","Driver Rider","1: PDO","No Control","","",1320789.21,1648904.07,"13207891648904"
"2012-16833-27/05/2021","1 City","ADELAIDE","5000","CITY OF ADELAIDE",3,1,0,0,1,2012,"September","Monday","08:25 am","050","Not Divided","Straight road","Level","Not Applicable","Sealed","Dry","Not Raining","Daylight","Rear End","02","Driver Rider","2: MI","No Control","","",1327931.61,1670283.85,"13279321670284"
"2012-16834-27/05/2021","3 Country","RISDON PARK","5540","PT.PIRIE CITY & DIST. COUNCIL ",2,0,0,0,0,2012,"September","Sunday","08:40 pm","050","Not Divided","Straight road","Level","Not Applicable","Sealed","Dry","Not Raining","Night","Hit Parked Vehicle","02","Driver Rider","1: PDO","No Control","","",1278872.43,1864409.08,"12788721864409"
"2012-16835-27/05/2021","1 City","ADELAIDE","5000","CITY OF ADELAIDE",2,0,0,0,0,2012,"September","Monday","08:15 am","050","Not Divided","Straight road","Level","Not Applicable","Sealed","Dry","Not Raining","Daylight","Hit Parked Vehicle","01","Driver Rider","1: PDO","No Control","","",,,
"2012-16836-27/05/2021","2 Metropolitan","VALLEY VIEW","5093","CITY OF TEA TREE GULLY",2,1,0,0,1,2012,"September","Monday","06:50 am","060","Cross Road","Straight road","Slope","Not Applicable","Sealed","Wet","Raining","Daylight","Right Angle","02","Driver Rider","2: MI","Traffic Signals","","",1335303.11,1679410.94,"13353031679411"
"2012-16837-27/05/2021","2 Metropolitan","FULHAM","5024","CITY OF WEST TORRENS",2,0,0,0,0,2012,"September","Saturday","12:40 pm","060","Divided Road","Straight road","Level","Not Applicable","Sealed","Dry","Not Raining","Daylight","Rear End","02","Driver Rider","1: PDO","No Control","","",1320963.58,1670502.26,"13209641670502"
"2012-16838-27/05/2021","2 Metropolitan","GLENELG EAST","5045","CITY OF HOLDFAST BAY",2,0,0,0,0,2012,"September","Monday","06:30 am","060","Divided Road","Straight road","Level","Not Applicable","Sealed","Dry","Not Raining","Daylight","Side Swipe","01","Driver Rider","1: PDO","No Control","","",1321012.9,1665203.5,"13210131665204"
"2012-16839-27/05/2021","1 City","NORTH ADELAIDE","5006","CITY OF ADELAIDE",2,1,0,0,1,2012,"September","Sunday","04:20 pm","050","Not Divided","Straight road","Level","Not Applicable","Sealed","Dry","Not Raining","Daylight","Side Swipe","01","Driver Rider","2: MI","No Control","","",,,
"2012-16840-27/05/2021","2 Metropolitan","TORRENSVILLE","5031","CITY OF WEST TORRENS",2,0,0,0,0,2012,"September","Wednesday","04:40 pm","060","Divided Road","Straight road","Level","Not Applicable","Sealed","Dry","Not Raining","Daylight","Rear End","02","Driver Rider","1: PDO","No Control","","",1325406.09,1672030.91,"13254061672031"
"2012-16841-27/05/2021","3 Country","TOOPERANG","5255","ALEXANDRINA COUNCIL",2,1,0,0,1,2012,"September","Saturday","07:00 pm","100","T-Junction","Straight road","Crest of Hill","Not Applicable","Sealed","Dry","Not Raining","Night","Right Angle","02","Driver Rider","2: MI","No Control","","",1339707.63,1621166.4,"13397081621166"
"2012-16842-27/05/2021","2 Metropolitan","SOUTH PLYMPTON","5038","CC MARION.                    ",2,1,0,0,1,2012,"September","Friday","04:40 pm","060","Cross Road","Straight road","Level","Not Applicable","Sealed","Dry","Not Raining","Daylight","Right Turn","02","Driver Rider","2: MI","Stop Sign","","",1324261.14,1665691.56,"13242611665692"
"2012-16843-27/05/2021","2 Metropolitan","SHEIDOW PARK","5158","CC MARION.                    ",3,0,0,0,0,2012,"September","Sunday","09:45 pm","080","T-Junction","CURVED, VIEW OPEN","Level","Not Applicable","Sealed","Dry","Not Raining","Night","Rear End","02","Driver Rider","1: PDO","Traffic Signals","","",1321177.96,1654686.82,"13211781654687"
"2012-16844-27/05/2021","2 Metropolitan","STEPNEY","5069","CC OF NORWOOD,PAYNEHAM & ST PETERS",2,1,0,0,1,2012,"September","Monday","10:20 am","060","Not Divided","Straight road","Level","Not Applicable","Sealed","Dry","Not Raining","Daylight","Side Swipe","02","Driver Rider","2: MI","No Control","","",1330906.98,1671723.53,"13309071671724"
"2012-16845-27/05/2021","2 Metropolitan","CAMDEN PARK","5038","CITY OF WEST TORRENS",2,1,0,0,1,2012,"September","Monday","07:30 am","060","Cross Road","Straight road","Level","Not Applicable","Sealed","Dry","Not Raining","Daylight","Rear End","02","Driver Rider","2: MI","Stop Sign","","",1323001.35,1667014.36,"13230011667014"
"2012-16846-27/05/2021","2 Metropolitan","PROSPECT","5082","CITY OF PROSPECT",2,1,0,0,1,2012,"September","Monday","09:30 am","060","T-Junction","Straight road","Level","Not Applicable","Sealed","Dry","Not Raining","Daylight","Right Turn","02","Driver Rider","2: MI","No Control","","",1327227.81,1676760.11,"13272281676760"
"2012-16847-27/05/2021","2 Metropolitan","LEAWOOD GARDENS","5150","CITY OF BURNSIDE",2,1,0,0,1,2012,"September","Sunday","08:00 pm","100","Freeway","Straight road","Slope","Not Applicable","Sealed","Dry","Not Raining","Night","Rear End","02","Driver Rider","2: MI","No Control","","",1334994.24,1665666.81,"13349941665667"
"2012-16848-27/05/2021","2 Metropolitan","SALISBURY PLAIN","5109","CITY OF SALISBURY",3,0,0,0,0,2012,"September","Monday","03:30 pm","050","Cross Road","CURVED, VIEW OPEN","Level","Not Applicable","Sealed","Dry","Not Raining","Daylight","Side Swipe","02","Driver Rider","1: PDO","Roundabout","","",1333807.7,1687916.19,"13338081687916"
"2012-16849-27/05/2021","3 Country","MOUNT GAMBIER","5290","CC MT.GAMBIER.                ",2,0,0,0,0,2012,"September","Saturday","06:00 pm","050","Not Divided","Straight road","Slope","Driveway or Entrance","Sealed","Dry","Not Raining","Daylight","Hit Parked Vehicle","02","Driver Rider","1: PDO","No Control","","",1508907.89,1342230.19,"15089081342230"
"2012-16850-27/05/2021","2 Metropolitan","CHRISTIES BEACH","5165","CITY OF ONKAPARINGA",2,0,0,0,0,2012,"September","Thursday","04:30 pm","050","Pedestrian Crossing","Straight road","Slope","Not Applicable","Sealed","Dry","Not Raining","Daylight","Hit Fixed Object","01","Driver Rider","1: PDO","Traffic Signals","","",1316959.48,1648332.12,"13169591648332"
"2012-16851-27/05/2021","2 Metropolitan","STURT","5047","CC MARION.                    ",2,0,0,0,0,2012,"September","Monday","01:10 pm","060","Cross Road","Straight road","Level","Not Applicable","Sealed","Dry","Not Raining","Daylight","Rear End","02","Driver Rider","1: PDO","Traffic Signals","","",1324418.54,1660680,"13244191660680"
"2012-16852-27/05/2021","2 Metropolitan","ATHOL PARK","5012","CITY OF CHARLES STURT",2,0,0,0,0,2012,"September","Thursday","06:30 am","060","Divided Road","Straight road","Level","Not Applicable","Sealed","Dry","Not Raining","Daylight","Rear End","01","Driver Rider","1: PDO","No Control","","",,,
"2012-16853-27/05/2021","2 Metropolitan","SALISBURY EAST","5109","CITY OF SALISBURY",2,0,0,0,0,2012,"September","Monday","01:00 pm","060","Cross Road","Straight road","Level","Not Applicable","Sealed","Dry","Not Raining","Daylight","Rear End","02","Driver Rider","1: PDO","Traffic Signals","","",1334182.03,1684642.83,"13341821684643"
"2012-16854-27/05/2021","2 Metropolitan","MODBURY","5092","CITY OF TEA TREE GULLY",2,0,0,0,0,2012,"September","Monday","12:45 pm","060","Cross Road","CURVED, VIEW OPEN","Level","Not Applicable","Sealed","Dry","Not Raining","Daylight","Right Angle","02","Driver Rider","1: PDO","Roundabout","","",1336882.27,1680600.89,"13368821680601"
"2012-16855-27/05/2021","1 City","ADELAIDE","5000","CITY OF ADELAIDE",2,0,0,0,0,2012,"September","Monday","02:30 pm","050","T-Junction","Straight road","Level","Not Applicable","Sealed","Wet","Not Raining","Daylight","Side Swipe","01","Driver Rider","1: PDO","No Control","","",1328493.1,1669680.47,"13284931669680"
"2012-16856-27/05/2021","3 Country","MILANG","5256","ALEXANDRINA COUNCIL",2,0,0,0,0,2012,"September","Sunday","12:15 am","100","Not Divided","Straight road","Level","Not Applicable","Sealed","Dry","Not Raining","Night","Hit Fixed Object","01","Driver Rider","1: PDO","No Control","","",,,
"2012-16857-27/05/2021","2 Metropolitan","GREENWITH","5125","CITY OF TEA TREE GULLY",2,0,0,0,0,2012,"September","Monday","12:40 pm","060","Not Divided","Straight road","Level","Driveway or Entrance","Sealed","Dry","Not Raining","Daylight","Rear End","01","Driver Rider","1: PDO","No Control","","",1338767.02,1687508.71,"13387671687509"
"2012-16858-27/05/2021","2 Metropolitan","HAPPY VALLEY","5159","CITY OF ONKAPARINGA",2,0,0,0,0,2012,"September","Monday","01:30 pm","025","Cross Road","Straight road","Slope","Roadworks","Sealed","Dry","Not Raining","Daylight","Rear End","02","Driver Rider","1: PDO","Traffic Signals","","",1323446.95,1654232.01,"13234471654232"
"2012-16859-27/05/2021","2 Metropolitan","PARALOWIE","5108","CITY OF SALISBURY",2,2,0,0,2,2012,"September","Monday","02:15 pm","060","T-Junction","Straight road","Level","Not Applicable","Sealed","Dry","Not Raining","Daylight","Rear End","02","Driver Rider","2: MI","No Control","","",1329089.21,1688682.65,"13290891688683"
"2012-16860-27/05/2021","2 Metropolitan","SOUTH BRIGHTON","5048","CITY OF HOLDFAST BAY",2,0,0,0,0,2012,"September","Monday","03:45 pm","060","Divided Road","Straight road","Level","Not Applicable","Sealed","Dry","Not Raining","Daylight","Hit Parked Vehicle","02","Driver Rider","1: PDO","No Control","","",1321159.86,1660160.12,"13211601660160"