"REPORT_ID","Stats Area","Suburb","Postcode","LGA Name","Total Units","Total Cas","Total Fats","Total SI","Total MI","Year","Month","Day","Time","Area Speed","Position Type","Horizontal Align","Vertical Align","Other Feat","Road Surface","Moisture Cond","Weather Cond","DayNight","Crash Type","Unit Resp","Entity Code","CSEF Severity","Traffic Ctrls","DUI Involved","Drugs Involved","ACCLOC_X","ACCLOC_Y","UNIQUE_LOC"
"2012-20298-27/05/2021","2 Metropolitan","MILE END SOUTH","5031","CITY OF WEST TORRENS",2,1,0,0,1,2012,"November","Monday","05:00 pm","060","Not Divided","Straight road","Level","Driveway or Entrance","Sealed","Dry","Not Raining","Daylight","Right Angle","02","Driver Rider","2: MI","No Control","","",,,
"2012-20299-27/05/2021","2 Metropolitan","UNDERDALE","5032","CITY OF WEST TORRENS",2,0,0,0,0,2012,"November","Saturday","10:00 am","060","T-Junction","Straight road","Level","Not Applicable","Sealed","Dry","Not Raining","Daylight","Rear End","02","Driver Rider","1: PDO","Traffic Signals","","",1323855.77,1670931.81,"13238561670932"
"2012-20300-27/05/2021","2 Metropolitan","MOUNT BARKER","5251","DC MT.BARKER.                 ",2,0,0,0,0,2012,"November","Monday","04:00 pm","050","T-Junction","Straight road","Level","Not Applicable","Sealed","Dry","Not Raining","Daylight","Rear End","02","Driver Rider","1: PDO","No Control","","",1353015.89,1653133.75,"13530161653134"
"2012-20301-27/05/2021","2 Metropolitan","WOODVILLE WEST","5011","CITY OF CHARLES STURT",2,0,0,0,0,2012,"November","Monday","04:50 pm","050","Not Divided","Straight road","Level","Driveway or Entrance","Sealed","Dry","Not Raining","Daylight","Hit Parked Vehicle","02","Driver Rider","1: PDO","No Control","","",1322060.24,1675165.6,"13220601675166"
"2012-20302-27/05/2021","2 Metropolitan","WALKLEY HEIGHTS","5098","CITY OF SALISBURY",2,0,0,0,0,2012,"November","Monday","03:45 pm","060","T-Junction","Straight road","Level","Not Applicable","Sealed","Dry","Not Raining","Daylight","Hit Fixed Object","09","Other","1: PDO","No Control","","",1332610.25,1680504.6,"13326101680505"
"2012-20303-27/05/2021","2 Metropolitan","HECTORVILLE","5073","CC CAMPBELLTOWN.              ",2,0,0,0,0,2012,"November","Monday","04:50 pm","060","T-Junction","Straight road","Level","Not Applicable","Sealed","Dry","Not Raining","Daylight","Right Turn","01","Driver Rider","1: PDO","No Control","","",1334177.03,1674521.38,"13341771674521"
"2012-20304-27/05/2021","2 Metropolitan","COWANDILLA","5033","CITY OF WEST TORRENS",3,1,0,0,1,2012,"November","Monday","05:45 pm","060","Cross Road","Straight road","Level","Not Applicable","Sealed","Dry","Not Raining","Daylight","Rear End","01","Driver Rider","2: MI","Traffic Signals","","",1324135.56,1670033.53,"13241361670034"
"2012-20305-27/05/2021","2 Metropolitan","WALKERVILLE","5081","WALKERVILLE TOWN COUNCIL",3,0,0,0,0,2012,"November","Monday","06:00 pm","060","Divided Road","Straight road","Level","Not Applicable","Sealed","Dry","Not Raining","Daylight","Rear End","01","Driver Rider","1: PDO","No Control","","",1330399.63,1675147.87,"13304001675148"
"2012-20306-27/05/2021","2 Metropolitan","THEBARTON","5031","CITY OF WEST TORRENS",3,0,0,0,0,2012,"November","Monday","01:00 pm","060","Not Divided","Straight road","Level","Not Applicable","Sealed","Dry","Not Raining","Daylight","Rear End","01","Driver Rider","1: PDO","No Control","","",1325917.87,1672088.83,"13259181672089"
"2012-20307-27/05/2021","2 Metropolitan","KENSINGTON PARK","5068","CITY OF BURNSIDE",2,0,0,0,0,2012,"November","Monday","06:55 pm","050","Cross Road","CURVED, VIEW OPEN","Level","Not Applicable","Sealed","Dry","Not Raining","Daylight","Right Angle","02","Driver Rider","1: PDO","Roundabout","","",1333059.85,1671442.29,"13330601671442"
"2012-20308-27/05/2021","2 Metropolitan","MYRTLE BANK","5064","CITY OF UNLEY",2,0,0,0,0,2012,"November","Monday","04:45 pm","060","T-Junction","Straight road","Level","Not Applicable","Sealed","Dry","Not Raining","Daylight","Rear End","02","Driver Rider","1: PDO","Traffic Signals","","",1330752.74,1666735.72,"13307531666736"
"2012-20309-27/05/2021","2 Metropolitan","LEAWOOD GARDENS","5150","CC MITCHAM.                   ",2,1,0,0,1,2012,"November","Monday","02:47 pm","050","Not Divided","CURVED, VIEW OPEN","Slope","Not Applicable","Sealed","Dry","Not Raining","Daylight","Hit Fixed Object","01","Driver Rider","2: MI","No Control","","",1334624.42,1665277.67,"13346241665278"
"2012-20310-27/05/2021","2 Metropolitan","OVINGHAM","5082","CITY OF PROSPECT",2,0,0,0,0,2012,"November","Monday","06:05 pm","060","Rail Crossing","Straight road","Bottom of Hill","Not Applicable","Sealed","Dry","Not Raining","Daylight","Rear End","02","Driver Rider","1: PDO","Rail Xing - Boom","","",1327165.16,1673909.61,"13271651673910"
"2012-20311-27/05/2021","2 Metropolitan","MORPHETT VALE","5162","CITY OF ONKAPARINGA",2,0,0,0,0,2012,"November","Monday","06:20 pm","050","T-Junction","Straight road","Level","Driveway or Entrance","Sealed","Dry","Not Raining","Daylight","Right Angle","02","Driver Rider","1: PDO","No Control","","",1320701.46,1649762.33,"13207011649762"
"2012-20312-27/05/2021","3 Country","TAILEM BEND","5260","COORONG DISTRICT COUNCIL",2,1,0,1,0,2012,"November","Monday","04:45 pm","110","T-Junction","Straight road","Level","Not Applicable","Sealed","Dry","Not Raining","Daylight","Right Turn","01","Driver Rider","3: SI","No Control","","",1405326.16,1629367.76,"14053261629368"
"2012-20313-27/05/2021","1 City","ADELAIDE","5000","CITY OF ADELAIDE",2,0,0,0,0,2012,"November","Monday","05:20 pm","050","Divided Road","Straight road","Level","Not Applicable","Sealed","Dry","Not Raining","Daylight","Side Swipe","01","Driver Rider","1: PDO","No Control","","",1329596.2,1670198.36,"13295961670198"
"2012-20314-27/05/2021","2 Metropolitan","HAZELWOOD PARK","5066","CITY OF BURNSIDE",2,0,0,0,0,2012,"November","Monday","06:15 pm","060","T-Junction","Straight road","Level","Not Applicable","Sealed","Dry","Not Raining","Daylight","Right Turn","02","Driver Rider","1: PDO","No Control","","",1333947.52,1668769.35,"13339481668769"
"2012-20315-27/05/2021","2 Metropolitan","SEAFORD RISE","5169","CITY OF ONKAPARINGA",2,1,0,0,1,2012,"November","Monday","06:25 pm","050","Divided Road","Straight road","Level","Not Applicable","Sealed","Dry","Not Raining","Daylight","Hit Fixed Object","01","Driver Rider","2: MI","No Control","","",1316798.02,1641428.57,"13167981641429"
"2012-20316-27/05/2021","2 Metropolitan","PROSPECT","5082","CITY OF PROSPECT",2,0,0,0,0,2012,"November","Monday","06:15 am","060","T-Junction","Straight road","Level","Not Applicable","Sealed","Dry","Not Raining","Daylight","Side Swipe","01","Driver Rider","1: PDO","No Control","","",1327257.47,1675592.26,"13272571675592"
"2012-20317-27/05/2021","2 Metropolitan","LOBETHAL","5241","THE ADELAIDE HILLS COUNCIL",2,2,1,0,1,2012,"November","Monday","02:30 pm","080","Not Divided","CURVED, VIEW OPEN","Bottom of Hill","Not Applicable","Sealed","Dry","Not Raining","Daylight","Head On","01","Driver Rider","4: Fatal","No Control","","",1352548.04,1674268.39,"13525481674268"
"2012-20318-27/05/2021","2 Metropolitan","FORRESTON","5233","THE ADELAIDE HILLS COUNCIL",2,4,0,0,4,2012,"November","Monday","02:40 pm","080","T-Junction","CURVED, VIEW OPEN","Slope","Unknown","Sealed","Dry","Not Raining","Daylight","Right Turn","02","Driver Rider","2: MI","No Control","","",1355783.84,1685975.99,"13557841685976"
"2012-20319-27/05/2021","2 Metropolitan","GLANDORE","5037","CITY OF UNLEY",2,0,0,0,0,2012,"November","Monday","06:25 pm","060","Divided Road","Straight road","Level","Not Applicable","Sealed","Dry","Not Raining","Daylight","Rear End","02","Driver Rider","1: PDO","No Control","","",1325856.29,1666817.57,"13258561666818"
"2012-20320-27/05/2021","3 Country","SOLOMONTOWN","5540","PT.PIRIE CITY & DIST. COUNCIL ",4,0,0,0,0,2012,"November","Monday","04:05 pm","050","Not Divided","Straight road","Level","Not Applicable","Sealed","Dry","Not Raining","Daylight","Hit Fixed Object","01","Driver Rider","1: PDO","No Control","","",1280788.09,1864674.16,"12807881864674"
"2012-20321-27/05/2021","2 Metropolitan","INGLE FARM","5098","CITY OF SALISBURY",2,2,0,0,2,2012,"November","Tuesday","01:30 am","050","T-Junction","Straight road","Level","Unknown","Sealed","Dry","Not Raining","Night","Hit Fixed Object","01","Driver Rider","2: MI","No Control","","",1333789.77,1680612.03,"13337901680612"
"2012-20322-27/05/2021","2 Metropolitan","PARAFIELD GARDENS","5107","CITY OF SALISBURY",2,0,0,0,0,2012,"November","Tuesday","04:45 am","050","Not Divided","Straight road","Level","Not Applicable","Sealed","Dry","Not Raining","Night","Hit Fixed Object","01","Driver Rider","1: PDO","No Control","","",,,
"2012-20323-27/05/2021","2 Metropolitan","VIRGINIA","5120","CITY OF PLAYFORD.",2,0,0,0,0,2012,"November","Monday","02:00 pm","090","T-Junction","Straight road","Level","Not Applicable","Sealed","Dry","Not Raining","Daylight","Right Angle","01","Driver Rider","1: PDO","Give Way Sign","","",1326402.26,1696550.61,"13264021696551"
"2012-20324-27/05/2021","2 Metropolitan","NORTH PLYMPTON","5037","CITY OF WEST TORRENS",3,0,0,0,0,2012,"November","Tuesday","07:30 am","060","Divided Road","Straight road","Level","Not Applicable","Sealed","Dry","Not Raining","Daylight","Rear End","01","Driver Rider","1: PDO","No Control","","",1324188.46,1668049.45,"13241881668049"
"2012-20325-27/05/2021","2 Metropolitan","WOODVILLE WEST","5011","CITY OF CHARLES STURT",2,0,0,0,0,2012,"November","Tuesday","07:40 am","060","Divided Road","Straight road","Level","Driveway or Entrance","Sealed","Dry","Not Raining","Daylight","Rear End","02","Driver Rider","1: PDO","No Control","","",1322215.33,1676276.4,"13222151676276"
"2012-20326-27/05/2021","2 Metropolitan","GLENELG SOUTH","5045","CITY OF HOLDFAST BAY",2,0,0,0,0,2012,"November","Monday","07:45 pm","050","T-Junction","Straight road","Level","Not Applicable","Sealed","Dry","Not Raining","Daylight","Right Turn","02","Driver Rider","1: PDO","No Control","","",1320393.02,1664163.05,"13203931664163"
"2012-20327-27/05/2021","3 Country","MENINGIE","5264","COORONG DISTRICT COUNCIL",2,0,0,0,0,2012,"November","Tuesday","08:40 am","060","Cross Road","Straight road","Level","Not Applicable","Sealed","Dry","Not Raining","Daylight","Rear End","02","Driver Rider","1: PDO","Stop Sign","","",1392428.55,1583763.91,"13924291583764"
"2012-20328-27/05/2021","2 Metropolitan","POORAKA","5095","CITY OF SALISBURY",2,0,0,0,0,2012,"November","Tuesday","07:45 am","070","Divided Road","Straight road","Level","Not Applicable","Sealed","Dry","Not Raining","Daylight","Rear End","02","Driver Rider","1: PDO","No Control","","",,,
"2012-20329-27/05/2021","2 Metropolitan","BROADVIEW","5083","CITY OF PORT ADELAIDE ENFIELD",2,0,0,0,0,2012,"November","Tuesday","08:32 am","060","T-Junction","Straight road","Level","Not Applicable","Sealed","Dry","Not Raining","Daylight","Right Angle","01","Driver Rider","1: PDO","No Control","","",1330068.66,1676473.31,"13300691676473"
"2012-20330-27/05/2021","2 Metropolitan","ST MARYS","5042","CC MITCHAM.                   ",2,0,0,0,0,2012,"November","Saturday","06:47 pm","060","Not Divided","Straight road","Level","Not Applicable","Sealed","Dry","Not Raining","Daylight","Hit Fixed Object","01","Driver Rider","1: PDO","No Control","","",1326616.7,1663297.56,"13266171663298"
"2012-20331-27/05/2021","3 Country","YORKETOWN","5576","YORKE PENINSULA COUNCIL",2,0,0,0,0,2012,"November","Monday","11:30 pm","050","Not Divided","Straight road","Level","Not Applicable","Sealed","Dry","Not Raining","Night","Hit Fixed Object","01","Driver Rider","1: PDO","No Control","","",1237143.12,1662325.64,"12371431662326"
"2012-20332-27/05/2021","2 Metropolitan","FLAGSTAFF HILL","5159","CITY OF ONKAPARINGA",2,0,0,0,0,2012,"November","Monday","06:20 pm","070","Cross Road","Straight road","Level","Not Applicable","Sealed","Dry","Not Raining","Daylight","Rear End","02","Driver Rider","1: PDO","Roundabout","","",1325603.37,1656854,"13256031656854"
"2012-20333-27/05/2021","2 Metropolitan","SEACLIFF PARK","5049","CITY OF HOLDFAST BAY",2,0,0,0,0,2012,"November","Tuesday","07:55 am","060","Divided Road","Straight road","Level","Not Applicable","Sealed","Dry","Not Raining","Daylight","Side Swipe","02","Driver Rider","1: PDO","No Control","","",1321205.01,1658656.88,"13212051658657"
"2012-20334-27/05/2021","2 Metropolitan","ELIZABETH EAST","5112","CITY OF PLAYFORD.",2,0,0,0,0,2012,"November","Sunday","04:30 pm","060","Not Divided","Straight road","Level","Driveway or Entrance","Sealed","Dry","Not Raining","Daylight","Right Angle","01","Driver Rider","1: PDO","No Control","","",1336653.53,1692690.99,"13366541692691"
"2012-20335-27/05/2021","1 City","ADELAIDE","5000","CITY OF ADELAIDE",2,0,0,0,0,2012,"November","Tuesday","09:30 am","050","Divided Road","Straight road","Level","Not Applicable","Sealed","Dry","Not Raining","Daylight","Side Swipe","02","Driver Rider","1: PDO","No Control","","",,,
"2012-20336-27/05/2021","2 Metropolitan","FLINDERS PARK","5025","CITY OF CHARLES STURT",2,0,0,0,0,2012,"November","Tuesday","07:30 am","060","Cross Road","Straight road","Level","Not Applicable","Sealed","Dry","Not Raining","Daylight","Side Swipe","02","Driver Rider","1: PDO","Traffic Signals","","",1323667.72,1673152.85,"13236681673153"
"2012-20337-27/05/2021","2 Metropolitan","SALISBURY EAST","5109","CITY OF SALISBURY",2,0,0,0,0,2012,"November","Monday","05:30 pm","060","T-Junction","Straight road","Level","Not Applicable","Sealed","Dry","Not Raining","Daylight","Right Turn","02","Driver Rider","1: PDO","Traffic Signals","","",1336485.48,1687419.78,"13364851687420"
"2012-20338-27/05/2021","3 Country","RENMARK WEST","5341","DC RENMARK PARINGA            ",2,0,0,0,0,2012,"November","Tuesday","07:45 am","080","T-Junction","Straight road","Level","Not Applicable","Sealed","Dry","Not Raining","Daylight","Hit Fixed Object","01","Driver Rider","1: PDO","Give Way Sign","","",1527375.61,1747663.33,"15273761747663"
"2012-20339-27/05/2021","2 Metropolitan","PLYMPTON PARK","5038","CC MARION.                    ",2,0,0,0,0,2012,"November","Monday","01:30 pm","060","Divided Road","Straight road","Level","Not Applicable","Sealed","Dry","Not Raining","Daylight","Rear End","01","Driver Rider","1: PDO","No Control","","",1324217.62,1666106.37,"13242181666106"
"2012-20340-27/05/2021","2 Metropolitan","LITTLEHAMPTON","5250","DC MT.BARKER.                 ",2,0,0,0,0,2012,"November","Sunday","02:00 pm","060","Not Divided","Straight road","Level","Driveway or Entrance","Sealed","Dry","Not Raining","Daylight","Right Angle","01","Driver Rider","1: PDO","No Control","","",1352403.42,1656300.72,"13524031656301"
"2012-20341-27/05/2021","2 Metropolitan","HAPPY VALLEY","5159","CITY OF ONKAPARINGA",3,0,0,0,0,2012,"November","Tuesday","09:35 am","080","Cross Road","Straight road","Crest of Hill","Not Applicable","Sealed","Dry","Not Raining","Daylight","Rear End","01","Driver Rider","1: PDO","Traffic Signals","","",1323446.95,1654232.01,"13234471654232"
"2012-20342-27/05/2021","2 Metropolitan","BURNSIDE","5066","CITY OF BURNSIDE",2,0,0,0,0,2012,"November","Tuesday","10:00 am","060","Not Divided","Straight road","Level","Not Applicable","Sealed","Dry","Not Raining","Daylight","Rear End","02","Driver Rider","1: PDO","No Control","","",,,
"2012-20343-27/05/2021","2 Metropolitan","SALISBURY PLAIN","5109","CITY OF SALISBURY",2,0,0,0,0,2012,"November","Tuesday","11:00 am","050","Not Divided","Straight road","Level","Driveway or Entrance","Sealed","Dry","Not Raining","Daylight","Right Angle","02","Driver Rider","1: PDO","No Control","","",1334966.56,1687569.93,"13349671687570"
"2012-20344-27/05/2021","2 Metropolitan","CLARENCE GARDENS","5039","CC MITCHAM.                   ",2,0,0,0,0,2012,"November","Monday","07:00 pm","060","T-Junction","Straight road","Level","Not Applicable","Sealed","Dry","Not Raining","Daylight","Side Swipe","01","Driver Rider","1: PDO","No Control","","",1325896.93,1665897.22,"13258971665897"
"2012-20345-27/05/2021","2 Metropolitan","WOODVILLE","5011","CITY OF CHARLES STURT",2,1,0,0,1,2012,"November","Tuesday","10:10 am","050","Not Divided","Straight road","Level","Not Applicable","Sealed","Dry","Not Raining","Daylight","Side Swipe","02","Driver Rider","2: MI","No Control","","",1323453.03,1676671.21,"13234531676671"
"2012-20346-27/05/2021","2 Metropolitan","PARAFIELD","5106","CITY OF SALISBURY",2,0,0,0,0,2012,"November","Tuesday","08:10 am","080","Divided Road","Straight road","Level","Not Applicable","Sealed","Dry","Not Raining","Daylight","Rear End","02","Driver Rider","1: PDO","No Control","","",1332475.65,1684329.24,"13324761684329"
"2012-20347-27/05/2021","2 Metropolitan","KILBURN","5084","CITY OF PORT ADELAIDE ENFIELD",2,0,0,0,0,2012,"November","Tuesday","09:10 am","060","Not Divided","Straight road","Level","Not Applicable","Sealed","Dry","Not Raining","Daylight","Rear End","02","Driver Rider","1: PDO","No Control","","",1327217.81,1677348.76,"13272181677349"
"2012-20348-27/05/2021","2 Metropolitan","HACKHAM WEST","5163","CITY OF ONKAPARINGA",2,0,0,0,0,2012,"November","Monday","12:05 pm","060","T-Junction","Straight road","Level","Not Applicable","Sealed","Dry","Not Raining","Daylight","Right Angle","01","Driver Rider","1: PDO","Stop Sign","","",1319676.72,1647495.97,"13196771647496"
"2012-20349-27/05/2021","2 Metropolitan","LONSDALE","5160","CITY OF ONKAPARINGA",2,0,0,0,0,2012,"November","Monday","01:00 pm","080","T-Junction","Straight road","Level","Not Applicable","Sealed","Dry","Not Raining","Daylight","Right Turn","01","Driver Rider","1: PDO","No Control","","Y",1318259.41,1650567.65,"13182591650568"
"2012-20350-27/05/2021","2 Metropolitan","TOORAK GARDENS","5065","CITY OF BURNSIDE",2,1,0,0,1,2012,"November","Tuesday","10:30 am","060","Divided Road","Straight road","Level","Not Applicable","Sealed","Dry","Not Raining","Daylight","Side Swipe","01","Driver Rider","2: MI","No Control","","",1332171.51,1669043.45,"13321721669043"
"2012-20351-27/05/2021","1 City","ADELAIDE","5000","CITY OF ADELAIDE",2,0,0,0,0,2012,"November","Monday","02:30 pm","050","Not Divided","Straight road","Level","Driveway or Entrance","Sealed","Dry","Not Raining","Daylight","Hit Fixed Object","01","Driver Rider","1: PDO","No Control","","",,,
"2012-20352-27/05/2021","2 Metropolitan","SALISBURY DOWNS","5108","CITY OF SALISBURY",2,0,0,0,0,2012,"November","Tuesday","12:05 pm","060","Not Divided","Straight road","Level","Not Applicable","Sealed","Dry","Not Raining","Daylight","Rear End","01","Driver Rider","1: PDO","No Control","","",1330747.17,1687812.31,"13307471687812"
"2012-20353-27/05/2021","2 Metropolitan","ST MARYS","5042","CC MITCHAM.                   ",2,0,0,0,0,2012,"November","Tuesday","01:00 pm","060","Divided Road","Straight road","Level","Not Applicable","Sealed","Dry","Not Raining","Daylight","Side Swipe","01","Driver Rider","1: PDO","No Control","","",1325993.29,1662275.73,"13259931662276"
"2012-20354-27/05/2021","2 Metropolitan","DAVOREN PARK","5113","CITY OF PLAYFORD.",1,1,0,0,1,2012,"November","Sunday","02:37 pm","050","T-Junction","Straight road","Level","Not Applicable","Sealed","Dry","Not Raining","Daylight","Roll Over","01","Driver Rider","2: MI","No Control","Y","",1336419.12,1696548.75,"13364191696549"
"2012-20355-27/05/2021","2 Metropolitan","TOORAK GARDENS","5065","CC OF NORWOOD,PAYNEHAM & ST PETERS",2,0,0,0,0,2012,"November","Tuesday","11:00 am","060","Divided Road","Straight road","Level","Not Applicable","Sealed","Dry","Not Raining","Daylight","Side Swipe","01","Driver Rider","1: PDO","No Control","","",1331501.27,1670390.46,"13315011670390"
"2012-20356-27/05/2021","3 Country","NARACOORTE","5271","DC NARACOORTE & LUCINDALE.",2,0,0,0,0,2012,"November","Tuesday","12:15 pm","050","Cross Road","Straight road","Bottom of Hill","Not Applicable","Sealed","Dry","Not Raining","Daylight","Right Angle","02","Driver Rider","1: PDO","Give Way Sign","","",1511807.98,1437175.4,"15118081437175"
"2012-20357-27/05/2021","2 Metropolitan","ELIZABETH EAST","5112","CITY OF PLAYFORD.",2,0,0,0,0,2012,"November","Tuesday","01:45 pm","080","Divided Road","Straight road","Level","Not Applicable","Sealed","Dry","Not Raining","Daylight","Rear End","02","Driver Rider","1: PDO","No Control","","",1336152.73,1691166.87,"13361531691167"
"2012-20358-27/05/2021","3 Country","NURIOOTPA","5355","THE BAROSSA COUNCIL.",2,0,0,0,0,2012,"November","Tuesday","01:30 pm","050","Divided Road","CURVED, VIEW OPEN","Level","Driveway or Entrance","Sealed","Dry","Not Raining","Daylight","Right Angle","01","Driver Rider","1: PDO","No Control","","",1366401.55,1719419.28,"13664021719419"
"2012-20359-27/05/2021","2 Metropolitan","MODBURY HEIGHTS","5092","CITY OF TEA TREE GULLY",2,0,0,0,0,2012,"November","Friday","06:15 pm","060","Divided Road","Straight road","Level","Not Applicable","Sealed","Dry","Not Raining","Daylight","Rear End","02","Driver Rider","1: PDO","No Control","","",,,
"2012-20360-27/05/2021","2 Metropolitan","ELIZABETH","5112","CITY OF PLAYFORD.",2,0,0,0,0,2012,"November","Tuesday","09:15 am","060","Cross Road","Straight road","Level","Not Applicable","Sealed","Dry","Not Raining","Daylight","Rear End","02","Driver Rider","1: PDO","Roundabout","","",1335655.83,1693821.56,"13356561693822"
"2012-20361-27/05/2021","2 Metropolitan","GLENSIDE","5065","CITY OF BURNSIDE",2,0,0,0,0,2012,"November","Tuesday","02:35 pm","060","T-Junction","Straight road","Level","Not Applicable","Sealed","Dry","Not Raining","Daylight","Right Angle","02","Driver Rider","1: PDO","Stop Sign","","",1332151.47,1669042.87,"13321511669043"
"2012-20362-27/05/2021","2 Metropolitan","PARKSIDE","5063","CITY OF UNLEY",2,0,0,0,0,2012,"November","Monday","02:15 pm","060","T-Junction","Straight road","Level","Roadworks","Sealed","Dry","Not Raining","Daylight","Rear End","01","Driver Rider","1: PDO","No Control","","",1329331.4,1668971.29,"13293311668971"
"2012-20363-27/05/2021","2 Metropolitan","GRANGE","5022","CITY OF CHARLES STURT",2,0,0,0,0,2012,"November","Monday","08:50 pm","050","Cross Road","Straight road","Level","Not Applicable","Sealed","Dry","Not Raining","Night","Right Angle","01","Driver Rider","1: PDO","Give Way Sign","Y","",1318584.07,1673881.74,"13185841673882"
"2012-20364-27/05/2021","3 Country","TAILEM BEND","5260","COORONG DISTRICT COUNCIL",1,1,1,0,0,2012,"November","Tuesday","05:00 am","110","Divided Road","CURVED, VIEW OPEN","Level","Not Applicable","Sealed","Dry","Not Raining","Night","Roll Over","01","Driver Rider","4: Fatal","No Control","","",1405487.34,1629119.59,"14054871629120"
"2012-20365-27/05/2021","3 Country","MILLICENT","5280","WATTLE RANGE COUNCIL",1,2,0,2,0,2012,"November","Tuesday","01:20 pm","100","Not Divided","Straight road","Level","Not Applicable","Unsealed","Dry","Not Raining","Daylight","Roll Over","01","Driver Rider","3: SI","No Control","","",1471167.53,1372876.33,"14711681372876"
"2012-20366-27/05/2021","3 Country","MILLICENT","5280","WATTLE RANGE COUNCIL",2,0,0,0,0,2012,"November","Tuesday","02:30 pm","050","Not Divided","Straight road","Level","Not Applicable","Sealed","Dry","Not Raining","Daylight","Hit Parked Vehicle","01","Driver Rider","1: PDO","No Control","","",,,
"2012-20367-27/05/2021","1 City","ADELAIDE","5000","CITY OF ADELAIDE",2,0,0,0,0,2012,"November","Tuesday","02:00 pm","050","Cross Road","Straight road","Level","Not Applicable","Sealed","Dry","Not Raining","Daylight","Right Turn","02","Driver Rider","1: PDO","No Control","","",1327754.69,1670335.78,"13277551670336"
"2012-20368-27/05/2021","3 Country","RENMARK","5341","DC RENMARK PARINGA            ",2,0,0,0,0,2012,"November","Tuesday","02:45 pm","050","Not Divided","Straight road","Crest of Hill","Not Applicable","Unsealed","Dry","Not Raining","Daylight","Head On","02","Driver Rider","1: PDO","No Control","","",,,
"2012-20369-27/05/2021","2 Metropolitan","PARADISE","5075","CC CAMPBELLTOWN.              ",2,0,0,0,0,2012,"November","Tuesday","06:30 am","060","Cross Road","Straight road","Level","Not Applicable","Sealed","Dry","Not Raining","Daylight","Side Swipe","02","Driver Rider","1: PDO","Traffic Signals","","",1334981.89,1676230.58,"13349821676231"
"2012-20370-27/05/2021","2 Metropolitan","GEPPS CROSS","5094","CITY OF PORT ADELAIDE ENFIELD",2,0,0,0,0,2012,"November","Tuesday","03:35 pm","060","Multiple","Straight road","Level","Not Applicable","Sealed","Dry","Not Raining","Daylight","Rear End","02","Driver Rider","1: PDO","Traffic Signals","","",1328810.92,1679280.6,"13288111679281"
"2012-20371-27/05/2021","2 Metropolitan","BLACKWOOD","5051","CC MITCHAM.                   ",2,0,0,0,0,2012,"November","Tuesday","03:30 pm","050","Multiple","Straight road","Level","Not Applicable","Sealed","Dry","Not Raining","Daylight","Side Swipe","01","Driver Rider","1: PDO","Roundabout","","",1329678.48,1660052.36,"13296781660052"
"2012-20372-27/05/2021","3 Country","COORONG","5264","COORONG DISTRICT COUNCIL",3,2,0,2,0,2012,"November","Tuesday","02:00 pm","100","Not Divided","CURVED, VIEW OBSCURED","Slope","Not Applicable","Sealed","Dry","Not Raining","Daylight","Head On","01","Driver Rider","3: SI","No Control","","",1396844.7,1563833.52,"13968451563834"
"2012-20373-27/05/2021","2 Metropolitan","CRAIGMORE","5114","CITY OF PLAYFORD.",2,0,0,0,0,2012,"November","Tuesday","05:00 pm","060","Not Divided","Straight road","Level","Not Applicable","Sealed","Dry","Not Raining","Daylight","Rear End","01","Driver Rider","1: PDO","No Control","","",,,
"2012-20374-27/05/2021","2 Metropolitan","ANDREWS FARM","5114","CITY OF PLAYFORD.",2,0,0,0,0,2012,"November","Monday","06:00 pm","050","Not Divided","Straight road","Level","Not Applicable","Sealed","Dry","Not Raining","Daylight","Hit Parked Vehicle","01","Driver Rider","1: PDO","No Control","","",1334236.01,1697609.71,"13342361697610"
"2012-20375-27/05/2021","2 Metropolitan","HACKHAM","5163","CITY OF ONKAPARINGA",2,1,0,0,1,2012,"November","Tuesday","02:45 pm","050","T-Junction","CURVED, VIEW OBSCURED","Bottom of Hill","Not Applicable","Sealed","Dry","Not Raining","Daylight","Hit Fixed Object","09","Other","2: MI","No Control","","",1321605.94,1646906.32,"13216061646906"
"2012-20376-27/05/2021","2 Metropolitan","BLACKWOOD","5051","CC MITCHAM.                   ",2,0,0,0,0,2012,"November","Tuesday","06:45 pm","050","Cross Road","Straight road","Level","Not Applicable","Sealed","Dry","Not Raining","Daylight","Right Angle","01","Driver Rider","1: PDO","Give Way Sign","","",1329475.59,1660371.61,"13294761660372"
"2012-20377-27/05/2021","2 Metropolitan","YATTALUNGA","5114","CITY OF PLAYFORD.",2,0,0,0,0,2012,"October","Sunday","04:45 am","080","Not Divided","Straight road","Level","Unknown","Sealed","Dry","Not Raining","Night","Hit Fixed Object","01","Driver Rider","1: PDO","No Control","Y","",,,
"2012-20378-27/05/2021","2 Metropolitan","WEST BEACH","5024","CITY OF WEST TORRENS",3,0,0,0,0,2012,"November","Monday","04:15 pm","080","Divided Road","Straight road","Level","Not Applicable","Sealed","Dry","Not Raining","Daylight","Rear End","01","Driver Rider","1: PDO","No Control","","",1320921.35,1669116.68,"13209211669117"
"2012-20379-27/05/2021","2 Metropolitan","KESWICK","5035","CITY OF WEST TORRENS",2,0,0,0,0,2012,"November","Friday","01:50 pm","060","T-Junction","Straight road","Level","Not Applicable","Sealed","Dry","Not Raining","Daylight","Right Angle","02","Driver Rider","1: PDO","Give Way Sign","","",1326559.92,1668496.69,"13265601668497"