"REPORT_ID","Stats Area","Suburb","Postcode","LGA Name","Total Units","Total Cas","Total Fats","Total SI","Total MI","Year","Month","Day","Time","Area Speed","Position Type","Horizontal Align","Vertical Align","Other Feat","Road Surface","Moisture Cond","Weather Cond","DayNight","Crash Type","Unit Resp","Entity Code","CSEF Severity","Traffic Ctrls","DUI Involved","Drugs Involved","ACCLOC_X","ACCLOC_Y","UNIQUE_LOC"
"2012-20871-27/05/2021","2 Metropolitan","WEST LAKES","5021","CITY OF CHARLES STURT",2,0,0,0,0,2012,"November","Wednesday","11:30 am","060","Cross Road","Straight road","Level","Not Applicable","Sealed","Dry","Not Raining","Daylight","Hit Fixed Object","01","Driver Rider","1: PDO","Traffic Signals","","",1319884.21,1676043.55,"13198841676044"
"2012-20872-27/05/2021","2 Metropolitan","THEBARTON","5031","CITY OF WEST TORRENS",2,1,0,0,1,2012,"November","Wednesday","02:00 pm","060","T-Junction","Straight road","Level","Not Applicable","Sealed","Dry","Not Raining","Daylight","Rear End","01","Driver Rider","2: MI","No Control","","",1326553.93,1671893.65,"13265541671894"
"2012-20873-27/05/2021","2 Metropolitan","DAW PARK","5041","CC MITCHAM.                   ",2,0,0,0,0,2012,"November","Monday","03:40 pm","060","Divided Road","Straight road","Level","Driveway or Entrance","Sealed","Dry","Not Raining","Daylight","Hit Fixed Object","01","Driver Rider","1: PDO","No Control","","",1327565.05,1664590.91,"13275651664591"
"2012-20874-27/05/2021","2 Metropolitan","HENLEY BEACH SOUTH","5022","CITY OF CHARLES STURT",2,1,0,0,1,2012,"November","Wednesday","10:00 am","050","Not Divided","Straight road","Level","Not Applicable","Sealed","Dry","Not Raining","Daylight","Hit Parked Vehicle","01","Driver Rider","2: MI","No Control","","",1319184.91,1670245.3,"13191851670245"
"2012-20875-27/05/2021","2 Metropolitan","PARA HILLS","5096","CITY OF TEA TREE GULLY",2,0,0,0,0,2012,"November","Monday","04:30 pm","050","T-Junction","Straight road","Level","Not Applicable","Sealed","Dry","Not Raining","Daylight","Right Angle","02","Driver Rider","1: PDO","No Control","","",1335352.62,1682700.12,"13353531682700"
"2012-20876-27/05/2021","2 Metropolitan","THORNGATE","5082","CITY OF PROSPECT",2,0,0,0,0,2012,"November","Tuesday","06:00 pm","060","Cross Road","Straight road","Level","Not Applicable","Sealed","Dry","Not Raining","Daylight","Right Turn","02","Driver Rider","1: PDO","Traffic Signals","","",1328116.31,1673675.73,"13281161673676"
"2012-20877-27/05/2021","2 Metropolitan","DRY CREEK","5094","CITY OF PORT ADELAIDE ENFIELD",2,0,0,0,0,2012,"November","Wednesday","06:55 am","060","Cross Road","Straight road","Level","Not Applicable","Sealed","Dry","Not Raining","Daylight","Right Angle","02","Driver Rider","1: PDO","Give Way Sign","","",1327558.32,1680416.18,"13275581680416"
"2012-20878-27/05/2021","2 Metropolitan","BRIGHTON","5048","CITY OF HOLDFAST BAY",3,1,0,0,1,2012,"November","Wednesday","02:50 pm","060","T-Junction","Straight road","Level","Not Applicable","Sealed","Dry","Not Raining","Daylight","Rear End","01","Driver Rider","2: MI","Traffic Signals","","",1321140.81,1660812.66,"13211411660813"
"2012-20879-27/05/2021","2 Metropolitan","GAWLER EAST","5118","CT GAWLER.                    ",2,0,0,0,0,2012,"November","Wednesday","04:15 pm","050","T-Junction","Straight road","Slope","Not Applicable","Sealed","Dry","Not Raining","Daylight","Right Turn","01","Driver Rider","1: PDO","Give Way Sign","","",1343431.97,1706625.34,"13434321706625"
"2012-20880-27/05/2021","2 Metropolitan","NORTH BRIGHTON","5048","CITY OF HOLDFAST BAY",2,0,0,0,0,2012,"November","Wednesday","03:40 pm","060","Pedestrian Crossing","Straight road","Level","Not Applicable","Sealed","Dry","Not Raining","Daylight","Rear End","02","Driver Rider","1: PDO","Traffic Signals","","",1321097.36,1662300.52,"13210971662301"
"2012-20881-27/05/2021","2 Metropolitan","MOUNT BARKER","5250","DC MT.BARKER.                 ",2,0,0,0,0,2012,"November","Wednesday","04:50 pm","080","Cross Road","CURVED, VIEW OPEN","Level","Not Applicable","Sealed","Dry","Not Raining","Daylight","Rear End","02","Driver Rider","1: PDO","Traffic Signals","","",1350979.54,1655304.8,"13509801655305"
"2012-20882-27/05/2021","1 City","ADELAIDE","5000","CITY OF ADELAIDE",2,0,0,0,0,2012,"November","Wednesday","07:55 am","050","Divided Road","Straight road","Level","Median Opening (not at I/S)","Sealed","Dry","Not Raining","Daylight","Right Turn","01","Driver Rider","1: PDO","No Control","","",1329375.78,1670372.03,"13293761670372"
"2012-20883-27/05/2021","2 Metropolitan","PARAFIELD GARDENS","5107","CITY OF SALISBURY",2,0,0,0,0,2012,"November","Monday","05:53 pm","050","T-Junction","Straight road","Level","Not Applicable","Sealed","Dry","Not Raining","Daylight","Hit Fixed Object","01","Driver Rider","1: PDO","No Control","","",1331649.05,1686407.98,"13316491686408"
"2012-20884-27/05/2021","2 Metropolitan","MANSFIELD PARK","5012","CITY OF CHARLES STURT",3,0,0,0,0,2012,"November","Wednesday","04:50 pm","060","Not Divided","Straight road","Level","Not Applicable","Sealed","Dry","Not Raining","Daylight","Rear End","01","Driver Rider","1: PDO","No Control","","",,,
"2012-20885-27/05/2021","2 Metropolitan","GLENALTA","5052","CC MITCHAM.                   ",2,0,0,0,0,2012,"November","Wednesday","03:57 pm","050","Not Divided","Straight road","Slope","Not Applicable","Sealed","Dry","Not Raining","Daylight","Rear End","02","Driver Rider","1: PDO","No Control","","",1330901.06,1661469.84,"13309011661470"
"2012-20886-27/05/2021","2 Metropolitan","FULHAM","5024","CITY OF WEST TORRENS",3,0,0,0,0,2012,"November","Wednesday","05:45 pm","060","Cross Road","Straight road","Level","Not Applicable","Sealed","Dry","Not Raining","Daylight","Rear End","02","Driver Rider","1: PDO","Traffic Signals","","",1320981.07,1670844.76,"13209811670845"
"2012-20887-27/05/2021","1 City","ADELAIDE","5000","CITY OF ADELAIDE",2,0,0,0,0,2012,"November","Wednesday","05:30 pm","050","Not Divided","Straight road","Level","Not Applicable","Sealed","Dry","Not Raining","Daylight","Hit Parked Vehicle","01","Driver Rider","1: PDO","No Control","","",1328406.98,1670293.47,"13284071670293"
"2012-20888-27/05/2021","3 Country","PORT LINCOLN","5606","CC PT.LINCOLN.                ",2,1,0,0,1,2012,"November","Wednesday","05:20 pm","050","T-Junction","Straight road","Slope","Not Applicable","Sealed","Dry","Not Raining","Daylight","Right Angle","01","Driver Rider","2: MI","No Control","","",1077946.74,1698147.41,"10779471698147"
"2012-20889-27/05/2021","2 Metropolitan","UNDERDALE","5032","CITY OF WEST TORRENS",2,0,0,0,0,2012,"November","Wednesday","04:45 pm","050","Not Divided","Straight road","Level","Not Applicable","Sealed","Dry","Not Raining","Daylight","Hit Parked Vehicle","01","Driver Rider","1: PDO","No Control","","",1323426.19,1671444.24,"13234261671444"
"2012-20890-27/05/2021","2 Metropolitan","ROSTREVOR","5073","CC CAMPBELLTOWN.              ",2,0,0,0,0,2012,"November","Wednesday","08:30 am","025","Not Divided","Straight road","Level","Not Applicable","Sealed","Dry","Not Raining","Daylight","Hit Parked Vehicle","02","Driver Rider","1: PDO","No Control","","",1336312.44,1673892.35,"13363121673892"
"2012-20891-27/05/2021","2 Metropolitan","POORAKA","5095","CITY OF SALISBURY",2,0,0,0,0,2012,"November","Wednesday","04:50 pm","070","Divided Road","Straight road","Level","Not Applicable","Sealed","Dry","Not Raining","Daylight","Rear End","02","Driver Rider","1: PDO","No Control","","",,,
"2012-20892-27/05/2021","2 Metropolitan","WEST HINDMARSH","5007","CITY OF CHARLES STURT",2,0,0,0,0,2012,"November","Wednesday","05:55 pm","060","Cross Road","Straight road","Level","Not Applicable","Sealed","Dry","Not Raining","Daylight","Right Turn","01","Driver Rider","1: PDO","Traffic Signals","","",1325421.27,1673141.18,"13254211673141"
"2012-20893-27/05/2021","2 Metropolitan","RIDLEYTON","5008","CITY OF CHARLES STURT",2,1,0,0,1,2012,"November","Wednesday","06:40 pm","060","Cross Road","Straight road","Level","Not Applicable","Sealed","Dry","Not Raining","Daylight","Right Turn","02","Driver Rider","2: MI","Traffic Signals","","",1325910.89,1674899.36,"13259111674899"
"2012-20894-27/05/2021","2 Metropolitan","ATHOL PARK","5012","CITY OF CHARLES STURT",2,0,0,0,0,2012,"November","Wednesday","06:35 pm","050","Cross Road","Straight road","Level","Not Applicable","Sealed","Dry","Not Raining","Daylight","Right Angle","02","Driver Rider","1: PDO","Give Way Sign","","",1323387.92,1678157.67,"13233881678158"
"2012-20895-27/05/2021","3 Country","LAURA","5480","NORTHERN AREAS DISTRICT COUNCIL",2,1,0,0,1,2012,"November","Wednesday","11:50 am","100","T-Junction","Straight road","Level","Bridge, Culvert, Causeway","Sealed","Dry","Not Raining","Daylight","Hit Fixed Object","01","Driver Rider","2: MI","No Control","","",1308758.24,1867493.15,"13087581867493"
"2012-20896-27/05/2021","3 Country","PEAKE","5301","COORONG DISTRICT COUNCIL",2,2,0,0,2,2012,"November","Wednesday","06:00 pm","110","Not Divided","Straight road","Level","Not Applicable","Sealed","Dry","Not Raining","Daylight","Hit Fixed Object","01","Driver Rider","2: MI","No Control","","",1447264.09,1618181.45,"14472641618181"
"2012-20897-27/05/2021","2 Metropolitan","RIDGEHAVEN","5097","CITY OF TEA TREE GULLY",2,0,0,0,0,2012,"November","Wednesday","10:30 pm","060","Cross Road","Straight road","Slope","Not Applicable","Sealed","Dry","Not Raining","Night","Right Turn","01","Driver Rider","1: PDO","Stop Sign","","",1339132.34,1682446.83,"13391321682447"
"2012-20898-27/05/2021","1 City","ADELAIDE","5000","CITY OF ADELAIDE",2,0,0,0,0,2012,"November","Wednesday","08:00 pm","050","T-Junction","Straight road","Level","Not Applicable","Sealed","Dry","Not Raining","Daylight","Side Swipe","01","Driver Rider","1: PDO","No Control","","",1327758.58,1670167.33,"13277591670167"
"2012-20899-27/05/2021","3 Country","CLARE","5453","CLARE AND GILBERT VALLEYS DISTRICT COUNCIL",2,1,0,0,1,2012,"November","Wednesday","05:05 pm","060","T-Junction","Straight road","Level","Not Applicable","Sealed","Dry","Not Raining","Daylight","Rear End","01","Driver Rider","2: MI","No Control","","",1333371.92,1791851.23,"13333721791851"
"2012-20900-27/05/2021","2 Metropolitan","TROTT PARK","5158","CC MARION.                    ",4,0,0,0,0,2012,"November","Wednesday","08:14 am","080","Divided Road","Straight road","Level","Not Applicable","Sealed","Dry","Not Raining","Daylight","Rear End","01","Driver Rider","1: PDO","No Control","","",1322098.18,1656466.43,"13220981656466"
"2012-20901-27/05/2021","2 Metropolitan","HAPPY VALLEY","5159","CITY OF ONKAPARINGA",3,1,0,0,1,2012,"November","Wednesday","12:20 pm","080","Not Divided","Straight road","Level","Not Applicable","Sealed","Dry","Not Raining","Daylight","Hit Fixed Object","01","Driver Rider","2: MI","No Control","","",,,
"2012-20902-27/05/2021","1 City","ADELAIDE","5000","CITY OF ADELAIDE",2,0,0,0,0,2012,"November","Wednesday","09:46 am","010","T-Junction","Straight road","Level","Not Applicable","Sealed","Dry","Not Raining","Daylight","Hit Fixed Object","01","Driver Rider","1: PDO","No Control","","",1328720.11,1670986.79,"13287201670987"
"2012-20903-27/05/2021","2 Metropolitan","EVANSTON","5116","CT GAWLER.                    ",2,0,0,0,0,2012,"November","Wednesday","02:10 pm","050","Not Divided","Straight road","Level","Not Applicable","Sealed","Dry","Not Raining","Daylight","Hit Fixed Object","01","Driver Rider","1: PDO","No Control","","",1341898.29,1704162.01,"13418981704162"
"2012-20904-27/05/2021","2 Metropolitan","ST MARYS","5042","CC MITCHAM.                   ",2,0,0,0,0,2012,"November","Thursday","08:00 am","050","Cross Road","Straight road","Level","Not Applicable","Sealed","Dry","Not Raining","Daylight","Right Angle","02","Driver Rider","1: PDO","Stop Sign","","",1326149.54,1663098.75,"13261501663099"
"2012-20905-27/05/2021","2 Metropolitan","SALISBURY","5108","CITY OF SALISBURY",2,0,0,0,0,2012,"November","Wednesday","12:00 pm","050","Not Divided","Straight road","Level","Not Applicable","Sealed","Dry","Not Raining","Daylight","Hit Parked Vehicle","02","Driver Rider","1: PDO","No Control","","",,,
"2012-20906-27/05/2021","2 Metropolitan","NAIRNE","5252","DC MT.BARKER.                 ",2,0,0,0,0,2012,"November","Thursday","06:55 am","060","T-Junction","Straight road","Level","Not Applicable","Sealed","Dry","Not Raining","Daylight","Right Angle","02","Driver Rider","1: PDO","Stop Sign","","",1354819.8,1657079.1,"13548201657079"
"2012-20907-27/05/2021","2 Metropolitan","MAYLANDS","5069","CC OF NORWOOD,PAYNEHAM & ST PETERS",2,0,0,0,0,2012,"November","Thursday","09:00 am","060","T-Junction","Straight road","Level","Not Applicable","Sealed","Dry","Not Raining","Daylight","Right Angle","01","Driver Rider","1: PDO","Give Way Sign","","",1331954.24,1671754.33,"13319541671754"
"2012-20908-27/05/2021","2 Metropolitan","SALISBURY","5108","CITY OF SALISBURY",2,0,0,0,0,2012,"November","Thursday","08:10 am","060","T-Junction","Straight road","Level","Not Applicable","Sealed","Dry","Not Raining","Daylight","Right Angle","02","Driver Rider","1: PDO","Give Way Sign","","",1332728.57,1688571.7,"13327291688572"
"2012-20909-27/05/2021","2 Metropolitan","STURT","5047","CC MARION.                    ",3,0,0,0,0,2012,"November","Thursday","08:20 am","070","Divided Road","Straight road","Level","Not Applicable","Sealed","Dry","Not Raining","Daylight","Rear End","02","Driver Rider","1: PDO","No Control","","",1324436.18,1660096.54,"13244361660097"
"2012-20910-27/05/2021","2 Metropolitan","ROYAL PARK","5014","CITY OF CHARLES STURT",2,0,0,0,0,2012,"November","Wednesday","02:30 pm","060","Divided Road","Straight road","Level","Driveway or Entrance","Sealed","Dry","Not Raining","Daylight","Right Angle","02","Driver Rider","1: PDO","No Control","","",1320691.34,1676601.74,"13206911676602"
"2012-20911-27/05/2021","2 Metropolitan","HINDMARSH","5007","CITY OF CHARLES STURT",6,1,0,0,1,2012,"November","Thursday","08:35 am","060","Divided Road","Straight road","Level","Not Applicable","Sealed","Dry","Not Raining","Daylight","Rear End","01","Driver Rider","2: MI","No Control","","",1325729.67,1672916.62,"13257301672917"
"2012-20912-27/05/2021","3 Country","PORT LINCOLN","5606","CC PT.LINCOLN.                ",2,0,0,0,0,2012,"November","Saturday","10:45 am","050","Not Divided","Straight road","Level","Driveway or Entrance","Sealed","Dry","Not Raining","Daylight","Hit Parked Vehicle","01","Driver Rider","1: PDO","No Control","","",1077729.3,1699050.34,"10777291699050"
"2012-20913-27/05/2021","2 Metropolitan","NORWOOD","5067","CC OF NORWOOD,PAYNEHAM & ST PETERS",2,0,0,0,0,2012,"November","Thursday","10:50 am","060","Cross Road","Straight road","Level","Not Applicable","Sealed","Dry","Not Raining","Daylight","Side Swipe","02","Driver Rider","1: PDO","Give Way Sign","","",1331230.35,1671051.41,"13312301671051"
"2012-20914-27/05/2021","2 Metropolitan","GOODWOOD","5034","CITY OF UNLEY",2,0,0,0,0,2012,"November","Wednesday","06:15 pm","050","Not Divided","Straight road","Level","Not Applicable","Sealed","Dry","Not Raining","Daylight","Rear End","01","Driver Rider","1: PDO","No Control","","",,,
"2012-20915-27/05/2021","3 Country","TUNGKILLO","5236","MID MURRAY DISTRICT COUNCIL",2,0,0,0,0,2012,"November","Wednesday","11:45 am","060","Not Divided","CURVED, VIEW OPEN","Level","Not Applicable","Unsealed","Dry","Not Raining","Daylight","Hit Fixed Object","01","Driver Rider","1: PDO","No Control","","",1373981.31,1678861.43,"13739811678861"
"2012-20916-27/05/2021","3 Country","TANUNDA","5352","THE BAROSSA COUNCIL.",2,2,0,0,2,2012,"November","Thursday","08:45 am","050","T-Junction","Straight road","Level","Not Applicable","Sealed","Dry","Not Raining","Daylight","Right Angle","01","Driver Rider","2: MI","No Control","","",1365017.62,1714425.07,"13650181714425"
"2012-20917-27/05/2021","2 Metropolitan","MARRYATVILLE","5068","CC OF NORWOOD,PAYNEHAM & ST PETERS",2,0,0,0,0,2012,"November","Thursday","11:15 am","060","Not Divided","Straight road","Level","Not Applicable","Sealed","Dry","Not Raining","Daylight","Hit Parked Vehicle","02","Driver Rider","1: PDO","No Control","","",1332597.67,1670425.06,"13325981670425"
"2012-20918-27/05/2021","2 Metropolitan","WINGFIELD","5013","CITY OF PORT ADELAIDE ENFIELD",2,0,0,0,0,2012,"November","Wednesday","08:15 am","060","Not Divided","Straight road","Level","Driveway or Entrance","Sealed","Dry","Not Raining","Daylight","Right Angle","01","Driver Rider","1: PDO","No Control","","",1325271.11,1679190.32,"13252711679190"
"2012-20919-27/05/2021","3 Country","BORDERTOWN","5268","DC TATIARA.                   ",2,0,0,0,0,2012,"November","Thursday","04:00 am","080","T-Junction","Straight road","Level","Not Applicable","Sealed","Dry","Not Raining","Night","Right Angle","01","Driver Rider","1: PDO","No Control","","",1517375.16,1509855.96,"15173751509856"
"2012-20920-27/05/2021","2 Metropolitan","GLANDORE","5037","CC MARION.                    ",2,0,0,0,0,2012,"November","Monday","12:15 pm","060","T-Junction","Straight road","Level","Not Applicable","Sealed","Dry","Not Raining","Daylight","Rear End","02","Driver Rider","1: PDO","No Control","","",1325863.27,1666731.61,"13258631666732"
"2012-20921-27/05/2021","2 Metropolitan","WALKERVILLE","5081","WALKERVILLE TOWN COUNCIL",2,1,0,0,1,2012,"November","Thursday","08:50 am","060","T-Junction","Straight road","Level","Not Applicable","Sealed","Dry","Not Raining","Daylight","Right Turn","02","Driver Rider","2: MI","No Control","","",1329861.24,1674670.61,"13298611674671"
"2012-20922-27/05/2021","2 Metropolitan","WEST HINDMARSH","5007","CITY OF CHARLES STURT",2,1,0,0,1,2012,"November","Tuesday","08:55 am","060","T-Junction","Straight road","Level","Not Applicable","Sealed","Dry","Not Raining","Daylight","Right Turn","02","Driver Rider","2: MI","No Control","","",1325273.35,1673168.32,"13252731673168"
"2012-20923-27/05/2021","2 Metropolitan","SALISBURY","5108","CITY OF SALISBURY",2,0,0,0,0,2012,"November","Thursday","07:00 am","060","Divided Road","Straight road","Level","Not Applicable","Sealed","Dry","Not Raining","Daylight","Side Swipe","02","Driver Rider","1: PDO","No Control","","",1332963.38,1688884.73,"13329631688885"
"2012-20924-27/05/2021","2 Metropolitan","HAMPSTEAD GARDENS","5086","CITY OF PORT ADELAIDE ENFIELD",2,1,0,0,1,2012,"November","Wednesday","10:00 pm","060","T-Junction","Straight road","Level","Not Applicable","Sealed","Dry","Not Raining","Night","Side Swipe","02","Driver Rider","2: MI","No Control","","",,,
"2012-20925-27/05/2021","1 City","ADELAIDE","5000","CITY OF ADELAIDE",2,0,0,0,0,2012,"November","Thursday","12:30 pm","050","Not Divided","Straight road","Level","Not Applicable","Sealed","Dry","Not Raining","Daylight","Rear End","02","Driver Rider","1: PDO","No Control","","",,,
"2012-20926-27/05/2021","2 Metropolitan","PROSPECT","5082","CITY OF PROSPECT",2,0,0,0,0,2012,"November","Thursday","11:50 am","060","Divided Road","Straight road","Level","Not Applicable","Sealed","Dry","Not Raining","Daylight","Side Swipe","02","Driver Rider","1: PDO","No Control","","",,,
"2012-20927-27/05/2021","2 Metropolitan","GLENELG EAST","5045","CITY OF HOLDFAST BAY",2,0,0,0,0,2012,"November","Thursday","12:10 pm","060","Not Divided","Straight road","Level","Not Applicable","Sealed","Dry","Not Raining","Daylight","Hit Parked Vehicle","02","Driver Rider","1: PDO","No Control","","",,,
"2012-20928-27/05/2021","2 Metropolitan","FORESTVILLE","5035","CITY OF UNLEY",2,0,0,0,0,2012,"November","Thursday","11:15 am","060","Divided Road","Straight road","Level","Not Applicable","Sealed","Dry","Not Raining","Daylight","Side Swipe","02","Driver Rider","1: PDO","No Control","","",1326338.51,1668201.96,"13263391668202"
"2012-20929-27/05/2021","2 Metropolitan","PORT ADELAIDE","5015","CITY OF PORT ADELAIDE ENFIELD",2,0,0,0,0,2012,"November","Thursday","11:55 am","060","Cross Road","Straight road","Level","Not Applicable","Sealed","Dry","Not Raining","Daylight","Right Angle","01","Driver Rider","1: PDO","Traffic Signals","","",1320509.08,1679073.54,"13205091679074"
"2012-20930-27/05/2021","3 Country","WALLAROO","5556","COPPER COAST DISTRICT COUNCIL",2,1,0,0,1,2012,"November","Tuesday","02:20 pm","050","Not Divided","Straight road","Slope","Not Applicable","Sealed","Dry","Not Raining","Daylight","Hit Pedestrian","02","Driver Rider","2: MI","No Control","","",,,
"2012-20931-27/05/2021","2 Metropolitan","STEPNEY","5069","CC OF NORWOOD,PAYNEHAM & ST PETERS",2,0,0,0,0,2012,"November","Thursday","01:23 pm","060","Pedestrian Crossing","Straight road","Level","Not Applicable","Sealed","Dry","Not Raining","Daylight","Rear End","01","Driver Rider","1: PDO","Traffic Signals","","",1330975.61,1672217.51,"13309761672218"
"2012-20932-27/05/2021","2 Metropolitan","WELLAND","5007","CITY OF CHARLES STURT",2,0,0,0,0,2012,"November","Thursday","02:00 pm","060","Divided Road","Straight road","Level","Not Applicable","Sealed","Dry","Not Raining","Daylight","Side Swipe","02","Driver Rider","1: PDO","No Control","","",1324692.33,1673187.75,"13246921673188"
"2012-20933-27/05/2021","2 Metropolitan","DRY CREEK","5013","CITY OF PORT ADELAIDE ENFIELD",3,1,0,0,1,2012,"November","Thursday","12:30 pm","060","Cross Road","Straight road","Level","Not Applicable","Sealed","Dry","Not Raining","Daylight","Rear End","01","Driver Rider","2: MI","Traffic Signals","","",1323864.47,1681008.97,"13238641681009"
"2012-20934-27/05/2021","2 Metropolitan","SEACLIFF PARK","5049","CC MARION.                    ",3,0,0,0,0,2012,"November","Thursday","12:00 pm","080","Divided Road","Straight road","Level","Not Applicable","Sealed","Dry","Not Raining","Daylight","Rear End","01","Driver Rider","1: PDO","No Control","","",,,
"2012-20935-27/05/2021","2 Metropolitan","MAGILL","5072","CC CAMPBELLTOWN.              ",2,1,0,0,1,2012,"November","Thursday","11:30 am","060","Not Divided","Straight road","Level","Not Applicable","Sealed","Dry","Not Raining","Daylight","Right Angle","02","Driver Rider","2: MI","No Control","","",1335459.68,1671847.06,"13354601671847"
"2012-20936-27/05/2021","2 Metropolitan","OTTOWAY","5013","CITY OF PORT ADELAIDE ENFIELD",3,2,0,0,2,2012,"November","Thursday","01:30 pm","060","Cross Road","Straight road","Level","Not Applicable","Sealed","Dry","Not Raining","Daylight","Right Angle","02","Driver Rider","2: MI","Give Way Sign","","",1322902.28,1679362.03,"13229021679362"
"2012-20937-27/05/2021","3 Country","NURIOOTPA","5355","LIGHT REGIONAL COUNCIL",2,0,0,0,0,2012,"November","Thursday","03:15 pm","060","Not Divided","Straight road","Level","Not Applicable","Sealed","Dry","Not Raining","Daylight","Hit Parked Vehicle","02","Driver Rider","1: PDO","No Control","","",1364701.06,1720083.87,"13647011720084"
"2012-20938-27/05/2021","2 Metropolitan","TORRENSVILLE","5031","CITY OF WEST TORRENS",2,0,0,0,0,2012,"November","Thursday","02:00 pm","060","Cross Road","Straight road","Level","Not Applicable","Sealed","Dry","Not Raining","Daylight","Right Angle","02","Driver Rider","1: PDO","Traffic Signals","","",1325429.88,1672005.77,"13254301672006"
"2012-20939-27/05/2021","2 Metropolitan","ST AGNES","5097","CITY OF TEA TREE GULLY",2,1,0,0,1,2012,"November","Thursday","01:00 pm","060","Cross Road","Straight road","Level","Not Applicable","Sealed","Dry","Not Raining","Daylight","Rear End","01","Driver Rider","2: MI","Traffic Signals","","",1339724.11,1681912.39,"13397241681912"
"2012-20940-27/05/2021","2 Metropolitan","SEACLIFF PARK","5049","CITY OF HOLDFAST BAY",2,0,0,0,0,2012,"November","Thursday","08:15 am","060","T-Junction","Straight road","Level","Not Applicable","Sealed","Dry","Not Raining","Daylight","Rear End","02","Driver Rider","1: PDO","No Control","","",1321194.79,1659017.89,"13211951659018"
"2012-20941-27/05/2021","2 Metropolitan","SALISBURY NORTH","5108","CITY OF SALISBURY",2,0,0,0,0,2012,"November","Thursday","06:00 am","060","Divided Road","Straight road","Level","Not Applicable","Sealed","Dry","Not Raining","Daylight","Rear End","02","Driver Rider","1: PDO","No Control","","",1331504.33,1689755.07,"13315041689755"
"2012-20942-27/05/2021","2 Metropolitan","HOLDEN HILL","5088","CITY OF PORT ADELAIDE ENFIELD",2,0,0,0,0,2012,"November","Tuesday","05:00 pm","060","Divided Road","Straight road","Level","Not Applicable","Sealed","Dry","Not Raining","Daylight","Side Swipe","02","Driver Rider","1: PDO","No Control","","",1333915.17,1678000.15,"13339151678000"
"2012-20943-27/05/2021","2 Metropolitan","ELIZABETH","5112","CITY OF PLAYFORD.",2,0,0,0,0,2012,"November","Thursday","04:05 pm","050","T-Junction","Straight road","Level","Not Applicable","Sealed","Wet","Not Raining","Daylight","Right Angle","01","Driver Rider","1: PDO","No Control","","",1335913.09,1694315.57,"13359131694316"
"2012-20944-27/05/2021","1 City","ADELAIDE","5000","CITY OF ADELAIDE",2,0,0,0,0,2012,"November","Thursday","08:45 am","050","Not Divided","Straight road","Level","Not Applicable","Sealed","Dry","Not Raining","Daylight","Hit Parked Vehicle","02","Driver Rider","1: PDO","No Control","","",1328519.92,1670802.84,"13285201670803"
"2012-20945-27/05/2021","3 Country","MOUNT BARKER","5251","DC MT.BARKER.                 ",4,0,0,0,0,2012,"November","Thursday","03:15 pm","050","Not Divided","CURVED, VIEW OPEN","Slope","Not Applicable","Sealed","Wet","Raining","Daylight","Hit Object on Road","01","Driver Rider","1: PDO","No Control","","",,,
"2012-20946-27/05/2021","2 Metropolitan","ROSE PARK","5067","CITY OF BURNSIDE",2,0,0,0,0,2012,"November","Wednesday","08:30 am","050","Not Divided","Straight road","Level","Not Applicable","Sealed","Dry","Not Raining","Daylight","Hit Parked Vehicle","02","Driver Rider","1: PDO","No Control","","",1330666.29,1669782.05,"13306661669782"
"2012-20947-27/05/2021","2 Metropolitan","HALLETT COVE","5158","CC MARION.                    ",2,0,0,0,0,2012,"November","Thursday","04:00 pm","060","Cross Road","Straight road","Level","Not Applicable","Sealed","Dry","Not Raining","Daylight","Right Turn","01","Driver Rider","1: PDO","Traffic Signals","","",1320161.88,1654139.75,"13201621654140"
"2012-20948-27/05/2021","2 Metropolitan","BLACKWOOD","5051","CC MITCHAM.                   ",2,0,0,0,0,2012,"November","Tuesday","03:00 pm","050","Not Divided","Straight road","Level","Not Applicable","Sealed","Dry","Not Raining","Daylight","Hit Parked Vehicle","01","Driver Rider","1: PDO","No Control","","",1330235.56,1661492.29,"13302361661492"
"2012-20949-27/05/2021","2 Metropolitan","INGLE FARM","5098","CITY OF SALISBURY",3,0,0,0,0,2012,"November","Thursday","05:00 pm","060","T-Junction","Straight road","Level","Not Applicable","Sealed","Wet","Raining","Daylight","Rear End","01","Driver Rider","1: PDO","Traffic Signals","","",1333095.45,1681419.02,"13330951681419"
"2012-20950-27/05/2021","2 Metropolitan","OAKLANDS PARK","5046","CC MARION.                    ",2,1,0,0,1,2012,"November","Thursday","03:30 pm","060","Divided Road","Straight road","Level","Not Applicable","Sealed","Dry","Not Raining","Daylight","Rear End","02","Driver Rider","2: MI","No Control","","",1323269.58,1663105.12,"13232701663105"
"2012-20951-27/05/2021","2 Metropolitan","PARA HILLS WEST","5096","CITY OF SALISBURY",2,0,0,0,0,2012,"November","Thursday","12:25 pm","050","Not Divided","CURVED, VIEW OPEN","Level","Not Applicable","Sealed","Dry","Not Raining","Daylight","Hit Parked Vehicle","01","Driver Rider","1: PDO","No Control","","",1333220.92,1684454.99,"13332211684455"