"REPORT_ID","Stats Area","Suburb","Postcode","LGA Name","Total Units","Total Cas","Total Fats","Total SI","Total MI","Year","Month","Day","Time","Area Speed","Position Type","Horizontal Align","Vertical Align","Other Feat","Road Surface","Moisture Cond","Weather Cond","DayNight","Crash Type","Unit Resp","Entity Code","CSEF Severity","Traffic Ctrls","DUI Involved","Drugs Involved","ACCLOC_X","ACCLOC_Y","UNIQUE_LOC"
"2012-21279-27/05/2021","2 Metropolitan","WINGFIELD","5013","CITY OF PORT ADELAIDE ENFIELD",1,0,0,0,0,2012,"December","Wednesday","12:50 pm","060","Not Divided","Straight road","Level","Roadworks","Sealed","Dry","Not Raining","Daylight","Roll Over","01","Driver Rider","1: PDO","No Control","","",,,
"2012-21280-27/05/2021","2 Metropolitan","SALISBURY NORTH","5108","CITY OF SALISBURY",2,0,0,0,0,2012,"December","Wednesday","01:00 pm","060","Not Divided","Straight road","Level","Not Applicable","Sealed","Dry","Not Raining","Daylight","Rear End","01","Driver Rider","1: PDO","No Control","","",,,
"2012-21281-27/05/2021","2 Metropolitan","PROSPECT","5082","CITY OF PROSPECT",2,0,0,0,0,2012,"December","Wednesday","01:20 pm","060","Divided Road","Straight road","Level","Not Applicable","Sealed","Dry","Not Raining","Daylight","Side Swipe","02","Driver Rider","1: PDO","No Control","","",1328861.14,1676495.87,"13288611676496"
"2012-21282-27/05/2021","2 Metropolitan","URRBRAE","5064","CC MITCHAM.                   ",3,0,0,0,0,2012,"December","Tuesday","04:05 pm","060","Cross Road","Straight road","Slope","Not Applicable","Sealed","Dry","Not Raining","Daylight","Rear End","02","Driver Rider","1: PDO","Traffic Signals","","",1332373.16,1666370.92,"13323731666371"
"2012-21283-27/05/2021","2 Metropolitan","DARLINGTON","5047","CITY OF ONKAPARINGA",2,1,0,1,0,2012,"December","Sunday","12:20 pm","060","T-Junction","Straight road","Crest of Hill","Not Applicable","Sealed","Dry","Not Raining","Daylight","Rear End","01","Driver Rider","3: SI","No Control","","",1324451.43,1659297.66,"13244511659298"
"2012-21284-27/05/2021","2 Metropolitan","MILE END","5031","CITY OF WEST TORRENS",3,0,0,0,0,2012,"December","Tuesday","03:05 pm","060","T-Junction","Straight road","Level","Not Applicable","Sealed","Dry","Not Raining","Daylight","Rear End","01","Driver Rider","1: PDO","No Control","","",1326611.33,1671159.44,"13266111671159"
"2012-21285-27/05/2021","2 Metropolitan","CHELTENHAM","5014","CITY OF CHARLES STURT",2,1,0,1,0,2012,"December","Wednesday","11:00 am","060","Cross Road","Straight road","Level","Not Applicable","Sealed","Dry","Not Raining","Daylight","Side Swipe","01","Driver Rider","3: SI","Traffic Signals","","",1322125.85,1676413.1,"13221261676413"
"2012-21286-27/05/2021","2 Metropolitan","SEMAPHORE","5019","CITY OF PORT ADELAIDE ENFIELD",2,0,0,0,0,2012,"December","Wednesday","02:30 pm","050","Not Divided","Straight road","Level","Not Applicable","Sealed","Dry","Not Raining","Daylight","Hit Fixed Object","01","Driver Rider","1: PDO","No Control","","",1318621.55,1681056.68,"13186221681057"
"2012-21287-27/05/2021","2 Metropolitan","HILLCREST","5086","CITY OF PORT ADELAIDE ENFIELD",2,0,0,0,0,2012,"December","Wednesday","02:50 pm","060","T-Junction","Straight road","Level","Not Applicable","Sealed","Dry","Not Raining","Daylight","Right Angle","02","Driver Rider","1: PDO","No Control","","",1332948.47,1677348.06,"13329481677348"
"2012-21288-27/05/2021","2 Metropolitan","HAMPSTEAD GARDENS","5086","CITY OF PORT ADELAIDE ENFIELD",3,0,0,0,0,2012,"December","Wednesday","03:15 pm","060","Divided Road","Straight road","Level","Not Applicable","Sealed","Dry","Not Raining","Daylight","Rear End","01","Driver Rider","1: PDO","No Control","","",1331129.93,1676587.05,"13311301676587"
"2012-21289-27/05/2021","2 Metropolitan","SEFTON PARK","5083","CITY OF PORT ADELAIDE ENFIELD",2,0,0,0,0,2012,"November","Wednesday","01:05 pm","040","Not Divided","Straight road","Level","Not Applicable","Sealed","Dry","Not Raining","Daylight","Hit Parked Vehicle","02","Driver Rider","1: PDO","No Control","","",1329134.66,1676026.65,"13291351676027"
"2012-21290-27/05/2021","2 Metropolitan","SURREY DOWNS","5126","CITY OF TEA TREE GULLY",2,1,0,1,0,2012,"December","Wednesday","02:00 pm","060","Cross Road","Straight road","Bottom of Hill","Not Applicable","Sealed","Dry","Not Raining","Daylight","Hit Fixed Object","01","Driver Rider","3: SI","Roundabout","","",1339647.25,1684786.35,"13396471684786"
"2012-21291-27/05/2021","2 Metropolitan","PROSPECT","5082","CITY OF PROSPECT",2,0,0,0,0,2012,"December","Wednesday","10:30 am","060","Divided Road","Straight road","Level","Not Applicable","Sealed","Dry","Not Raining","Daylight","Rear End","02","Driver Rider","1: PDO","No Control","","",1328871.12,1676495.11,"13288711676495"
"2012-21292-27/05/2021","2 Metropolitan","REYNELLA","5161","CITY OF ONKAPARINGA",2,1,0,0,1,2012,"December","Wednesday","04:00 pm","060","T-Junction","Straight road","Level","Not Applicable","Sealed","Dry","Not Raining","Daylight","Right Angle","01","Driver Rider","2: MI","No Control","","",1321549.3,1651438.46,"13215491651438"
"2012-21293-27/05/2021","2 Metropolitan","WINDSOR GARDENS","5087","CITY OF PORT ADELAIDE ENFIELD",2,0,0,0,0,2012,"December","Wednesday","03:40 pm","060","Divided Road","Straight road","Level","Not Applicable","Sealed","Dry","Not Raining","Daylight","Rear End","02","Driver Rider","1: PDO","No Control","","",1333464.64,1677794.13,"13334651677794"
"2012-21294-27/05/2021","2 Metropolitan","EDWARDSTOWN","5039","CC MARION.                    ",2,1,0,0,1,2012,"December","Wednesday","04:30 pm","050","Not Divided","Straight road","Level","Driveway or Entrance","Sealed","Dry","Not Raining","Daylight","Rear End","02","Driver Rider","2: MI","No Control","","",1325816.36,1664784,"13258161664784"
"2012-21295-27/05/2021","2 Metropolitan","WESTBOURNE PARK","5041","CC MITCHAM.                   ",2,0,0,0,0,2012,"December","Tuesday","08:20 am","040","Not Divided","Straight road","Level","Not Applicable","Sealed","Dry","Not Raining","Daylight","Hit Parked Vehicle","01","Driver Rider","1: PDO","No Control","","",,,
"2012-21296-27/05/2021","2 Metropolitan","DARLINGTON","5042","CITY OF ONKAPARINGA",2,0,0,0,0,2012,"December","Wednesday","03:50 pm","060","Cross Road","Straight road","Level","Not Applicable","Sealed","Dry","Not Raining","Daylight","Rear End","02","Driver Rider","1: PDO","Traffic Signals","","",1324428.24,1659710.67,"13244281659711"
"2012-21297-27/05/2021","1 City","ADELAIDE","5000","CITY OF ADELAIDE",2,0,0,0,0,2012,"December","Wednesday","08:37 am","050","T-Junction","Straight road","Level","Not Applicable","Sealed","Dry","Not Raining","Daylight","Right Turn","02","Driver Rider","1: PDO","Traffic Signals","","",1329012.45,1671149.03,"13290121671149"
"2012-21298-27/05/2021","2 Metropolitan","MOUNT BARKER","5251","DC MT.BARKER.                 ",2,0,0,0,0,2012,"December","Wednesday","05:50 pm","080","Cross Road","Straight road","Level","Not Applicable","Sealed","Dry","Not Raining","Daylight","Rear End","02","Driver Rider","1: PDO","Give Way Sign","","",1350992.06,1655081.5,"13509921655082"
"2012-21299-27/05/2021","2 Metropolitan","TEA TREE GULLY","5091","CITY OF TEA TREE GULLY",2,1,0,0,1,2012,"December","Tuesday","10:15 pm","060","Divided Road","Straight road","Slope","Not Applicable","Sealed","Dry","Not Raining","Night","Hit Fixed Object","01","Driver Rider","2: MI","No Control","","",,,
"2012-21300-27/05/2021","2 Metropolitan","WALKLEY HEIGHTS","5098","CITY OF SALISBURY",2,0,0,0,0,2012,"December","Wednesday","05:40 pm","060","Divided Road","Straight road","Level","Not Applicable","Sealed","Dry","Not Raining","Daylight","Rear End","02","Driver Rider","1: PDO","No Control","","",1331144.72,1680517.42,"13311451680517"
"2012-21301-27/05/2021","2 Metropolitan","WEST HINDMARSH","5007","CITY OF CHARLES STURT",3,0,0,0,0,2012,"December","Tuesday","04:10 pm","060","Cross Road","Straight road","Level","Not Applicable","Sealed","Dry","Not Raining","Daylight","Right Turn","02","Driver Rider","1: PDO","Traffic Signals","","",1325421.27,1673141.18,"13254211673141"
"2012-21302-27/05/2021","1 City","ADELAIDE","5000","CITY OF ADELAIDE",2,0,0,0,0,2012,"December","Wednesday","05:40 pm","050","Not Divided","Straight road","Level","Not Applicable","Sealed","Dry","Not Raining","Daylight","Rear End","02","Driver Rider","1: PDO","No Control","","",1328994.49,1671872.08,"13289941671872"
"2012-21303-27/05/2021","2 Metropolitan","GLENELG","5045","CITY OF HOLDFAST BAY",2,0,0,0,0,2012,"December","Wednesday","06:00 pm","040","Not Divided","Straight road","Level","Driveway or Entrance","Sealed","Dry","Not Raining","Daylight","Side Swipe","02","Driver Rider","1: PDO","No Control","","",1320308.12,1665063.97,"13203081665064"
"2012-21304-27/05/2021","2 Metropolitan","HINDMARSH","5007","CITY OF CHARLES STURT",2,0,0,0,0,2012,"December","Wednesday","05:30 pm","060","T-Junction","Straight road","Level","Not Applicable","Sealed","Dry","Not Raining","Daylight","Right Turn","02","Driver Rider","1: PDO","Give Way Sign","","",1325854.23,1673201.88,"13258541673202"
"2012-21305-27/05/2021","2 Metropolitan","SEAFORD RISE","5169","CITY OF ONKAPARINGA",2,2,0,0,2,2012,"December","Wednesday","05:00 pm","070","T-Junction","Straight road","Slope","Not Applicable","Sealed","Dry","Not Raining","Daylight","Right Angle","02","Driver Rider","2: MI","No Control","","",1316449.21,1639296.46,"13164491639296"
"2012-21306-27/05/2021","2 Metropolitan","MAWSON LAKES","5095","CITY OF SALISBURY",3,0,0,0,0,2012,"December","Wednesday","04:50 pm","080","Divided Road","Straight road","Level","Not Applicable","Sealed","Dry","Not Raining","Daylight","Side Swipe","01","Driver Rider","1: PDO","No Control","","",1328675.39,1683963.86,"13286751683964"
"2012-21307-27/05/2021","2 Metropolitan","SEATON","5023","CITY OF CHARLES STURT",2,0,0,0,0,2012,"December","Wednesday","11:45 am","060","Cross Road","Straight road","Level","Not Applicable","Sealed","Dry","Not Raining","Daylight","Right Turn","01","Driver Rider","1: PDO","Traffic Signals","","",1320702.94,1676060.67,"13207031676061"
"2012-21308-27/05/2021","2 Metropolitan","BEDFORD PARK","5042","CC MITCHAM.                   ",2,1,0,0,1,2012,"December","Wednesday","04:30 pm","070","Cross Road","Straight road","Level","Not Applicable","Sealed","Dry","Not Raining","Daylight","Rear End","01","Driver Rider","2: MI","Traffic Signals","","",1325386.13,1660697.91,"13253861660698"
"2012-21309-27/05/2021","2 Metropolitan","PROSPECT","5082","CITY OF PROSPECT",2,0,0,0,0,2012,"December","Wednesday","01:30 pm","060","Cross Road","Straight road","Level","Not Applicable","Sealed","Dry","Not Raining","Daylight","Rear End","02","Driver Rider","1: PDO","Traffic Signals","","",1328059.86,1676413.62,"13280601676414"
"2012-21310-27/05/2021","2 Metropolitan","PROSPECT","5082","CITY OF PROSPECT",2,0,0,0,0,2012,"December","Wednesday","01:00 pm","040","Cross Road","Straight road","Level","Not Applicable","Sealed","Dry","Not Raining","Daylight","Right Angle","02","Driver Rider","1: PDO","Give Way Sign","","",1327670.97,1675518.77,"13276711675519"
"2012-21311-27/05/2021","1 City","NORTH ADELAIDE","5006","CITY OF ADELAIDE",3,0,0,0,0,2012,"December","Wednesday","04:45 pm","060","One Way","Straight road","Level","Not Applicable","Sealed","Dry","Not Raining","Daylight","Rear End","01","Driver Rider","1: PDO","No Control","","",1329448.32,1673156.95,"13294481673157"
"2012-21312-27/05/2021","2 Metropolitan","MODBURY NORTH","5092","CITY OF TEA TREE GULLY",2,1,0,0,1,2012,"December","Wednesday","06:55 pm","060","Cross Road","Straight road","Slope","Not Applicable","Sealed","Dry","Not Raining","Daylight","Right Turn","01","Driver Rider","2: MI","Traffic Signals","","",1336848.16,1681212.44,"13368481681212"
"2012-21313-27/05/2021","2 Metropolitan","KILKENNY","5009","CITY OF CHARLES STURT",2,0,0,0,0,2012,"December","Wednesday","04:00 pm","050","Not Divided","Straight road","Level","Not Applicable","Sealed","Dry","Not Raining","Daylight","Hit Parked Vehicle","02","Driver Rider","1: PDO","No Control","","",1324497.86,1676128.81,"13244981676129"
"2012-21314-27/05/2021","3 Country","MINGBOOL","5291","DISTRICT COUNCIL OF GRANT",2,1,0,0,1,2012,"December","Wednesday","06:45 pm","110","Divided Road","CURVED, VIEW OPEN","Level","Not Applicable","Sealed","Dry","Not Raining","Daylight","Hit Fixed Object","01","Driver Rider","2: MI","No Control","","",1512193.97,1356040.84,"15121941356041"
"2012-21315-27/05/2021","2 Metropolitan","ALBERT PARK","5014","CITY OF CHARLES STURT",2,1,0,0,1,2012,"December","Wednesday","04:10 pm","050","Not Divided","CURVED, VIEW OPEN","Level","Not Applicable","Sealed","Dry","Not Raining","Daylight","Hit Fixed Object","01","Driver Rider","2: MI","No Control","","",1321275,1676639.68,"13212751676640"
"2012-21316-27/05/2021","2 Metropolitan","CHANDLERS HILL","5159","CITY OF ONKAPARINGA",2,0,0,0,0,2012,"December","Wednesday","07:50 am","070","T-Junction","Straight road","Level","Not Applicable","Sealed","Dry","Not Raining","Daylight","Rear End","02","Driver Rider","1: PDO","Give Way Sign","","",1330463.74,1654360.82,"13304641654361"
"2012-21317-27/05/2021","2 Metropolitan","GEPPS CROSS","5094","CITY OF PORT ADELAIDE ENFIELD",3,0,0,0,0,2012,"December","Wednesday","06:20 pm","060","Divided Road","Straight road","Level","Not Applicable","Sealed","Dry","Not Raining","Daylight","Rear End","01","Driver Rider","1: PDO","No Control","","",1328088.72,1679257.5,"13280891679258"
"2012-21318-27/05/2021","2 Metropolitan","WYNN VALE","5127","CITY OF TEA TREE GULLY",2,0,0,0,0,2012,"December","Wednesday","08:15 pm","050","Not Divided","Straight road","Slope","Not Applicable","Sealed","Dry","Not Raining","Daylight","Hit Fixed Object","01","Driver Rider","1: PDO","No Control","","",1336346.39,1684095.98,"13363461684096"
"2012-21319-27/05/2021","2 Metropolitan","WARRADALE","5046","CC MARION.                    ",2,0,0,0,0,2012,"December","Wednesday","08:50 am","060","Cross Road","Straight road","Level","Not Applicable","Sealed","Dry","Not Raining","Daylight","Rear End","02","Driver Rider","1: PDO","Give Way Sign","","",1322019.89,1662798.17,"13220201662798"
"2012-21320-27/05/2021","2 Metropolitan","HAWTHORNDENE","5051","CC MITCHAM.                   ",2,0,0,0,0,2012,"December","Thursday","02:10 am","060","Not Divided","CURVED, VIEW OBSCURED","Slope","Not Applicable","Sealed","Dry","Not Raining","Night","Hit Fixed Object","01","Driver Rider","1: PDO","No Control","","",,,
"2012-21321-27/05/2021","2 Metropolitan","TROTT PARK","5158","CC MARION.                    ",2,0,0,0,0,2012,"December","Wednesday","11:00 pm","080","Divided Road","Straight road","Level","Not Applicable","Sealed","Dry","Not Raining","Night","Rear End","02","Driver Rider","1: PDO","No Control","","",1322119.99,1656249.96,"13221201656250"
"2012-21322-27/05/2021","2 Metropolitan","PROSPECT","5082","CITY OF PROSPECT",2,1,0,0,1,2012,"December","Wednesday","08:15 am","060","Divided Road","Straight road","Level","Not Applicable","Sealed","Dry","Not Raining","Daylight","Rear End","01","Driver Rider","2: MI","No Control","","",,,
"2012-21323-27/05/2021","3 Country","MIRANDA","5700","CC PT.AUGUSTA.                ",2,0,0,0,0,2012,"December","Wednesday","12:00 pm","110","Not Divided","Straight road","Level","Not Applicable","Sealed","Dry","Not Raining","Daylight","Head On","02","Driver Rider","1: PDO","No Control","","",1276799.45,1907301.82,"12767991907302"
"2012-21324-27/05/2021","2 Metropolitan","BELAIR","5052","CC MITCHAM.                   ",2,0,0,0,0,2012,"December","Wednesday","05:30 pm","050","T-Junction","Straight road","Level","Not Applicable","Sealed","Dry","Not Raining","Daylight","Rear End","01","Driver Rider","1: PDO","Give Way Sign","","",1329647.38,1661416.58,"13296471661417"
"2012-21325-27/05/2021","2 Metropolitan","SALISBURY PLAIN","5109","CITY OF SALISBURY",2,0,0,0,0,2012,"December","Thursday","09:45 am","060","Cross Road","Straight road","Level","Not Applicable","Sealed","Dry","Not Raining","Daylight","Side Swipe","01","Driver Rider","1: PDO","Roundabout","","",1333807.7,1687916.19,"13338081687916"
"2012-21326-27/05/2021","2 Metropolitan","ALDINGA BEACH","5173","CITY OF ONKAPARINGA",2,0,0,0,0,2012,"December","Wednesday","09:45 pm","060","Cross Road","Straight road","Level","Not Applicable","Sealed","Dry","Not Raining","Night","Right Angle","01","Driver Rider","1: PDO","Roundabout","","",1314312.27,1631985.12,"13143121631985"
"2012-21327-27/05/2021","2 Metropolitan","NAIRNE","5252","DC MT.BARKER.                 ",2,1,0,0,1,2012,"December","Wednesday","08:40 am","060","T-Junction","Straight road","Slope","Not Applicable","Sealed","Dry","Not Raining","Daylight","Rear End","02","Driver Rider","2: MI","Stop Sign","","",1354819.8,1657079.1,"13548201657079"
"2012-21328-27/05/2021","2 Metropolitan","ADELAIDE AIRPORT","5950","CITY OF WEST TORRENS",2,0,0,0,0,2012,"December","Wednesday","05:45 am","020","One Way","Straight road","Level","Not Applicable","Sealed","Dry","Not Raining","Night","Rear End","02","Driver Rider","1: PDO","No Control","","",1322626.82,1669499.76,"13226271669500"
"2012-21329-27/05/2021","2 Metropolitan","NORWOOD","5067","CC OF NORWOOD,PAYNEHAM & ST PETERS",2,0,0,0,0,2012,"December","Tuesday","03:15 pm","050","Divided Road","Straight road","Level","Not Applicable","Sealed","Dry","Not Raining","Daylight","Rear End","02","Driver Rider","1: PDO","No Control","","",1331497.7,1671062.61,"13314981671063"
"2012-21330-27/05/2021","2 Metropolitan","VIRGINIA","5110","CITY OF PLAYFORD.",2,0,0,0,0,2012,"December","Thursday","10:35 am","090","T-Junction","Straight road","Level","Not Applicable","Sealed","Dry","Not Raining","Daylight","Rear End","02","Driver Rider","1: PDO","Give Way Sign","","",1326421.71,1696569.21,"13264221696569"
"2012-21331-27/05/2021","2 Metropolitan","UNLEY","5061","CITY OF UNLEY",2,1,0,0,1,2012,"December","Thursday","11:40 am","060","T-Junction","Straight road","Level","Not Applicable","Sealed","Dry","Not Raining","Daylight","Right Turn","01","Driver Rider","2: MI","Traffic Signals","","",1329090.19,1667826.36,"13290901667826"
"2012-21332-27/05/2021","2 Metropolitan","LONSDALE","5160","CITY OF ONKAPARINGA",2,0,0,0,0,2012,"December","Wednesday","04:10 pm","070","T-Junction","Straight road","Level","Not Applicable","Sealed","Dry","Not Raining","Daylight","Right Angle","01","Driver Rider","1: PDO","No Control","","",1319356.19,1650978.71,"13193561650979"
"2012-21333-27/05/2021","2 Metropolitan","BLACK FOREST","5035","CITY OF UNLEY",2,1,0,0,1,2012,"December","Wednesday","03:25 pm","060","T-Junction","CURVED, VIEW OPEN","Crest of Hill","Not Applicable","Sealed","Dry","Not Raining","Daylight","Rear End","02","Driver Rider","2: MI","No Control","","",1325869.27,1666533.31,"13258691666533"
"2012-21334-27/05/2021","3 Country","PORT PIRIE","5540","PT.PIRIE CITY & DIST. COUNCIL ",2,0,0,0,0,2012,"December","Wednesday","09:00 pm","050","Divided Road","Straight road","Level","Not Applicable","Sealed","Dry","Not Raining","Night","Hit Fixed Object","01","Driver Rider","1: PDO","No Control","","",1280078.56,1865995.97,"12800791865996"
"2012-21335-27/05/2021","2 Metropolitan","ROSSLYN PARK","5072","CITY OF BURNSIDE",2,0,0,0,0,2012,"December","Wednesday","09:50 pm","060","Not Divided","Straight road","Level","Not Applicable","Sealed","Dry","Not Raining","Night","Hit Parked Vehicle","02","Driver Rider","1: PDO","No Control","","",1335503.3,1671046.69,"13355031671047"
"2012-21336-27/05/2021","2 Metropolitan","WARRADALE","5046","CC MARION.                    ",2,0,0,0,0,2012,"December","Thursday","12:40 pm","050","Cross Road","Straight road","Level","Not Applicable","Sealed","Dry","Not Raining","Daylight","Right Angle","02","Driver Rider","1: PDO","Roundabout","","",1322297.46,1661212.26,"13222971661212"
"2012-21337-27/05/2021","2 Metropolitan","FLINDERS PARK","5025","CITY OF CHARLES STURT",2,0,0,0,0,2012,"December","Thursday","12:20 pm","060","T-Junction","Straight road","Level","Not Applicable","Sealed","Dry","Not Raining","Daylight","Side Swipe","01","Driver Rider","1: PDO","No Control","","",1324068.96,1672983.17,"13240691672983"
"2012-21338-27/05/2021","2 Metropolitan","HAWTHORN","5062","CC MITCHAM.                   ",2,1,0,0,1,2012,"December","Thursday","12:42 pm","060","T-Junction","Straight road","Level","Not Applicable","Sealed","Dry","Not Raining","Daylight","Rear End","02","Driver Rider","2: MI","No Control","","",1329168.34,1665158.49,"13291681665158"
"2012-21339-27/05/2021","2 Metropolitan","UNLEY","5061","CITY OF UNLEY",2,0,0,0,0,2012,"December","Thursday","12:45 pm","060","Divided Road","Straight road","Level","Not Applicable","Sealed","Dry","Not Raining","Daylight","Side Swipe","01","Driver Rider","1: PDO","No Control","","",,,
"2012-21340-27/05/2021","2 Metropolitan","ASHFORD","5035","CITY OF UNLEY",3,0,0,0,0,2012,"December","Thursday","11:50 am","060","Divided Road","Straight road","Level","Not Applicable","Sealed","Dry","Not Raining","Daylight","Rear End","01","Driver Rider","1: PDO","No Control","","",,,
"2012-21341-27/05/2021","1 City","ADELAIDE","5000","CITY OF ADELAIDE",2,0,0,0,0,2012,"December","Thursday","12:15 pm","060","Cross Road","Straight road","Level","Not Applicable","Sealed","Dry","Not Raining","Daylight","Rear End","02","Driver Rider","1: PDO","Traffic Signals","","",1327386.29,1670322.63,"13273861670323"
"2012-21342-27/05/2021","2 Metropolitan","BROOKLYN PARK","5032","CITY OF WEST TORRENS",4,1,0,0,1,2012,"December","Thursday","09:10 am","060","Divided Road","Straight road","Level","Not Applicable","Sealed","Dry","Not Raining","Daylight","Rear End","01","Driver Rider","2: MI","No Control","","",1323046.82,1670085.99,"13230471670086"
"2012-21343-27/05/2021","2 Metropolitan","RIDLEYTON","5008","CITY OF CHARLES STURT",2,0,0,0,0,2012,"December","Tuesday","10:45 am","060","Cross Road","Straight road","Level","Not Applicable","Sealed","Dry","Not Raining","Daylight","Right Turn","02","Driver Rider","1: PDO","Traffic Signals","","",1325910.89,1674899.36,"13259111674899"
"2012-21344-27/05/2021","2 Metropolitan","ELIZABETH","5112","CITY OF PLAYFORD.",2,0,0,0,0,2012,"December","Thursday","07:10 am","050","Not Divided","Straight road","Level","Driveway or Entrance","Sealed","Dry","Not Raining","Daylight","Right Angle","01","Driver Rider","1: PDO","No Control","","",1335663.3,1694071.8,"13356631694072"
"2012-21345-27/05/2021","2 Metropolitan","TORRENS PARK","5062","CC MITCHAM.                   ",2,0,0,0,0,2012,"December","Thursday","08:30 am","050","T-Junction","Straight road","Slope","Not Applicable","Sealed","Dry","Not Raining","Daylight","Right Angle","01","Driver Rider","1: PDO","No Control","","",1330072.79,1664566.23,"13300731664566"
"2012-21346-27/05/2021","2 Metropolitan","SEACOMBE GARDENS","5047","CC MARION.                    ",2,0,0,0,0,2012,"December","Thursday","12:30 pm","060","Not Divided","Straight road","Level","Not Applicable","Sealed","Dry","Not Raining","Daylight","Rear End","01","Driver Rider","1: PDO","No Control","","",,,
"2012-21347-27/05/2021","1 City","ADELAIDE","5000","CITY OF ADELAIDE",2,0,0,0,0,2012,"December","Wednesday","10:30 am","050","Not Divided","Straight road","Level","Not Applicable","Sealed","Dry","Not Raining","Daylight","Rear End","01","Driver Rider","1: PDO","No Control","","",1327921.53,1670641.99,"13279221670642"
"2012-21348-27/05/2021","2 Metropolitan","GLENUNGA","5064","CITY OF BURNSIDE",2,0,0,0,0,2012,"December","Thursday","08:15 am","050","Not Divided","Straight road","Level","Driveway or Entrance","Sealed","Dry","Not Raining","Daylight","Right Angle","02","Driver Rider","1: PDO","No Control","","",1332188.27,1667843.4,"13321881667843"
"2012-21349-27/05/2021","2 Metropolitan","WINGFIELD","5013","CITY OF PORT ADELAIDE ENFIELD",2,1,0,0,1,2012,"December","Thursday","01:30 pm","060","T-Junction","Straight road","Level","Not Applicable","Sealed","Dry","Not Raining","Daylight","Rear End","01","Driver Rider","2: MI","No Control","","",1324294.68,1680542.87,"13242951680543"
"2012-21350-27/05/2021","2 Metropolitan","CLOVELLY PARK","5042","CC MARION.                    ",3,0,0,0,0,2012,"December","Thursday","02:45 pm","050","Cross Road","Straight road","Level","Not Applicable","Sealed","Dry","Not Raining","Daylight","Right Angle","01","Driver Rider","1: PDO","Give Way Sign","","",1325859.32,1663135.49,"13258591663135"
"2012-21351-27/05/2021","2 Metropolitan","MEDINDIE","5081","WALKERVILLE TOWN COUNCIL",2,0,0,0,0,2012,"December","Thursday","09:15 am","060","Cross Road","Straight road","Level","Not Applicable","Sealed","Dry","Not Raining","Daylight","Rear End","01","Driver Rider","1: PDO","Traffic Signals","","",1328342.94,1673681.81,"13283431673682"
"2012-21352-27/05/2021","2 Metropolitan","KILKENNY","5009","CITY OF CHARLES STURT",2,0,0,0,0,2012,"December","Thursday","01:30 pm","060","Divided Road","Straight road","Level","Not Applicable","Sealed","Dry","Not Raining","Daylight","Rear End","02","Driver Rider","1: PDO","No Control","","",,,
"2012-21353-27/05/2021","2 Metropolitan","SALISBURY","5108","CITY OF SALISBURY",2,0,0,0,0,2012,"December","Thursday","02:50 pm","060","T-Junction","Straight road","Level","Not Applicable","Sealed","Dry","Not Raining","Daylight","Right Turn","02","Driver Rider","1: PDO","Traffic Signals","","",1333049.35,1688482.22,"13330491688482"
"2012-21354-27/05/2021","2 Metropolitan","FULHAM","5024","CITY OF WEST TORRENS",2,0,0,0,0,2012,"December","Wednesday","02:27 pm","060","Cross Road","Straight road","Level","Not Applicable","Sealed","Dry","Not Raining","Daylight","Rear End","02","Driver Rider","1: PDO","Traffic Signals","","",1320981.07,1670844.76,"13209811670845"
"2012-21355-27/05/2021","2 Metropolitan","MALVERN","5061","CITY OF UNLEY",2,0,0,0,0,2012,"December","Thursday","03:20 pm","060","T-Junction","Straight road","Level","Not Applicable","Sealed","Dry","Not Raining","Daylight","Right Angle","02","Driver Rider","1: PDO","Stop Sign","","",1329116.17,1667105.51,"13291161667106"
"2012-21356-27/05/2021","2 Metropolitan","STURT","5047","CC MARION.                    ",3,2,0,0,2,2012,"December","Thursday","03:40 pm","060","Divided Road","Straight road","Level","Not Applicable","Sealed","Dry","Not Raining","Daylight","Rear End","01","Driver Rider","2: MI","No Control","","",1324212.64,1660670.3,"13242131660670"
"2012-21357-27/05/2021","2 Metropolitan","NOARLUNGA CENTRE","5168","CITY OF ONKAPARINGA",2,0,0,0,0,2012,"December","Thursday","04:30 pm","060","Divided Road","Straight road","Level","Driveway or Entrance","Sealed","Dry","Not Raining","Daylight","Side Swipe","02","Driver Rider","1: PDO","No Control","","",1317369.35,1647146.61,"13173691647147"
"2012-21358-27/05/2021","2 Metropolitan","ALDINGA BEACH","5173","CITY OF ONKAPARINGA",2,0,0,0,0,2012,"December","Wednesday","02:00 am","060","Not Divided","Straight road","Level","Not Applicable","Sealed","Unknown","Not Raining","Night","Hit Animal","02","Animal","1: PDO","No Control","","",,,
"2012-21359-27/05/2021","2 Metropolitan","STURT","5047","CC MARION.                    ",3,1,0,0,1,2012,"December","Thursday","03:45 pm","060","Divided Road","Straight road","Level","Not Applicable","Sealed","Dry","Not Raining","Daylight","Rear End","01","Driver Rider","2: MI","No Control","","",,,
"2012-21360-27/05/2021","2 Metropolitan","HACKNEY","5069","CC OF NORWOOD,PAYNEHAM & ST PETERS",2,1,0,0,1,2012,"December","Thursday","03:10 pm","060","Divided Road","Straight road","Level","Not Applicable","Sealed","Dry","Not Raining","Daylight","Rear End","01","Driver Rider","2: MI","No Control","","",,,