"REPORT_ID","Stats Area","Suburb","Postcode","LGA Name","Total Units","Total Cas","Total Fats","Total SI","Total MI","Year","Month","Day","Time","Area Speed","Position Type","Horizontal Align","Vertical Align","Other Feat","Road Surface","Moisture Cond","Weather Cond","DayNight","Crash Type","Unit Resp","Entity Code","CSEF Severity","Traffic Ctrls","DUI Involved","Drugs Involved","ACCLOC_X","ACCLOC_Y","UNIQUE_LOC"
"2012-22503-27/05/2021","3 Country","MURRAY BRIDGE NORTH","5253","RC MURRAY BRIDGE.             ",1,0,0,0,0,2012,"December","Tuesday","01:15 pm","100","Not Divided","Straight road","Level","Not Applicable","Sealed","Dry","Not Raining","Daylight","Roll Over","01","Driver Rider","1: PDO","No Control","Y","",1388577.72,1652637.34,"13885781652637"
"2012-22504-27/05/2021","2 Metropolitan","ELIZABETH EAST","5112","CITY OF PLAYFORD.",2,0,0,0,0,2012,"December","Tuesday","03:00 pm","050","Not Divided","Straight road","Level","Not Applicable","Sealed","Dry","Not Raining","Daylight","Hit Parked Vehicle","01","Driver Rider","1: PDO","No Control","","",1337049,1692327.97,"13370491692328"
"2012-22505-27/05/2021","2 Metropolitan","HUNTFIELD HEIGHTS","5163","CITY OF ONKAPARINGA",2,1,0,0,1,2012,"December","Monday","04:50 pm","060","T-Junction","Straight road","Crest of Hill","Driveway or Entrance","Sealed","Dry","Not Raining","Daylight","Right Angle","02","Driver Rider","2: MI","No Control","","",1319529.37,1646327.55,"13195291646328"
"2012-22506-27/05/2021","3 Country","WOOMERA","5720","UNINCORP (NORTHERN & WESTERN) ",2,0,0,0,0,2012,"December","Monday","08:00 pm","110","Not Divided","Unknown","Unknown","Not Applicable","Sealed","Dry","Not Raining","Daylight","Hit Animal","02","Animal","1: PDO","No Control","","",,,
"2012-22507-27/05/2021","3 Country","NEW RESIDENCE","5333","LOXTON WAIKERIE DISTRICT COUNCIL",1,1,0,0,1,2012,"December","Tuesday","12:00 pm","110","Not Divided","Straight road","Slope","Not Applicable","Sealed","Dry","Not Raining","Daylight","Roll Over","01","Driver Rider","2: MI","No Control","","",1492290.24,1728397.48,"14922901728397"
"2012-22508-27/05/2021","2 Metropolitan","WARRADALE","5046","CC MARION.                    ",1,1,0,0,1,2012,"December","Wednesday","01:55 pm","060","T-Junction","Straight road","Level","Not Applicable","Sealed","Dry","Not Raining","Daylight","Roll Over","01","Driver Rider","2: MI","No Control","","",1322118.35,1662617.72,"13221181662618"
"2012-22509-27/05/2021","2 Metropolitan","GLEN OSMOND","5064","CITY OF BURNSIDE",3,0,0,0,0,2012,"December","Tuesday","11:00 am","060","Not Divided","Straight road","Slope","Not Applicable","Sealed","Dry","Not Raining","Daylight","Rear End","02","Driver Rider","1: PDO","No Control","","",,,
"2012-22510-27/05/2021","2 Metropolitan","WEST BEACH","5024","CITY OF WEST TORRENS",2,0,0,0,0,2012,"December","Monday","08:00 pm","050","T-Junction","CURVED, VIEW OPEN","Level","Not Applicable","Sealed","Dry","Not Raining","Daylight","Hit Fixed Object","01","Driver Rider","1: PDO","No Control","","",1320594.52,1668981.02,"13205951668981"
"2012-22511-27/05/2021","2 Metropolitan","BURTON","5110","CITY OF SALISBURY",3,1,0,0,1,2012,"December","Tuesday","03:15 pm","050","Not Divided","CURVED, VIEW OPEN","Level","Not Applicable","Sealed","Dry","Not Raining","Daylight","Hit Fixed Object","01","Driver Rider","2: MI","No Control","","",1328884.17,1690588.74,"13288841690589"
"2012-22512-27/05/2021","2 Metropolitan","NORTH PLYMPTON","5037","CITY OF WEST TORRENS",2,0,0,0,0,2012,"December","Tuesday","12:08 pm","050","Not Divided","Straight road","Level","Not Applicable","Sealed","Dry","Not Raining","Daylight","Other","09","Other","1: PDO","No Control","","",1324704.69,1668235.4,"13247051668235"
"2012-22513-27/05/2021","2 Metropolitan","SOMERTON PARK","5044","CITY OF HOLDFAST BAY",2,0,0,0,0,2012,"December","Monday","09:00 pm","060","T-Junction","Straight road","Level","Not Applicable","Sealed","Dry","Not Raining","Night","Hit Object on Road","01","Driver Rider","1: PDO","No Control","","",1321093.1,1662446.43,"13210931662446"
"2012-22514-27/05/2021","2 Metropolitan","SEACLIFF PARK","5049","CITY OF HOLDFAST BAY",2,0,0,0,0,2012,"December","Tuesday","02:30 pm","060","Cross Road","Straight road","Level","Not Applicable","Sealed","Dry","Not Raining","Daylight","Hit Fixed Object","01","Driver Rider","1: PDO","Give Way Sign","","",1321197.69,1658904.98,"13211981658905"
"2012-22515-27/05/2021","2 Metropolitan","GLYNDE","5070","CC OF NORWOOD,PAYNEHAM & ST PETERS",3,0,0,0,0,2012,"December","Tuesday","04:15 pm","060","Cross Road","Straight road","Level","Not Applicable","Sealed","Dry","Not Raining","Daylight","Hit Fixed Object","02","Driver Rider","1: PDO","Traffic Signals","Y","",1333785.54,1674516.59,"13337861674517"
"2012-22516-27/05/2021","2 Metropolitan","GLEN OSMOND","5064","CITY OF BURNSIDE",2,2,0,0,2,2012,"December","Tuesday","12:15 pm","060","Cross Road","Straight road","Level","Not Applicable","Sealed","Dry","Not Raining","Daylight","Rear End","02","Driver Rider","2: MI","Stop Sign","","",1332378.97,1667018.57,"13323791667019"
"2012-22517-27/05/2021","1 City","NORTH ADELAIDE","5006","CITY OF ADELAIDE",2,0,0,0,0,2012,"December","Tuesday","06:15 pm","050","Not Divided","Straight road","Level","Not Applicable","Sealed","Dry","Not Raining","Daylight","Side Swipe","02","Driver Rider","1: PDO","No Control","","",1327904.02,1672328.18,"13279041672328"
"2012-22518-27/05/2021","3 Country","MIDDLE BEACH","5501","DC MALLALA.                   ",1,1,0,0,1,2012,"December","Tuesday","07:40 pm","100","Not Divided","Straight road","Level","Not Applicable","Unsealed","Dry","Not Raining","Daylight","Roll Over","01","Driver Rider","2: MI","No Control","","",1316251.73,1708809.3,"13162521708809"
"2012-22519-27/05/2021","2 Metropolitan","OTTOWAY","5013","CITY OF PORT ADELAIDE ENFIELD",2,1,0,0,1,2012,"December","Tuesday","06:00 pm","060","T-Junction","Straight road","Level","Not Applicable","Sealed","Dry","Not Raining","Daylight","Right Angle","01","Driver Rider","2: MI","Give Way Sign","","",1322601.56,1679131.07,"13226021679131"
"2012-22520-27/05/2021","3 Country","LYNDOCH","5351","THE BAROSSA COUNCIL.",2,0,0,0,0,2012,"December","Tuesday","06:50 pm","050","Cross Road","Straight road","Level","Not Applicable","Sealed","Dry","Not Raining","Daylight","Right Angle","02","Driver Rider","1: PDO","Stop Sign","","",1356337.54,1705661.7,"13563381705662"
"2012-22521-27/05/2021","2 Metropolitan","MOANA","5169","CITY OF ONKAPARINGA",3,0,0,0,0,2012,"December","Tuesday","03:20 pm","050","Not Divided","Straight road","Level","Not Applicable","Sealed","Dry","Not Raining","Daylight","Hit Fixed Object","01","Driver Rider","1: PDO","No Control","","",1315984.56,1640891.49,"13159851640891"
"2012-22522-27/05/2021","2 Metropolitan","GAWLER","5118","CT GAWLER.                    ",2,0,0,0,0,2012,"December","Tuesday","06:15 pm","050","T-Junction","Straight road","Slope","Not Applicable","Sealed","Dry","Not Raining","Daylight","Hit Fixed Object","01","Driver Rider","1: PDO","No Control","Y","",1343363.68,1705741.3,"13433641705741"
"2012-22523-27/05/2021","3 Country","MILLICENT","5280","WATTLE RANGE COUNCIL",1,1,1,0,0,2012,"December","Tuesday","12:30 pm","100","Not Divided","Straight road","Level","Not Applicable","Unsealed","Dry","Not Raining","Daylight","Left Road - Out of Control","01","Driver Rider","4: Fatal","No Control","","",1472347.51,1366645.58,"14723481366646"
"2012-22524-27/05/2021","3 Country","SHEA-OAK LOG","5371","LIGHT REGIONAL COUNCIL",2,0,0,0,0,2012,"December","Tuesday","10:45 pm","090","Not Divided","Straight road","Level","Not Applicable","Sealed","Dry","Not Raining","Night","Hit Animal","02","Animal","1: PDO","No Control","","",1354917.86,1714301.92,"13549181714302"
"2012-22525-27/05/2021","2 Metropolitan","SUMMERTOWN","5141","THE ADELAIDE HILLS COUNCIL",1,1,0,0,1,2012,"December","Wednesday","05:50 am","050","Not Divided","Straight road","Slope","Unknown","Sealed","Dry","Not Raining","Night","Roll Over","01","Driver Rider","2: MI","No Control","","",1340561.39,1666507.95,"13405611666508"
"2012-22526-27/05/2021","2 Metropolitan","SALISBURY PLAIN","5109","CITY OF SALISBURY",2,0,0,0,0,2012,"December","Tuesday","07:05 pm","060","Cross Road","Straight road","Level","Not Applicable","Sealed","Dry","Not Raining","Daylight","Rear End","02","Driver Rider","1: PDO","Traffic Signals","","",1334718.19,1687196.61,"13347181687197"
"2012-22527-27/05/2021","2 Metropolitan","THORNGATE","5082","CITY OF PROSPECT",2,0,0,0,0,2012,"December","Wednesday","09:45 am","050","Cross Road","Straight road","Level","Not Applicable","Sealed","Dry","Not Raining","Daylight","Rear End","01","Driver Rider","1: PDO","Traffic Signals","","",1328116.38,1673663.9,"13281161673664"
"2012-22528-27/05/2021","3 Country","MARREE","5733",,2,0,0,0,0,2012,"December","Tuesday","05:30 pm","100","Not Divided","Straight road","Level","Unknown","Unsealed","Dry","Not Raining","Daylight","Hit Fixed Object","01","Driver Rider","1: PDO","No Control","","",1276283.14,2257500.2,"12762832257500"
"2012-22529-27/05/2021","3 Country","PENOLA","5277","WATTLE RANGE COUNCIL",2,0,0,0,0,2012,"December","Tuesday","11:30 pm","110","Not Divided","Straight road","Level","Not Applicable","Sealed","Dry","Not Raining","Night","Hit Animal","02","Animal","1: PDO","No Control","","",,,
"2012-22530-27/05/2021","2 Metropolitan","DAVOREN PARK","5113","CITY OF PLAYFORD.",2,0,0,0,0,2012,"December","Tuesday","01:05 pm","060","T-Junction","Straight road","Level","Not Applicable","Sealed","Dry","Not Raining","Daylight","Rear End","02","Driver Rider","1: PDO","Give Way Sign","","",1335424.86,1695902.83,"13354251695903"
"2012-22531-27/05/2021","2 Metropolitan","PARKSIDE","5063","CITY OF UNLEY",2,0,0,0,0,2012,"December","Monday","05:00 pm","060","T-Junction","Straight road","Level","Not Applicable","Sealed","Dry","Not Raining","Daylight","Right Turn","01","Driver Rider","1: PDO","Stop Sign","","",1330711.04,1668135.2,"13307111668135"
"2012-22532-27/05/2021","2 Metropolitan","WOODVILLE SOUTH","5011","CITY OF CHARLES STURT",2,0,0,0,0,2012,"December","Tuesday","06:00 pm","050","Not Divided","Straight road","Level","Driveway or Entrance","Sealed","Dry","Not Raining","Daylight","Hit Parked Vehicle","01","Driver Rider","1: PDO","No Control","","",1323159.24,1674890.65,"13231591674891"
"2012-22533-27/05/2021","2 Metropolitan","DRY CREEK","5094","CITY OF PORT ADELAIDE ENFIELD",2,0,0,0,0,2012,"December","Wednesday","11:00 am","060","Divided Road","Straight road","Level","Not Applicable","Sealed","Dry","Not Raining","Daylight","Hit Fixed Object","01","Driver Rider","1: PDO","No Control","","",1328178.86,1680990.67,"13281791680991"
"2012-22534-27/05/2021","2 Metropolitan","WATTLE PARK","5066","CITY OF BURNSIDE",2,0,0,0,0,2012,"December","Tuesday","10:45 pm","050","Not Divided","Straight road","Slope","Unknown","Sealed","Dry","Not Raining","Night","Hit Parked Vehicle","02","Driver Rider","1: PDO","No Control","","",1335523.01,1670299.59,"13355231670300"
"2012-22535-27/05/2021","2 Metropolitan","MAYLANDS","5069","CC OF NORWOOD,PAYNEHAM & ST PETERS",2,0,0,0,0,2012,"December","Tuesday","12:00 pm","050","Not Divided","Straight road","Level","Not Applicable","Sealed","Dry","Not Raining","Daylight","Hit Parked Vehicle","02","Driver Rider","1: PDO","No Control","","",1331883.67,1672483.66,"13318841672484"
"2012-22536-27/05/2021","2 Metropolitan","EVANSTON","5116","CT GAWLER.                    ",2,0,0,0,0,2012,"December","Wednesday","01:30 pm","110","Divided Road","Straight road","Level","Bridge, Culvert, Causeway","Sealed","Dry","Not Raining","Daylight","Hit Fixed Object","01","Driver Rider","1: PDO","No Control","","",1341587.5,1702995.27,"13415881702995"
"2012-22537-27/05/2021","2 Metropolitan","WALKERVILLE","5081","WALKERVILLE TOWN COUNCIL",2,0,0,0,0,2012,"December","Monday","05:30 pm","060","Cross Road","Straight road","Level","Not Applicable","Sealed","Dry","Not Raining","Daylight","Rear End","02","Driver Rider","1: PDO","Traffic Signals","","",1329744.94,1674563.85,"13297451674564"
"2012-22538-27/05/2021","2 Metropolitan","EASTWOOD","5063","CITY OF BURNSIDE",2,1,0,0,1,2012,"December","Tuesday","08:30 pm","060","T-Junction","Straight road","Level","Not Applicable","Sealed","Dry","Not Raining","Daylight","Right Angle","02","Driver Rider","2: MI","Stop Sign","","",1330689.65,1668712.67,"13306901668713"
"2012-22539-27/05/2021","2 Metropolitan","DOVER GARDENS","5048","CC MARION.                    ",2,0,0,0,0,2012,"December","Tuesday","12:00 pm","060","T-Junction","Straight road","Slope","Not Applicable","Sealed","Dry","Not Raining","Daylight","Rear End","02","Driver Rider","1: PDO","Give Way Sign","","",1322801.64,1659836.44,"13228021659836"
"2012-22540-27/05/2021","1 City","NORTH ADELAIDE","5006","CITY OF ADELAIDE",2,0,0,0,0,2012,"December","Wednesday","02:25 pm","050","Cross Road","CURVED, VIEW OPEN","Level","Not Applicable","Sealed","Dry","Not Raining","Daylight","Side Swipe","02","Driver Rider","1: PDO","Traffic Signals","","",1328075.32,1673324.19,"13280751673324"
"2012-22541-27/05/2021","2 Metropolitan","GLENELG EAST","5045","CITY OF HOLDFAST BAY",2,0,0,0,0,2012,"December","Wednesday","03:05 pm","060","Divided Road","Straight road","Level","Not Applicable","Sealed","Dry","Not Raining","Daylight","Right Turn","01","Driver Rider","1: PDO","No Control","","",1321022.99,1664766.47,"13210231664766"
"2012-22542-27/05/2021","3 Country","WINKIE","5343","THE BERRI BARMERA COUNCIL",2,1,0,0,1,2012,"December","Wednesday","01:00 am","100","Not Divided","CURVED, VIEW OBSCURED","Crest of Hill","Unknown","Sealed","Dry","Not Raining","Night","Hit Fixed Object","01","Driver Rider","2: MI","No Control","","",1505885.34,1732400.93,"15058851732401"
"2012-22543-27/05/2021","2 Metropolitan","PLYMPTON PARK","5038","CC MARION.                    ",3,1,0,0,1,2012,"December","Tuesday","03:15 pm","060","Divided Road","Straight road","Level","Not Applicable","Sealed","Dry","Not Raining","Daylight","Rear End","02","Driver Rider","2: MI","No Control","","",1324078.53,1666101.29,"13240791666101"
"2012-22544-27/05/2021","2 Metropolitan","MOUNT OSMOND","5064","CITY OF BURNSIDE",2,1,0,0,1,2012,"December","Wednesday","03:20 pm","050","Not Divided","CURVED, VIEW OBSCURED","Slope","Not Applicable","Sealed","Dry","Not Raining","Daylight","Head On","02","Driver Rider","2: MI","No Control","","",1334203.26,1667028.4,"13342031667028"
"2012-22545-27/05/2021","2 Metropolitan","STEPNEY","5069","CC OF NORWOOD,PAYNEHAM & ST PETERS",2,0,0,0,0,2012,"December","Wednesday","02:50 pm","060","Cross Road","Straight road","Level","Not Applicable","Sealed","Dry","Not Raining","Daylight","Right Turn","02","Driver Rider","1: PDO","Traffic Signals","","",1331106.72,1672391.45,"13311071672391"
"2012-22546-27/05/2021","2 Metropolitan","LINDEN PARK","5065","CITY OF BURNSIDE",2,0,0,0,0,2012,"December","Tuesday","11:15 am","060","Cross Road","Straight road","Level","Not Applicable","Sealed","Dry","Not Raining","Daylight","Rear End","01","Driver Rider","1: PDO","No Control","","",1332341.91,1668370.29,"13323421668370"
"2012-22547-27/05/2021","2 Metropolitan","GLENELG NORTH","5045","CITY OF HOLDFAST BAY",2,0,0,0,0,2012,"December","Wednesday","04:10 pm","050","Not Divided","Straight road","Level","Not Applicable","Sealed","Dry","Not Raining","Daylight","Hit Parked Vehicle","02","Driver Rider","1: PDO","No Control","","",,,
"2012-22548-27/05/2021","2 Metropolitan","PROSPECT","5082","CITY OF PROSPECT",2,0,0,0,0,2012,"December","Wednesday","12:45 pm","060","Cross Road","Straight road","Level","Not Applicable","Sealed","Dry","Not Raining","Daylight","Rear End","02","Driver Rider","1: PDO","Traffic Signals","","",1328862.6,1676432.75,"13288631676433"
"2012-22549-27/05/2021","3 Country","NARACOORTE","5271","DC NARACOORTE & LUCINDALE.",2,0,0,0,0,2012,"December","Friday","10:40 am","050","Not Divided","Straight road","Level","Not Applicable","Sealed","Dry","Not Raining","Daylight","Hit Parked Vehicle","01","Driver Rider","1: PDO","No Control","","",1511899.64,1435378.79,"15119001435379"
"2012-22550-27/05/2021","1 City","NORTH ADELAIDE","5006","CITY OF ADELAIDE",2,1,0,0,1,2012,"December","Wednesday","01:30 pm","050","Cross Road","Straight road","Level","Not Applicable","Sealed","Dry","Not Raining","Daylight","Rear End","02","Driver Rider","2: MI","Traffic Signals","","",1328428.41,1671809.75,"13284281671810"
"2012-22551-27/05/2021","3 Country","ANGASTON","5353","THE BAROSSA COUNCIL.",2,0,0,0,0,2012,"December","Wednesday","03:40 pm","050","Not Divided","Straight road","Level","Driveway or Entrance","Sealed","Dry","Not Raining","Daylight","Side Swipe","01","Driver Rider","1: PDO","No Control","","",,,
"2012-22552-27/05/2021","2 Metropolitan","ST MARYS","5042","CC MITCHAM.                   ",2,0,0,0,0,2012,"December","Wednesday","05:45 pm","060","Cross Road","Straight road","Level","Not Applicable","Sealed","Dry","Not Raining","Daylight","Rear End","02","Driver Rider","1: PDO","Traffic Signals","","",1325962.44,1663322.78,"13259621663323"
"2012-22553-27/05/2021","2 Metropolitan","WARD BELT","5118","LIGHT REGIONAL COUNCIL",2,0,0,0,0,2012,"December","Wednesday","04:30 pm","100","Not Divided","Straight road","Level","Not Applicable","Unsealed","Dry","Not Raining","Daylight","Roll Over","01","Driver Rider","1: PDO","No Control","","",1334322.83,1708361.44,"13343231708361"
"2012-22554-27/05/2021","2 Metropolitan","UNDERDALE","5032","CITY OF WEST TORRENS",2,1,0,0,1,2012,"December","Friday","11:52 am","060","T-Junction","Straight road","Level","Not Applicable","Sealed","Dry","Not Raining","Daylight","Rear End","01","Driver Rider","2: MI","No Control","","",1323836.68,1671456.66,"13238371671457"
"2012-22555-27/05/2021","2 Metropolitan","SALISBURY","5108","CITY OF SALISBURY",2,0,0,0,0,2012,"December","Wednesday","06:00 pm","060","Cross Road","Straight road","Level","Not Applicable","Sealed","Dry","Not Raining","Daylight","Rear End","02","Driver Rider","1: PDO","Traffic Signals","","",1333389.6,1688248.34,"13333901688248"
"2012-22556-27/05/2021","3 Country","THE PINES","5575","YORKE PENINSULA COUNCIL",1,1,0,0,1,2012,"December","Wednesday","06:35 pm","030","Not Divided","Straight road","Level","Not Applicable","Unsealed","Dry","Not Raining","Daylight","Roll Over","01","Driver Rider","2: MI","No Control","","",1198146.88,1675523.66,"11981471675524"
"2012-22557-27/05/2021","2 Metropolitan","CUMBERLAND PARK","5041","CC MITCHAM.                   ",2,1,0,0,1,2012,"December","Wednesday","03:55 pm","050","Not Divided","Straight road","Level","Not Applicable","Sealed","Dry","Not Raining","Daylight","Hit Parked Vehicle","01","Driver Rider","2: MI","No Control","","",1326779.07,1665115.55,"13267791665116"
"2012-22558-27/05/2021","2 Metropolitan","SALISBURY EAST","5109","CITY OF SALISBURY",2,0,0,0,0,2012,"December","Wednesday","09:40 pm","060","Not Divided","Straight road","Crest of Hill","Not Applicable","Sealed","Dry","Not Raining","Night","Hit Fixed Object","01","Passenger","1: PDO","No Control","","",1334614.37,1685202.52,"13346141685203"
"2012-22559-27/05/2021","2 Metropolitan","YATTALUNGA","5114","CITY OF PLAYFORD.",2,1,0,0,1,2012,"December","Thursday","02:55 am","100","Not Divided","CURVED, VIEW OPEN","Bottom of Hill","Not Applicable","Sealed","Dry","Not Raining","Night","Hit Fixed Object","01","Driver Rider","2: MI","No Control","Y","",1345099.46,1698095.11,"13450991698095"
"2012-22560-27/05/2021","2 Metropolitan","GLENSIDE","5065","CITY OF BURNSIDE",2,1,0,1,0,2012,"December","Thursday","01:07 am","060","Cross Road","Straight road","Level","Not Applicable","Sealed","Dry","Not Raining","Night","Right Turn","02","Driver Rider","3: SI","Traffic Signals","","",1330685.56,1669012.41,"13306861669012"
"2012-22561-27/05/2021","3 Country","WALLAROO","5556","COPPER COAST DISTRICT COUNCIL",2,1,0,0,1,2012,"December","Thursday","07:55 am","050","Cross Road","Straight road","Level","Not Applicable","Sealed","Dry","Not Raining","Daylight","Right Angle","02","Driver Rider","2: MI","Stop Sign","","",1242532.44,1783262.74,"12425321783263"
"2012-22562-27/05/2021","2 Metropolitan","ALDINGA BEACH","5173","CITY OF ONKAPARINGA",2,0,0,0,0,2012,"December","Thursday","08:00 am","050","Not Divided","Straight road","Level","Not Applicable","Sealed","Dry","Not Raining","Daylight","Hit Fixed Object","01","Driver Rider","1: PDO","No Control","","",,,
"2012-22563-27/05/2021","3 Country","KAPUNDA","5373","LIGHT REGIONAL COUNCIL",2,0,0,0,0,2012,"December","Monday","05:00 pm","060","T-Junction","Straight road","Level","Driveway or Entrance","Sealed","Dry","Not Raining","Daylight","Side Swipe","02","Driver Rider","1: PDO","No Control","","",1358766.77,1733098.35,"13587671733098"
"2012-22564-27/05/2021","3 Country","PADTHAWAY","5271","DC TATIARA.                   ",2,0,0,0,0,2012,"December","Wednesday","11:05 pm","110","Not Divided","Straight road","Level","Not Applicable","Sealed","Dry","Not Raining","Night","Hit Animal","02","Animal","1: PDO","No Control","","",1497470.62,1469187.36,"14974711469187"
"2012-22565-27/05/2021","3 Country","RENMARK","5341","DC RENMARK PARINGA            ",2,1,0,0,1,2012,"December","Wednesday","10:18 pm","050","Not Divided","Straight road","Level","Not Applicable","Sealed","Dry","Not Raining","Night","Hit Fixed Object","01","Driver Rider","2: MI","No Control","Y","",1529359.1,1744983.88,"15293591744984"
"2012-22566-27/05/2021","3 Country","WALLAROO MINES","5554","COPPER COAST DISTRICT COUNCIL",2,0,0,0,0,2012,"December","Wednesday","04:40 pm","060","Not Divided","Straight road","Level","Driveway or Entrance","Sealed","Dry","Not Raining","Daylight","Side Swipe","02","Driver Rider","1: PDO","No Control","","",1249174.35,1779910.94,"12491741779911"
"2012-22567-27/05/2021","2 Metropolitan","GLENELG NORTH","5045","CITY OF WEST TORRENS",1,0,0,0,0,2012,"December","Monday","09:30 am","060","Cross Road","Straight road","Level","Not Applicable","Sealed","Dry","Not Raining","Daylight","Left Road - Out of Control","01","Driver Rider","1: PDO","Traffic Signals","","",,,
"2012-22568-27/05/2021","1 City","ADELAIDE","5000","CITY OF ADELAIDE",2,0,0,0,0,2012,"December","Wednesday","11:30 am","050","Divided Road","Straight road","Level","Not Applicable","Sealed","Dry","Not Raining","Daylight","Side Swipe","01","Driver Rider","1: PDO","No Control","","",,,
"2012-22569-27/05/2021","3 Country","IRON KNOB","5601","UNINCORP (NORTHERN & WESTERN) ",2,0,0,0,0,2012,"December","Saturday","11:30 pm","110","Not Divided","Straight road","Level","Unknown","Sealed","Dry","Not Raining","Night","Hit Animal","02","Animal","1: PDO","No Control","","",,,
"2012-22570-27/05/2021","2 Metropolitan","BLAIR ATHOL","5084","CITY OF PORT ADELAIDE ENFIELD",2,1,0,0,1,2012,"December","Wednesday","08:30 am","040","Cross Road","Straight road","Level","Not Applicable","Sealed","Dry","Not Raining","Daylight","Right Angle","01","Driver Rider","2: MI","Roundabout","","",1328393.49,1678103.56,"13283931678104"
"2012-22571-27/05/2021","2 Metropolitan","O'HALLORAN HILL","5158","CC MARION.                    ",1,1,0,0,1,2012,"December","Wednesday","12:15 pm","025","Other","CURVED, VIEW OPEN","Slope","Roadworks","Sealed","Dry","Not Raining","Daylight","Roll Over","01","Driver Rider","2: MI","No Control","","",1323030.14,1655245.45,"13230301655245"
"2012-22572-27/05/2021","2 Metropolitan","GULFVIEW HEIGHTS","5096","CITY OF SALISBURY",2,0,0,0,0,2012,"December","Thursday","10:15 am","050","T-Junction","Straight road","Level","Not Applicable","Sealed","Dry","Not Raining","Daylight","Right Angle","02","Driver Rider","1: PDO","No Control","","",1334958.64,1684386.79,"13349591684387"
"2012-22573-27/05/2021","3 Country","MURRAY BRIDGE","5253","RC MURRAY BRIDGE.             ",2,0,0,0,0,2012,"December","Thursday","10:35 am","050","Divided Road","Straight road","Level","Driveway or Entrance","Sealed","Dry","Not Raining","Daylight","Right Angle","02","Driver Rider","1: PDO","No Control","","",1388837.38,1646799.83,"13888371646800"
"2012-22574-27/05/2021","3 Country","PENOLA","5277","WATTLE RANGE COUNCIL",2,0,0,0,0,2012,"December","Monday","03:15 pm","110","Not Divided","Straight road","Level","Unknown","Sealed","Dry","Not Raining","Daylight","Hit Fixed Object","09","Other","1: PDO","No Control","","",,,
"2012-22575-27/05/2021","2 Metropolitan","NOARLUNGA DOWNS","5168","CITY OF ONKAPARINGA",3,1,0,1,0,2012,"December","Thursday","09:20 am","070","Divided Road","Straight road","Level","Bridge, Culvert, Causeway","Sealed","Dry","Not Raining","Daylight","Hit Fixed Object","01","Driver Rider","3: SI","No Control","","",1318276.95,1646746.51,"13182771646747"
"2012-22576-27/05/2021","3 Country","KERSBROOK","5231","THE ADELAIDE HILLS COUNCIL",2,0,0,0,0,2012,"December","Wednesday","11:00 am","050","Not Divided","CURVED, VIEW OBSCURED","Slope","Not Applicable","Unsealed","Dry","Not Raining","Daylight","Hit Fixed Object","01","Driver Rider","1: PDO","No Control","","",,,
"2012-22577-27/05/2021","2 Metropolitan","THE RANGE","5172","ALEXANDRINA COUNCIL",3,0,0,0,0,2012,"December","Wednesday","06:30 pm","080","Cross Road","Straight road","Bottom of Hill","Not Applicable","Sealed","Dry","Not Raining","Daylight","Hit Animal","02","Animal","1: PDO","Give Way Sign","","",1329351.85,1635089.49,"13293521635089"
"2012-22578-27/05/2021","2 Metropolitan","LARGS NORTH","5016","CITY OF PORT ADELAIDE ENFIELD",2,0,0,0,0,2012,"December","Thursday","10:45 am","050","Not Divided","Straight road","Level","Not Applicable","Sealed","Dry","Not Raining","Daylight","Side Swipe","02","Driver Rider","1: PDO","No Control","","",1319935.36,1682922.45,"13199351682922"
"2012-22579-27/05/2021","2 Metropolitan","MORPHETT VALE","5162","CITY OF ONKAPARINGA",2,0,0,0,0,2012,"December","Thursday","10:50 am","060","Cross Road","Straight road","Level","Not Applicable","Sealed","Dry","Not Raining","Daylight","Rear End","02","Driver Rider","1: PDO","Traffic Signals","","",1320776.05,1649856.4,"13207761649856"
"2012-22580-27/05/2021","2 Metropolitan","SEATON","5023","CITY OF CHARLES STURT",2,0,0,0,0,2012,"December","Thursday","10:15 am","060","Rail Xing","Straight road","Level","Not Applicable","Sealed","Dry","Not Raining","Daylight","Rear End","02","Driver Rider","1: PDO","Traffic Signals","","",1320752.28,1674693.53,"13207521674694"
"2012-22581-27/05/2021","2 Metropolitan","MOUNT BARKER","5251","DC MT.BARKER.                 ",2,0,0,0,0,2012,"December","Thursday","12:30 pm","080","Cross Road","CURVED, VIEW OPEN","Level","Not Applicable","Sealed","Dry","Not Raining","Daylight","Rear End","02","Driver Rider","1: PDO","Give Way Sign","","",1350992.06,1655081.5,"13509921655082"
"2012-22582-27/05/2021","2 Metropolitan","REDWOOD PARK","5097","CITY OF TEA TREE GULLY",2,0,0,0,0,2012,"December","Wednesday","12:15 pm","060","T-Junction","Straight road","Level","Not Applicable","Sealed","Dry","Not Raining","Daylight","Hit Fixed Object","01","Driver Rider","1: PDO","No Control","","",1339557.47,1683607.57,"13395571683608"
"2012-22583-27/05/2021","2 Metropolitan","HACKHAM WEST","5163","CITY OF ONKAPARINGA",2,0,0,0,0,2012,"December","Saturday","12:30 pm","060","Divided Road","Straight road","Level","Not Applicable","Sealed","Dry","Not Raining","Daylight","Rear End","02","Driver Rider","1: PDO","No Control","","",,,