"REPORT_ID","Stats Area","Suburb","Postcode","LGA Name","Total Units","Total Cas","Total Fats","Total SI","Total MI","Year","Month","Day","Time","Area Speed","Position Type","Horizontal Align","Vertical Align","Other Feat","Road Surface","Moisture Cond","Weather Cond","DayNight","Crash Type","Unit Resp","Entity Code","CSEF Severity","Traffic Ctrls","DUI Involved","Drugs Involved","ACCLOC_X","ACCLOC_Y","UNIQUE_LOC"
"2012-22584-27/05/2021","3 Country","MOSQUITO HILL","5214","ALEXANDRINA COUNCIL",2,0,0,0,0,2012,"December","Wednesday","04:30 pm","100","Not Divided","Straight road","Level","Not Applicable","Sealed","Dry","Not Raining","Daylight","Rear End","01","Driver Rider","1: PDO","No Control","","",1334896.61,1615910.05,"13348971615910"
"2012-22585-27/05/2021","2 Metropolitan","URRBRAE","5064","CC MITCHAM.                   ",2,0,0,0,0,2012,"December","Thursday","10:30 am","060","T-Junction","Straight road","Slope","Not Applicable","Sealed","Dry","Not Raining","Daylight","Right Angle","01","Driver Rider","1: PDO","Stop Sign","","",1331592.03,1666315.48,"13315921666315"
"2012-22586-27/05/2021","2 Metropolitan","HIGHBURY","5089","CITY OF TEA TREE GULLY",3,1,0,0,1,2012,"December","Thursday","07:00 am","050","Not Divided","Straight road","Level","Driveway or Entrance","Sealed","Dry","Not Raining","Daylight","Hit Fixed Object","01","Driver Rider","2: MI","No Control","","",1338420.07,1678875.06,"13384201678875"
"2012-22587-27/05/2021","2 Metropolitan","ELIZABETH WEST","5113","CITY OF PLAYFORD.",2,0,0,0,0,2012,"December","Thursday","12:00 pm","060","Y-Junction","Straight road","Level","Not Applicable","Sealed","Dry","Not Raining","Daylight","Side Swipe","02","Driver Rider","1: PDO","Roundabout","","",1334921.32,1694319.83,"13349211694320"
"2012-22588-27/05/2021","2 Metropolitan","SOUTH PLYMPTON","5038","CC MARION.                    ",2,0,0,0,0,2012,"December","Thursday","09:58 am","060","Cross Road","Straight road","Level","Not Applicable","Sealed","Dry","Not Raining","Daylight","Right Angle","01","Driver Rider","1: PDO","Traffic Signals","Y","",1324291.75,1664735.62,"13242921664736"
"2012-22589-27/05/2021","2 Metropolitan","HOPE VALLEY","5090","CITY OF TEA TREE GULLY",2,0,0,0,0,2012,"December","Thursday","01:35 pm","050","T-Junction","Straight road","Level","Not Applicable","Sealed","Dry","Not Raining","Daylight","Right Angle","01","Driver Rider","1: PDO","No Control","","",1336249,1679751.01,"13362491679751"
"2012-22590-27/05/2021","2 Metropolitan","PLYMPTON","5038","CITY OF WEST TORRENS",2,0,0,0,0,2012,"December","Thursday","11:20 am","060","Divided Road","Straight road","Level","Not Applicable","Sealed","Dry","Not Raining","Daylight","Rear End","02","Driver Rider","1: PDO","No Control","","",1324670.02,1666882.89,"13246701666883"
"2012-22591-27/05/2021","3 Country","WIRREGA","5267","DC TATIARA.                   ",2,0,0,0,0,2012,"December","Thursday","04:40 am","110","Not Divided","CURVED, VIEW OPEN","Level","Not Applicable","Sealed","Dry","Not Raining","Night","Hit Fixed Object","01","Driver Rider","1: PDO","No Control","","",1500632.58,1522026.08,"15006331522026"
"2012-22592-27/05/2021","3 Country","PORT LINCOLN","5606","CC PT.LINCOLN.                ",2,0,0,0,0,2012,"December","Thursday","02:00 pm","050","T-Junction","Straight road","Slope","Not Applicable","Sealed","Dry","Not Raining","Daylight","Right Turn","01","Driver Rider","1: PDO","No Control","","",1078928,1697875.43,"10789281697875"
"2012-22593-27/05/2021","2 Metropolitan","STURT","5047","CC MARION.                    ",2,0,0,0,0,2012,"December","Thursday","02:30 pm","060","Divided Road","Straight road","Level","Not Applicable","Sealed","Dry","Not Raining","Daylight","Rear End","01","Driver Rider","1: PDO","No Control","","",,,
"2012-22594-27/05/2021","2 Metropolitan","MUNNO PARA","5115","CITY OF PLAYFORD.",2,1,0,0,1,2012,"December","Thursday","02:15 pm","080","Divided Road","Straight road","Level","Not Applicable","Sealed","Dry","Not Raining","Daylight","Side Swipe","02","Driver Rider","2: MI","No Control","","",,,
"2012-22595-27/05/2021","2 Metropolitan","FLINDERS PARK","5025","CITY OF CHARLES STURT",2,1,0,0,1,2012,"December","Thursday","02:30 pm","050","T-Junction","Straight road","Level","Not Applicable","Sealed","Dry","Not Raining","Daylight","Right Turn","02","Driver Rider","2: MI","Traffic Signals","","",1322779.1,1672802.81,"13227791672803"
"2012-22596-27/05/2021","2 Metropolitan","POORAKA","5095","CITY OF SALISBURY",2,0,0,0,0,2012,"December","Thursday","01:30 pm","070","Cross Road","Straight road","Level","Not Applicable","Sealed","Dry","Not Raining","Daylight","Rear End","01","Driver Rider","1: PDO","Traffic Signals","","",1330465.1,1681818.42,"13304651681818"
"2012-22597-27/05/2021","2 Metropolitan","GLENELG","5045","CITY OF HOLDFAST BAY",2,0,0,0,0,2012,"December","Thursday","12:00 pm","050","Not Divided","Straight road","Level","Not Applicable","Sealed","Dry","Not Raining","Daylight","Hit Parked Vehicle","02","Driver Rider","1: PDO","No Control","","",1320484.95,1664984.96,"13204851664985"
"2012-22598-27/05/2021","2 Metropolitan","KILKENNY","5009","CITY OF CHARLES STURT",2,1,0,0,1,2012,"December","Thursday","02:16 pm","050","Not Divided","Straight road","Level","Driveway or Entrance","Sealed","Dry","Not Raining","Daylight","Right Turn","01","Driver Rider","2: MI","No Control","","",1324317.98,1676540.3,"13243181676540"
"2012-22599-27/05/2021","3 Country","BORDERTOWN","5268","DC TATIARA.                   ",2,0,0,0,0,2012,"December","Thursday","09:20 am","100","Not Divided","Straight road","Bottom of Hill","Not Applicable","Sealed","Dry","Not Raining","Daylight","Hit Fixed Object","01","Driver Rider","1: PDO","No Control","","",1522748.44,1507615.28,"15227481507615"
"2012-22600-27/05/2021","2 Metropolitan","OUTER HARBOR","5018","CITY OF PORT ADELAIDE ENFIELD",2,0,0,0,0,2012,"December","Thursday","02:30 pm","060","Divided Road","Straight road","Level","Not Applicable","Sealed","Dry","Not Raining","Daylight","Side Swipe","02","Driver Rider","1: PDO","No Control","","",,,
"2012-22601-27/05/2021","2 Metropolitan","ENFIELD","5085","CITY OF PORT ADELAIDE ENFIELD",2,1,0,0,1,2012,"December","Thursday","03:00 pm","060","Divided Road","Straight road","Level","Unknown","Sealed","Dry","Not Raining","Daylight","Rear End","02","Driver Rider","2: MI","No Control","","",1328834.39,1678091.39,"13288341678091"
"2012-22602-27/05/2021","3 Country","HINDMARSH TIERS","5202","DC VICTOR HARBOR.             ",2,0,0,0,0,2012,"December","Tuesday","09:05 pm","100","Not Divided","Straight road","Level","Not Applicable","Sealed","Dry","Not Raining","Night","Hit Animal","02","Animal","1: PDO","No Control","","",,,
"2012-22603-27/05/2021","2 Metropolitan","MODBURY","5092","CITY OF TEA TREE GULLY",2,0,0,0,0,2012,"December","Thursday","12:13 pm","060","T-Junction","Straight road","Level","Not Applicable","Sealed","Dry","Not Raining","Daylight","Right Turn","02","Driver Rider","1: PDO","Traffic Signals","","",1337309.47,1681192.91,"13373091681193"
"2012-22604-27/05/2021","2 Metropolitan","RICHMOND","5033","CITY OF WEST TORRENS",2,0,0,0,0,2012,"December","Thursday","10:30 am","060","Multiple","Straight road","Level","Not Applicable","Sealed","Dry","Not Raining","Daylight","Rear End","02","Driver Rider","1: PDO","Traffic Signals","","",1325787.24,1669433.92,"13257871669434"
"2012-22605-27/05/2021","2 Metropolitan","CROYDON","5008","CITY OF CHARLES STURT",3,0,0,0,0,2012,"December","Thursday","03:45 pm","060","Cross Road","Straight road","Level","Not Applicable","Sealed","Dry","Not Raining","Daylight","Rear End","01","Driver Rider","1: PDO","Traffic Signals","","",1325517.03,1673428.59,"13255171673429"
"2012-22606-27/05/2021","2 Metropolitan","GLENUNGA","5064","CITY OF BURNSIDE",2,0,0,0,0,2012,"December","Thursday","05:00 pm","060","Cross Road","Straight road","Level","Not Applicable","Sealed","Dry","Not Raining","Daylight","Rear End","02","Driver Rider","1: PDO","Traffic Signals","","",,,
"2012-22607-27/05/2021","2 Metropolitan","TORRENSVILLE","5031","CITY OF WEST TORRENS",2,0,0,0,0,2012,"December","Thursday","08:00 am","060","Cross Road","Straight road","Level","Not Applicable","Sealed","Dry","Not Raining","Daylight","Right Angle","01","Driver Rider","1: PDO","Traffic Signals","","",1325429.88,1672005.77,"13254301672006"
"2012-22608-27/05/2021","2 Metropolitan","PASADENA","5042","CC MITCHAM.                   ",2,0,0,0,0,2012,"December","Thursday","05:30 pm","050","Not Divided","CURVED, VIEW OPEN","Slope","Not Applicable","Sealed","Dry","Not Raining","Daylight","Rear End","02","Driver Rider","1: PDO","No Control","","",,,
"2012-22609-27/05/2021","2 Metropolitan","PENFIELD GARDENS","5121","CITY OF PLAYFORD.",2,5,1,1,3,2012,"December","Thursday","01:20 pm","100","Cross Road","Straight road","Level","Not Applicable","Sealed","Dry","Not Raining","Daylight","Right Angle","01","Driver Rider","4: Fatal","Give Way Sign","","",1331613.48,1701754.1,"13316131701754"
"2012-22610-27/05/2021","2 Metropolitan","PLYMPTON","5038","CITY OF WEST TORRENS",2,0,0,0,0,2012,"December","Thursday","07:00 pm","060","Divided Road","Straight road","Level","Not Applicable","Sealed","Dry","Not Raining","Daylight","Rear End","02","Driver Rider","1: PDO","No Control","","",1324499.69,1666758.67,"13245001666759"
"2012-22611-27/05/2021","1 City","ADELAIDE","5000","CITY OF ADELAIDE",2,1,0,0,1,2012,"December","Thursday","07:00 pm","060","T-Junction","Straight road","Level","Not Applicable","Sealed","Dry","Not Raining","Daylight","Rear End","01","Driver Rider","2: MI","No Control","","",1326950.99,1670281.65,"13269511670282"
"2012-22612-27/05/2021","2 Metropolitan","CRAFERS","5152","THE ADELAIDE HILLS COUNCIL",2,0,0,0,0,2012,"December","Thursday","04:10 pm","100","Interchange","Straight road","Level","Not Applicable","Sealed","Dry","Not Raining","Daylight","Rear End","02","Driver Rider","1: PDO","No Control","","",1338083.44,1662299.48,"13380831662299"
"2012-22613-27/05/2021","2 Metropolitan","SEAVIEW DOWNS","5049","CC MARION.                    ",2,0,0,0,0,2012,"December","Thursday","02:30 pm","080","Divided Road","Straight road","Level","Not Applicable","Sealed","Dry","Not Raining","Daylight","Side Swipe","01","Driver Rider","1: PDO","No Control","","",1322090.5,1656750.48,"13220911656750"
"2012-22614-27/05/2021","2 Metropolitan","PARAFIELD GARDENS","5107","CITY OF SALISBURY",2,1,0,0,1,2012,"December","Thursday","08:10 pm","050","T-Junction","Straight road","Level","Not Applicable","Sealed","Dry","Not Raining","Daylight","Right Angle","02","Driver Rider","2: MI","No Control","","",1329900.62,1685036.53,"13299011685037"
"2012-22615-27/05/2021","3 Country","WHYALLA","5600","CC WHYALLA.                   ",2,0,0,0,0,2012,"December","Friday","12:10 am","110","Not Divided","CURVED, VIEW OBSCURED","Level","Not Applicable","Sealed","Dry","Not Raining","Night","Head On","02","Driver Rider","1: PDO","No Control","","",1243525.16,1895001.25,"12435251895001"
"2012-22616-27/05/2021","3 Country","CLINTON","5570","YORKE PENINSULA COUNCIL",2,0,0,0,0,2012,"December","Thursday","02:30 pm","100","T-Junction","Straight road","Level","Not Applicable","Sealed","Dry","Not Raining","Daylight","Side Swipe","02","Driver Rider","1: PDO","Give Way Sign","","",1276118.96,1749038.76,"12761191749039"
"2012-22617-27/05/2021","1 City","ADELAIDE","5000","CITY OF ADELAIDE",2,0,0,0,0,2012,"December","Friday","08:06 am","050","Multiple","Straight road","Level","Not Applicable","Sealed","Dry","Not Raining","Daylight","Side Swipe","02","Driver Rider","1: PDO","Traffic Signals","","",1327921.16,1670654.98,"13279211670655"
"2012-22618-27/05/2021","1 City","NORTH ADELAIDE","5006","CITY OF ADELAIDE",2,0,0,0,0,2012,"December","Thursday","09:45 pm","050","T-Junction","Straight road","Level","Not Applicable","Sealed","Dry","Not Raining","Night","Rear End","01","Driver Rider","1: PDO","No Control","","",1328169.17,1672951.53,"13281691672952"
"2012-22619-27/05/2021","2 Metropolitan","STURT","5047","CC MARION.                    ",2,0,0,0,0,2012,"December","Friday","08:00 am","060","Multiple","Straight road","Level","Not Applicable","Sealed","Dry","Not Raining","Daylight","Rear End","02","Driver Rider","1: PDO","Traffic Signals","","",1323558.89,1660650.4,"13235591660650"
"2012-22620-27/05/2021","2 Metropolitan","NORWOOD","5067","CC OF NORWOOD,PAYNEHAM & ST PETERS",2,0,0,0,0,2012,"December","Thursday","04:00 pm","040","Not Divided","Straight road","Level","Not Applicable","Sealed","Dry","Not Raining","Daylight","Hit Parked Vehicle","02","Driver Rider","1: PDO","No Control","","",1331743.63,1671174.15,"13317441671174"
"2012-22621-27/05/2021","2 Metropolitan","MUNNO PARA","5115","CITY OF PLAYFORD.",2,0,0,0,0,2012,"December","Friday","09:45 am","090","Divided Road","Straight road","Level","Not Applicable","Sealed","Dry","Not Raining","Daylight","Hit Fixed Object","09","Other","1: PDO","No Control","","",,,
"2012-22622-27/05/2021","2 Metropolitan","CAMPBELLTOWN","5074","CC CAMPBELLTOWN.              ",2,0,0,0,0,2012,"December","Thursday","03:10 pm","060","T-Junction","Straight road","Level","Not Applicable","Sealed","Dry","Not Raining","Daylight","Right Angle","02","Driver Rider","1: PDO","No Control","","",1335384.89,1675584.08,"13353851675584"
"2012-22623-27/05/2021","2 Metropolitan","STURT","5047","CC MARION.                    ",6,4,0,0,4,2012,"December","Thursday","08:55 am","060","Divided Road","Straight road","Level","Not Applicable","Sealed","Dry","Not Raining","Daylight","Rear End","01","Driver Rider","2: MI","No Control","","",1324175.93,1660669.08,"13241761660669"
"2012-22624-27/05/2021","3 Country","PELICAN LAGOON","5222","KANGAROO ISLAND COUNCIL",2,0,0,0,0,2012,"December","Wednesday","09:30 pm","110","Not Divided","CURVED, VIEW OPEN","Level","Unknown","Sealed","Dry","Not Raining","Night","Hit Animal","02","Animal","1: PDO","No Control","","",1253466.57,1572807.27,"12534671572807"
"2012-22625-27/05/2021","3 Country","YATINA","5493","DC OF ORROROO/CARRIETON",2,0,0,0,0,2012,"December","Thursday","09:30 pm","110","Not Divided","Straight road","Level","Not Applicable","Sealed","Dry","Not Raining","Night","Hit Animal","02","Animal","1: PDO","No Control","","",1341734.44,1889944.56,"13417341889945"
"2012-22626-27/05/2021","2 Metropolitan","GLANDORE","5037","CC MARION.                    ",2,1,0,0,1,2012,"December","Thursday","12:37 pm","050","T-Junction","Straight road","Level","Driveway or Entrance","Sealed","Dry","Not Raining","Daylight","Right Angle","02","Driver Rider","2: MI","No Control","","",1325212.73,1666369.68,"13252131666370"
"2012-22627-27/05/2021","2 Metropolitan","ALBERT PARK","5014","CITY OF CHARLES STURT",2,0,0,0,0,2012,"December","Thursday","12:00 pm","060","Divided Road","Straight road","Level","Median Opening (not at I/S)","Sealed","Dry","Not Raining","Daylight","Side Swipe","01","Driver Rider","1: PDO","No Control","","",1321543.75,1676859.17,"13215441676859"
"2012-22628-27/05/2021","2 Metropolitan","SALISBURY SOUTH","5106","CITY OF SALISBURY",3,0,0,0,0,2012,"December","Friday","11:30 am","070","Cross Road","Straight road","Level","Not Applicable","Sealed","Dry","Not Raining","Daylight","Rear End","01","Driver Rider","1: PDO","Traffic Signals","","",1332370.05,1686105.3,"13323701686105"
"2012-22629-27/05/2021","2 Metropolitan","WATERLOO CORNER","5110","CITY OF PLAYFORD.",2,1,0,0,1,2012,"December","Friday","11:20 am","090","T-Junction","Straight road","Level","Not Applicable","Sealed","Dry","Not Raining","Daylight","Right Angle","02","Driver Rider","2: MI","No Control","","",1326315.51,1696666.7,"13263161696667"
"2012-22630-27/05/2021","2 Metropolitan","HINDMARSH","5007","CITY OF CHARLES STURT",2,0,0,0,0,2012,"December","Thursday","06:10 pm","060","Divided Road","Straight road","Level","Not Applicable","Sealed","Dry","Not Raining","Daylight","Rear End","02","Driver Rider","1: PDO","No Control","","",1326306.87,1672808.48,"13263071672808"
"2012-22631-27/05/2021","3 Country","VICTOR HARBOR","5211","DC VICTOR HARBOR.             ",2,0,0,0,0,2012,"December","Friday","01:15 pm","060","Cross Road","Straight road","Level","Not Applicable","Sealed","Dry","Not Raining","Daylight","Right Angle","02","Driver Rider","1: PDO","Stop Sign","","",1328059.71,1600946.96,"13280601600947"
"2012-22632-27/05/2021","3 Country","PINNAROO","5304","SOUTHERN MALLEE DISTRICT COUNCIL",2,1,0,0,1,2012,"December","Friday","12:30 am","110","Not Divided","Straight road","Level","Not Applicable","Sealed","Dry","Not Raining","Night","Hit Animal","02","Animal","2: MI","No Control","","",,,
"2012-22633-27/05/2021","1 City","ADELAIDE","5000","CITY OF ADELAIDE",2,0,0,0,0,2012,"December","Thursday","03:30 pm","050","T-Junction","Straight road","Level","Not Applicable","Sealed","Dry","Not Raining","Daylight","Side Swipe","02","Driver Rider","1: PDO","Traffic Signals","","",1329495.76,1671170.43,"13294961671170"
"2012-22634-27/05/2021","2 Metropolitan","SALISBURY NORTH","5108","CITY OF SALISBURY",2,0,0,0,0,2012,"December","Friday","01:30 pm","060","Not Divided","Straight road","Level","Not Applicable","Sealed","Dry","Not Raining","Daylight","Rear End","02","Driver Rider","1: PDO","No Control","","",,,
"2012-22635-27/05/2021","2 Metropolitan","URRBRAE","5064","CC MITCHAM.                   ",2,0,0,0,0,2012,"December","Saturday","02:45 pm","060","Cross Road","Straight road","Level","Not Applicable","Sealed","Dry","Not Raining","Daylight","Rear End","02","Driver Rider","1: PDO","Traffic Signals","","",1332373.16,1666370.92,"13323731666371"
"2012-22636-27/05/2021","2 Metropolitan","STIRLING","5152","THE ADELAIDE HILLS COUNCIL",2,0,0,0,0,2012,"December","Thursday","04:30 pm","110","Freeway","Straight road","Slope","Not Applicable","Sealed","Dry","Not Raining","Daylight","Hit Fixed Object","01","Driver Rider","1: PDO","No Control","","",,,
"2012-22637-27/05/2021","2 Metropolitan","GOLDEN GROVE","5125","CITY OF TEA TREE GULLY",2,1,0,0,1,2012,"December","Friday","01:10 pm","060","Cross Road","Straight road","Level","Not Applicable","Sealed","Dry","Not Raining","Daylight","Hit Pedestrian","01","Driver Rider","2: MI","Traffic Signals","","",1337901.34,1685363.62,"13379011685364"
"2012-22638-27/05/2021","2 Metropolitan","SALISBURY PLAIN","5109","CITY OF SALISBURY",2,0,0,0,0,2012,"December","Thursday","06:00 pm","080","Cross Road","Straight road","Level","Not Applicable","Sealed","Dry","Not Raining","Daylight","Rear End","02","Driver Rider","1: PDO","Traffic Signals","","",1335434.47,1688134.74,"13354341688135"
"2012-22639-27/05/2021","2 Metropolitan","TORRENSVILLE","5031","CITY OF WEST TORRENS",2,0,0,0,0,2012,"December","Friday","03:15 pm","060","Divided Road","Straight road","Level","Not Applicable","Sealed","Dry","Not Raining","Daylight","Rear End","02","Driver Rider","1: PDO","No Control","","",1324457.92,1670957.95,"13244581670958"
"2012-22640-27/05/2021","2 Metropolitan","ST AGNES","5097","CITY OF TEA TREE GULLY",2,1,0,0,1,2012,"December","Friday","04:10 pm","060","Cross Road","Straight road","Crest of Hill","Not Applicable","Sealed","Dry","Not Raining","Daylight","Rear End","01","Driver Rider","2: MI","Traffic Signals","","",1339724.44,1681901.93,"13397241681902"
"2012-22641-27/05/2021","2 Metropolitan","ANDREWS FARM","5114","CITY OF PLAYFORD.",2,0,0,0,0,2012,"December","Friday","01:30 pm","050","T-Junction","Unknown","Level","Not Applicable","Sealed","Dry","Not Raining","Daylight","Right Angle","02","Driver Rider","1: PDO","No Control","","",1335036.69,1698759.17,"13350371698759"
"2012-22642-27/05/2021","2 Metropolitan","ASCOT PARK","5043","CC MARION.                    ",2,0,0,0,0,2012,"December","Friday","03:30 pm","050","Not Divided","Straight road","Level","Driveway or Entrance","Sealed","Dry","Not Raining","Daylight","Right Angle","02","Driver Rider","1: PDO","No Control","","",1324351.74,1664497.87,"13243521664498"
"2012-22643-27/05/2021","2 Metropolitan","WOODSIDE","5244","THE ADELAIDE HILLS COUNCIL",2,1,1,0,0,2012,"December","Friday","11:05 am","080","Not Divided","Straight road","Level","Not Applicable","Sealed","Dry","Not Raining","Daylight","Rear End","01","Driver Rider","4: Fatal","No Control","","",1356078.65,1668892.35,"13560791668892"
"2012-22644-27/05/2021","2 Metropolitan","ELIZABETH NORTH","5113","CITY OF PLAYFORD.",2,1,0,0,1,2012,"December","Friday","04:00 pm","080","Cross Road","Straight road","Level","Not Applicable","Sealed","Dry","Not Raining","Daylight","Rear End","02","Driver Rider","2: MI","Traffic Signals","","",1336943,1695475.26,"13369431695475"
"2012-22645-27/05/2021","2 Metropolitan","ELIZABETH PARK","5113","CITY OF PLAYFORD.",2,0,0,0,0,2012,"December","Friday","04:15 pm","060","Divided Road","Straight road","Level","Not Applicable","Sealed","Dry","Not Raining","Daylight","Rear End","02","Driver Rider","1: PDO","No Control","","",,,
"2012-22646-27/05/2021","3 Country","TRURO","5356","LIGHT REGIONAL COUNCIL",1,0,0,0,0,2012,"December","Thursday","10:00 am","110","Not Divided","Straight road","Level","Not Applicable","Sealed","Dry","Not Raining","Daylight","Other","01","Driver Rider","1: PDO","No Control","","",1374649.62,1725243.3,"13746501725243"
"2012-22647-27/05/2021","2 Metropolitan","OAKLANDS PARK","5046","CC MARION.                    ",2,0,0,0,0,2012,"December","Friday","04:30 pm","050","Cross Road","CURVED, VIEW OPEN","Level","Not Applicable","Sealed","Dry","Not Raining","Daylight","Right Angle","02","Driver Rider","1: PDO","Give Way Sign","","",1323579.92,1661080.38,"13235801661080"
"2012-22648-27/05/2021","2 Metropolitan","SALISBURY PARK","5109","CITY OF SALISBURY",2,0,0,0,0,2012,"December","Friday","05:20 pm","080","Divided Road","Straight road","Level","Not Applicable","Sealed","Dry","Not Raining","Daylight","Rear End","02","Driver Rider","1: PDO","No Control","","",,,
"2012-22649-27/05/2021","2 Metropolitan","O'HALLORAN HILL","5158","CC MARION.                    ",2,0,0,0,0,2012,"December","Friday","02:40 pm","080","T-Junction","Straight road","Level","Not Applicable","Sealed","Dry","Not Raining","Daylight","Rear End","02","Driver Rider","1: PDO","Traffic Signals","","",1324329.37,1656621.38,"13243291656621"
"2012-22650-27/05/2021","2 Metropolitan","MONTACUTE","5134","THE ADELAIDE HILLS COUNCIL",2,0,0,0,0,2012,"December","Friday","02:50 pm","080","Not Divided","CURVED, VIEW OBSCURED","Slope","Not Applicable","Sealed","Dry","Not Raining","Daylight","Head On","02","Driver Rider","1: PDO","No Control","","",1342605.52,1673728.36,"13426061673728"
"2012-22651-27/05/2021","2 Metropolitan","EDWARDSTOWN","5039","CC MARION.                    ",2,0,0,0,0,2012,"December","Friday","06:40 pm","050","Cross Road","Straight road","Crest of Hill","Not Applicable","Sealed","Dry","Not Raining","Daylight","Rear End","02","Driver Rider","1: PDO","Stop Sign","","",1325678.38,1665412.58,"13256781665413"
"2012-22652-27/05/2021","2 Metropolitan","SALISBURY NORTH","5108","CITY OF SALISBURY",3,0,0,0,0,2012,"December","Friday","06:30 pm","060","Not Divided","Straight road","Level","Not Applicable","Sealed","Dry","Not Raining","Daylight","Rear End","02","Driver Rider","1: PDO","No Control","","",1330957.7,1691666.67,"13309581691667"
"2012-22653-27/05/2021","2 Metropolitan","UNDERDALE","5032","CITY OF WEST TORRENS",2,0,0,0,0,2012,"December","Friday","04:40 pm","060","T-Junction","Straight road","Level","Not Applicable","Sealed","Dry","Not Raining","Daylight","Right Angle","02","Driver Rider","1: PDO","No Control","","",1324328.3,1670954.65,"13243281670955"
"2012-22654-27/05/2021","1 City","ADELAIDE","5000","CITY OF ADELAIDE",2,0,0,0,0,2012,"December","Friday","07:00 pm","050","Cross Road","Straight road","Level","Not Applicable","Sealed","Dry","Not Raining","Daylight","Right Turn","02","Driver Rider","1: PDO","Traffic Signals","","",1329249.26,1670368.51,"13292491670369"
"2012-22655-27/05/2021","2 Metropolitan","HYDE PARK","5061","CITY OF UNLEY",2,0,0,0,0,2012,"December","Friday","01:00 pm","050","Not Divided","Straight road","Level","Driveway or Entrance","Sealed","Dry","Not Raining","Daylight","Right Angle","02","Driver Rider","1: PDO","No Control","","",1328478,1667482.04,"13284781667482"
"2012-22656-27/05/2021","2 Metropolitan","ROYAL PARK","5014","CITY OF CHARLES STURT",2,0,0,0,0,2012,"December","Friday","04:20 pm","060","Cross Road","Straight road","Level","Not Applicable","Sealed","Dry","Not Raining","Daylight","Rear End","02","Driver Rider","1: PDO","Traffic Signals","","",1320681.7,1677608.59,"13206821677609"
"2012-22657-27/05/2021","2 Metropolitan","FINDON","5023","CITY OF CHARLES STURT",3,1,0,0,1,2012,"December","Friday","07:45 pm","060","T-Junction","Straight road","Level","Not Applicable","Sealed","Dry","Not Raining","Daylight","Hit Pedestrian","01","Driver Rider","2: MI","Give Way Sign","","",1321607.69,1674706.62,"13216081674707"
"2012-22658-27/05/2021","2 Metropolitan","TAPEROO","5017","CITY OF PORT ADELAIDE ENFIELD",2,1,0,0,1,2012,"December","Friday","03:20 pm","060","Cross Road","Straight road","Slope","Not Applicable","Sealed","Dry","Not Raining","Daylight","Right Angle","01","Driver Rider","2: MI","Give Way Sign","","",1319467.94,1683563.08,"13194681683563"
"2012-22659-27/05/2021","2 Metropolitan","FIRLE","5070","CC OF NORWOOD,PAYNEHAM & ST PETERS",2,1,0,0,1,2012,"December","Friday","07:50 pm","050","Not Divided","Straight road","Level","Not Applicable","Sealed","Dry","Not Raining","Daylight","Hit Pedestrian","02","Pedestrian","2: MI","No Control","","",1333815.65,1672697.21,"13338161672697"
"2012-22660-27/05/2021","2 Metropolitan","GULFVIEW HEIGHTS","5096","CITY OF SALISBURY",2,0,0,0,0,2012,"December","Friday","09:00 pm","060","T-Junction","Straight road","Level","Not Applicable","Sealed","Dry","Not Raining","Night","Side Swipe","02","Driver Rider","1: PDO","No Control","","",1334401.54,1684167.84,"13344021684168"
"2012-22661-27/05/2021","2 Metropolitan","FORESTVILLE","5035","CITY OF UNLEY",3,0,0,0,0,2012,"December","Friday","10:44 pm","060","T-Junction","Straight road","Level","Not Applicable","Sealed","Dry","Not Raining","Night","Side Swipe","01","Driver Rider","1: PDO","Traffic Signals","","",1326320.33,1668149.85,"13263201668150"
"2012-22662-27/05/2021","2 Metropolitan","TROTT PARK","5158","CC MARION.                    ",2,0,0,0,0,2012,"December","Saturday","12:15 am","050","T-Junction","Straight road","Slope","Not Applicable","Sealed","Dry","Not Raining","Night","Hit Fixed Object","01","Driver Rider","1: PDO","Roundabout","","",1322129.86,1653655.53,"13221301653656"
"2012-22663-27/05/2021","2 Metropolitan","UPPER STURT","5156","CC MITCHAM.                   ",2,1,0,1,0,2012,"December","Saturday","03:30 am","060","Not Divided","CURVED, VIEW OBSCURED","Slope","Unknown","Sealed","Dry","Not Raining","Night","Hit Fixed Object","01","Driver Rider","3: SI","No Control","Y","",1333195.81,1659753.55,"13331961659754"
"2012-22664-27/05/2021","2 Metropolitan","VALLEY VIEW","5093","CITY OF SALISBURY",2,1,0,0,1,2012,"December","Saturday","04:40 am","060","Not Divided","Straight road","Level","Not Applicable","Sealed","Dry","Not Raining","Night","Hit Fixed Object","01","Driver Rider","2: MI","No Control","","Y",,,
"2012-22665-27/05/2021","3 Country","LOWER INMAN VALLEY","5211","DC VICTOR HARBOR.             ",2,0,0,0,0,2012,"December","Saturday","04:20 am","100","Not Divided","Straight road","Slope","Not Applicable","Sealed","Dry","Not Raining","Night","Hit Fixed Object","01","Driver Rider","1: PDO","No Control","","",1322386.23,1608051.5,"13223861608052"